신고일,품목명,업체명,공급부족예상일,공급부족사유,환자치료영향,정상화계획,정상화예상일,재고기준일,재고량,EDI코드
2026-10-01,스카이바리셀라주(수두생바이러스백신),에스케이바이오사이언스(주),2026-10-12,"공정 최적화에 따른 허가 변경이 필요하여 변경허가를 신청하였으며, 변경허가 승인 전까지 일시적으로 생산을 중단합니다.","타 사의 수두백신이 공급중인 바, 환자 치료에 큰 영향을 미치지 않을 것으로 판단됩니다. 다만, 해당 품목의 빠른 공급 안정화를 도모하여 장기적으로 공급에 영향을 미치지 않도록 만전을 기하겠습니다.","허가 변경이 완료되는 대로 공급 정상화될수 있도록 할 예정이며, 이후 공급에 차질이 없도록 하겠습니다.​",2027-03-18,2026-10-12,10000,8800564000520
2026-09-15,엔독산주500mg(시클로포스파미드),부광약품(주),2026-10-12,수입 후 실시한 품질시험(무균시험) 기준일탈에 따른 출하 보류(미출하),"동일 성분 대체제는 없으며, 시클로포스파미드는 7개 적응증에 대한 단독 또는 병용 항암요법에 포함되어 있습니다. 환자별로 적합한 치료 요법은 환자의 개별 특성에 따른 의료 전문가의 판단이 필요하나, 「암환자에게 처방･투여하는 약제에 대한 요양급여의 적용기준 및 방법에 관한 세부사항」을 고려할 때, 시클로포스파미드 주사제가 포함된 치료 요법의 대체와 관련하여 첨부드린 자료를 참고할 수 있을 것으로 사료됩니다.","10월 중순 입고예정으로 입고 즉시 최우선으로 품질시험을 진행할 예정이며, 11월 내에 공급 부족이 해소될 것으로 예상됩니다.",2026-11-09,2026-09-15,"19,609",8806422016719
2026-09-08,옥시콘틴서방정80mg(옥시코돈염산염),한국먼디파마 유한회사,2026-09-30,"입고된 수량에 대비하여 시장 출고량이 현저히 높아짐에 따라, 국내 창고 물량의 빠른 소진 및 일시적인 국내 시장 공급 어려움이 예상되었습니다. 이에 따라, 해외 완제의약품 수입을 빠르게 진행하고자 하였으나, 현지 완제의약품 출고가 지연되고 있습니다.",옥시콘틴서방정의 일시적인 부족이 환자 치료에 미치는 영향은 제한적일 것으로 사료됩니다. 시장에는 옥시콘틴과 동일한 유효성분을 함유한 제네릭 의약품이 이미 유통되고 있습니다.,빠른 시일 내 공급정상화가 되도록 노력하겠습니다.,2026-11-02,2026-09-03,3630,8806780001631
2026-09-08,옥시콘틴서방정40밀리그램(옥시코돈염산염),한국먼디파마 유한회사,2027-01-29,"입고된 수량에 대비하여 시장 출고량이 현저히 높아짐에 따라, 국내 창고 물량의 빠른 소진 및 일시적인 국내 시장 공급 어려움이 예상되었습니다. 이에 따라, 해외 완제의약품 수입을 빠르게 진행하고자 하였으나, 현지 완제의약품 출고가 지연되고 있습니다.",옥시콘틴서방정의 일시적인 부족이 환자 치료에 미치는 영향은 제한적일 것으로 사료됩니다. 시장에는 옥시콘틴과 동일한 유효성분을 함유한 제네릭 의약품이 이미 유통되고 있습니다.,빠른 시일 내 공급정상화가 되도록 노력하겠습니다.,2027-03-01,2026-08-20,12090,8806780001136
2026-09-08,옥시콘틴서방정20밀리그램(옥시코돈염산염),한국먼디파마 유한회사,2026-11-16,"입고된 수량에 대비하여 시장 출고량이 현저히 높아짐에 따라, 국내 창고 물량의 빠른 소진 및 일시적인 국내 시장 공급 어려움이 예상되었습니다. 이에 따라, 해외 완제의약품 수입을 빠르게 진행하고자 하였으나, 현지 완제의약품 출고가 지연되고 있습니다.",옥시콘틴서방정의 일시적인 부족이 환자 치료에 미치는 영향은 제한적일 것으로 사료됩니다. 시장에는 옥시콘틴과 동일한 유효성분을 함유한 제네릭 의약품이 이미 유통되고 있습니다.,빠른 시일 내 공급정상화가 되도록 노력하겠습니다.,2027-03-01,2026-08-20,19500,8806780001037
2026-09-08,옥시콘틴서방정10밀리그램(옥시코돈염산염),한국먼디파마 유한회사,2027-02-15,"입고된 수량에 대비하여 시장 출고량이 현저히 높아짐에 따라, 국내 창고 물량의 빠른 소진 및 일시적인 국내 시장 공급 어려움이 예상되었습니다. 이에 따라, 해외 완제의약품 수입을 빠르게 진행하고자 하였으나, 현지 완제의약품 출고가 지연되고 있습니다.",옥시콘틴서방정의 일시적인 부족이 환자 치료에 미치는 영향은 제한적일 것으로 사료됩니다. 시장에는 옥시콘틴과 동일한 유효성분을 함유한 제네릭 의약품이 이미 유통되고 있습니다.,빠른 시일 내 공급정상화가 되도록 노력하겠습니다.,2027-03-01,2026-08-20,30000,8806780000931
2026-09-03,지트람엑스엘서방정200밀리그람(트라마돌염산염),한국먼디파마(유),2026-10-01,"입고된 수량에 대비하여 시장 출고량이 현저히 높아짐에 따라, 국내 창고 물량의 빠른 소진 및 일시적인 국내 시장 공급 어려움이 예상되었습니다. 이에 따라, 해외 완제의약품 수입을 빠르게 진행하고자 하였으나, 현지 완제의약품 출고가 지연되고 있습니다.","환자에 미치는 영향을 검토해보았을 때, 지트람엑스엘서방정의 일시적인 공급 부족이 환자 치료의 연속성 및 치료 결과에 미치는 영향은 제한적일 것으로 판단됩니다. 현재 거래 중인 도매상에 일부 안전재고가 확보되어 있으며, 국내에는 동일 주성분(트라마돌염산염)의 대체 치료제가 다수 허가 및 유통되고 있습니다. 또한 의료진의 임상적 판단에 따라 적절한 대체 처방이 가능한 점을 고려하였습니다.",빠르게 공급정상화가 되도록 노력하겠습니다.,2026-11-20,2026-08-19,"28,230",8806780001518
2026-09-03,지트람엑스엘서방정150밀리그람(트라마돌염산염),한국먼디파마(유),2026-10-01,"해당제품의 입고된 수량에 대비하여 시장 출고량이 현저히 높아짐에 따라, 국내 창고 물량의 빠른 소진 및 일시적인 국내 시장 공급 어려움이 예상되었습니다. 이에 따라, 해외 완제의약품 수입을 빠르게 진행하고자 하였으나, 현지 완제의약품 출고가 지연되어, 공급부족이 발생하게 되었습니다.","환자에 미치는 영향을 검토해보았을 때, 지트람엑스엘서방정의 일시적인 공급 부족이 환자 치료의 연속성 및 치료 결과에 미치는 영향은 제한적일 것으로 판단됩니다. 현재 거래 중인 도매상에 일부 안전재고가 확보되어 있으며, 국내에는 동일 주성분(트라마돌염산염)의 대체 치료제가 다수 허가 및 유통되고 있습니다. 또한 의료진의 임상적 판단에 따라 적절한 대체 처방이 가능한 점을 고려하였습니다.",빠른시일 내 공급정상화가 되도록 노력하겠습니다.,2026-11-20,2026-08-19,41220,8806780001419
2026-09-01,다나큐아크림,광동제약(주),2026-09-01,제조원 문제에 따른 공급중단,협의 후 기재 예정,"충전 공정 일탈 발생 즉시 제조원과 협의하여 후속 생산을 위한 튜브발주를 진행하였으며, 튜브 입고시점에 맞춰 생산계획 수립하여 공급일정 확인 예정",2026-11-01,2026-09-01,0,8806418066117
2026-08-12,화이자시타라빈주100mg/5ml,한국화이자제약(주),2026-08-18,자연재해로 인한 일시적 생산 중단,"화이자시타라빈(cytarabine)은 급성백혈병, 적백혈병, 만성골수성백혈병의 급성전환기 및 일부 고형암의 병용 항암요법에 사용되는 항암제입니다. 공급부족이 발생할 경우 일부 환자에서 치료 일정 조정 또는 치료계획 변경이 필요할 수 있습니다. 다만 환자의 질환 상태, 치료 목적 및 치료 단계에 따라 의료진의 판단 하에 적절한 대체 치료전략 또는 대체 의약품을 고려할 수 있습니다. 따라서 환자에 미치는 영향은 개별 환자의 임상적 상황에 따라 다를 수 있으며, 치료 연속성 유지를 위해 의료진의 적절한 검토 및 처방 조정이 필요할 수 있습니다.",당사는 제조원과의 긴밀한 협의를 통해 생산 및 수입 일정을 최적화하여 국내 공급 정상화 시점을 최대한 앞당기고자 합니다. 또한 의료기관 및 유통업체와 지속적으로 소통하여 환자 치료의 연속성 유지와 시장 안정화에 만전을 기할 예정입니다.,2028-12-31,2026-08-05,"1,647",8806489033124
2026-08-12,화이자시타라빈주,한국화이자제약(주),2026-08-18,자연재해로 인한 일시적 생산 중단,"화이자시타라빈(cytarabine)은 급성백혈병, 적백혈병, 만성골수성백혈병의 급성전환기 및 일부 고형암의 병용 항암요법에 사용되는 항암제입니다. 공급부족이 발생할 경우 일부 환자에서 치료 일정 조정 또는 치료계획 변경이 필요할 수 있습니다. 다만 환자의 질환 상태, 치료 목적 및 치료 단계에 따라 의료진의 판단 하에 적절한 대체 치료전략 또는 대체 의약품을 고려할 수 있습니다. 따라서 환자에 미치는 영향은 개별 환자의 임상적 상황에 따라 다를 수 있으며, 치료 연속성 유지를 위해 의료진의 적절한 검토 및 처방 조정이 필요할 수 있습니다.",당사는 제조원과의 긴밀한 협의를 통해 생산 및 수입 일정을 최적화하여 국내 공급 정상화 시점을 최대한 앞당기고자 합니다. 또한 의료기관 및 유통업체와 지속적으로 소통하여 환자 치료의 연속성 유지와 시장 안정화에 만전을 기할 예정입니다.,2028-12-31,2026-08-05,"4,740",8806489032813
2026-08-12,현대테노레틱정,현대약품(주),2026-09-01,생산 일정 지연에 따른 일시적 공급 차질,본 제품과 효능효과가 동일한 약제가 많이 처방되고 있어 환자 치료에 문제가 발생될 가능성은 없을 것으로 판단됨.,추가 공급을 통해 2026년 12월 1일 정상화 예상됨.,2026-12-01,2026-08-12,98300,"8806420013413,8806420013420"
2026-08-07,자이복스정600밀리그람(리네졸리드),한국화이자제약(주),2026-08-18,제조원의 API 생산 지연,"자이복스정(리네졸리드)은 황색포도상구균(MRSA), 반코마이신 내성 장알균(VRE) 등을 포함한 그람양성균 감염 치료에 사용되는 항생제로, 병원내감염 폐렴, 지역감염 폐렴, 합병증을 동반한 피부 및 연조직 감염 등의 치료에 사용되고 있습니다. 공급부족이 발생할 경우 일부 환자에서 경구 치료 선택에 제한이 발생할 수 있으나, 동일 성분 주사제 또는 환자의 감염 원인균, 감염 부위 및 임상 상태에 따라 의료진의 판단 하에 기타 대체 항균제 사용을 고려할 수 있으므로 환자 안전에 대한 영향은 제한적일 것으로 판단됩니다. 다만 개별 환자의 치료 연속성을 유지하기 위해서는 의료진이 적절한 대체 치료 여부를 검토할 필요가 있으며, 치료 형태 변경 및 처방 조정이 필요할 수 있어 의료진의 임상적 판단이 요구됩니다. 아울러 시장 내 동일 성분의 제네릭(HK이노엔:씨네졸리드 정 / 영진약품 : 리네졸린 정)이 유통되고 있으니 참고 부탁드립니다.",운송 수단 변경으로 공급 가속화,2026-12-01,2026-08-07,562,8806489007118
2026-08-07,"벤코드주25밀리그램(벤다무스틴염산염),벤코드주100밀리그램(벤다무스틴염산염)",(주)보령,2026-08-08,해외제조소 소재지의 천재지변에 따른 공급 차질로 수입 지연,"본 의약품과 성분 및 효능·효과가 동일한 당사 제품 '벤코드주 25밀리그램'이 정상 출고 중이며, 동일 성분·동일 용량의 타사 제품 '벤다리드주 100밀리그램'으로도 대체가 가능하여 환자 치료에 미치는 영향은 미미할 것으로 예상됨",수입 예정 물량의 최우선적 품질관리 및 출하 절차 진행을 통한 공급 안정화 추진,2026-09-18,2026-08-07,21,"8806419077310,8806419077303"
2026-08-04,젤독스캡슐80밀리그램(지프라시돈염산염일수화물),비아트리스코리아(주),2026-08-10,"등록규격에 적합한 원료 생산 지연 (상세: API 미지 유연물질 산출 시 보정계수 미적용이 확인되어 재평가 결과 일부 원료에서 기준 초과가 확인되었음. 완제품 품질시험 결과는 모두 적합하였으며 품질 및 안전성 영향은 무시할 수 있는 수준. 현재 식약처 관리과에 보고되어 협의 중이며, 적합 원료 사용 제품 수입은 10월 예정으로 그 전까지 공급부족이 예상됨)","젤독스는 '조현병 치료' 및 '양극성 장애 1형의 치료'에 적응증이 있습니다. 또한 '2019 한국형 조현병 약물치료 지침'에서 조현병 환자에게 1단계로 권고되는 비정형 항정신병 약물 중 하나입니다. 조현병 치료에서 가장 중요한 부분은 '조현병 재발 방지'로 이를 위해 환자가 기왕에 복용하던 기존약물을 연속성 있게 복용하며 약물치료를 유지하는 것이 중요합니다. 젤독스의 급성 또는 초기 치료 용법은 하루 40mg 2회 복용이며, 이후 용량을 조절합니다. 80mg 품절의 경우에는 40mg+40mg BID 또는 20mg+60mg BID 로 대체할 수 있습니다. 이는 동일성분/동일용량 대체로 약리학적으로 예측가능하며 합리적인 선택입니다. 이를 통해 환자들은 안정적으로 조현병 치료를 이어갈 수 있습니다. 참고로, 현재 젤독스와 동일성분의 제네릭 약물은 국내에 시판되고 있지 않습니다. 물론 복용약물의 용량이 바뀜으로써 약물 복용시 환자들의 불편이 야기될 수 있기에 품절기간을 최소화하도록 노력하겠습니다.","폐사는 수입 및 가용화 정상화를 위해 공급처와 긴밀하게 논의하고 있습니다. 현재로서 가능한 빠른 다음 수입 일정은 10월 중 으로 예상되며, 이에 따라서 10월 19일 주 이후 공급이 다시 가능할 수 있을 것으로 사료 됩니다. 수입 및 가용화 일정을 앞당기기 위해 노력하여 신속하게 공급정상화 될 수 있도록 최선을 다하겠습니다.",2026-11-20,2026-08-03,0,8800734001111
2026-08-04,젤독스캡슐40밀리그램(지프라시돈염산염일수화물),비아트리스코리아(주),2026-08-10,"등록규격에 적합한 원료 생산 지연 (상세: API 미지 유연물질 산출 시 보정계수 미적용이 확인되어 재평가 결과 일부 원료에서 기준 초과가 확인되었음. 완제품 품질시험 결과는 모두 적합하였으며 품질 및 안전성 영향은 무시할 수 있는 수준. 현재 식약처 관리과에 보고되어 협의 중이며, 적합 원료 사용 제품 수입은 10월 예정으로 그 전까지 공급부족이 예상됨)","젤독스는 '조현병 치료' 및 '양극성 장애 1형의 치료'에 적응증이 있습니다. 또한 '2019 한국형 조현병 약물치료 지침'에서 조현병 환자에게 1단계로 권고되는 비정형 항정신병 약물 중 하나입니다. 조현병 치료에서 가장 중요한 부분은 '조현병 재발 방지'로 이를 위해 환자가 기왕에 복용하던 기존약물을 연속성 있게 복용하며 약물치료를 유지하는 것이 중요합니다. 젤독스의 급성 또는 초기 치료 용법은 하루 40mg 2회 복용이며, 이후 용량을 조절합니다. 40mg가 품절될 경우, 20mg 2캡슐을 하루 2회 복용하는 것으로 대체할 수 있습니다. 이는 동일성분/동일용량 대체로 약리학적으로 예측가능하며 합리적인 선택입니다. 이를 통해 환자들은 안정적으로 조현병 치료를 이어갈 수 있습니다. 참고로, 현재 젤독스와 동일성분의 제네릭 약물은 국내에 시판되고 있지 않습니다. 물론 복용약물의 용량이 바뀜으로써 약물 복용시 환자들의 불편이 야기될 수 있기에 품절기간을 최소화하도록 노력하겠습니다.","폐사는 수입 및 가용화 정상화를 위해 공급처와 긴밀하게 논의하고 있습니다. 현재로서 가능한 빠른 다음 수입 일정은 10월 중 으로 예상되며, 이에 따라서 10월 19일 주 이후 공급이 다시 가능할 수 있을 것으로 사료 됩니다. 수입 및 가용화 일정을 앞당기기 위해 노력하여 신속하게 공급정상화 될 수 있도록 최선을 다하겠습니다.",2026-11-20,2026-08-03,0,8800734001210
2026-07-30,이지롱내복액,(주)에이프로젠바이오로직스,2026-07-30,생산일정 지연으로 인한 공급부족,"자사 해당 품목과 동일한 품목인 ㈜삼성제약의 스피롱액이 있으며 동제품이 계속 생산, 공급되는 경우 자사 제품의 공급 중단 이후에도 공급부족 발생 가능성은 낮을 것으로 사료됨.",10월 생산 및 11월 공급을 목표로 일정 조율 중입니다.,2026-12-01,2026-07-30,0,8806452023510
2026-07-28,조프란자이디스정4밀리그램(온단세트론),삼일제약(주),2026-08-10,표준품 수급 문제로 인한 생산 지연,"한미약품의 온단트정 등 다수의 제네릭 제품이 유통 중으로, 환자의 불편은 적을 것으로 판단 됨",2026년 09월 02일 이후 정상 공급 가능 예상,2026-09-01,2026-07-28,65,"8806439041001,8806500010905,8806536028806,8806439041018,8806500010912,8806536028813"
2026-07-14,"트로페린점안액(트로픽아미드,페닐레프린)(1회용)",한미약품(주),2026-07-29,주성분 트로픽아미드 원료 수급 이슈로 공급 차질 발생,"동일효능 단일제(트로픽아미드, 아트로핀, 시클로펜톨레이트, 호마트로핀) 5품목 국내 유통 중이며, 동일성분 동일효능 복합제 1품목 국내 유통 중","- ’26.2월 신규 제조원 추가를 위한 변경허가 민원 신청하였으나(접수번호:20260040131), 보완자료 구비 일정으로 인하여 ’26.10월 민원 재신청 예정 - ’26.12월 완제품 생산 및 ’27.1월 공급재개 예정 - 폐사에서는 품절 장기화를 방지하기 위하여 변경허가의 조속한 완료를 추진하고 있으며, 규제기관과 긴밀히 협력하여 공급 정상화 시기를 최대한 앞당길 수 있도록 최선을 다하겠습니다.",2027-01-05,2026-07-14,8208,8806435057426
2026-07-13,베타딘드라이파우더스프레이,지피테라퓨틱스코리아주식회사,2026-08-31,"베타딘드라이파우더스프레이(포비돈요오드)는 저희 지피테라퓨틱스코리아(주)에서 국내에 수입 및 공급하고 있습니다. 2026년 6월 11일에 글로벌 품목소유권자인 iNova Pharmaceuticals 측의 요청으로 판매중이던 재고를 출하중지 하였습니다. 이에 일시적으로 공급이 부족할 가능성이 있어서 공급부족 보고를 하게 되었습니다. 현재 신속한 공급 재개를 위하여 iNova Pharmaceuticals 와 논의 중에 있으며, 조속하게 국내에 공급이 재개될 수 있도록 노력하겠습니다.","베타딘드라이파우더스프레이(포비돈요오드)는 포비돈요오드를 주 성분으로 하는 상처의 살균소독하는데 사용되는 의약품입니다. 따라서, 상처의 살균소독을 진행하기 위한 환자들에게 영향을 미칠 수 있습니다. 다만, 현재 포비돈요오드를 주 성분으로 하는 다른 제형의 살균소독제(예시. 포비돈요오드스틱제형, 포비돈요오드액제형 포비돈요오드연고제형 등)들이 다양하게 유통되고 있으므로 환자의 치료에 미치는 영향은 크지 않을 것으로 예상됩니다.",현재 폐사에서는 글로벌 품목 소유권자인 iNova Pharmaceuticals 측과 긴밀하게 논의 중이며 가능한 빨리 재공급될 수 있도록 최선을 다하겠습니다.,2027-03-31,2026-07-13,0,8800572001915
2026-07-10,녹십자-알부민주5%(사람혈청알부민),(주)녹십자,2026-07-10,"현재 알부민주5% 100mL의 공급 부족은 시장 내 수요 증가에 기인한 것입니다. 주제형인 알부민주5% 250mL의 수요가 지속적으로 증가함에 따라, 대체품으로 사용되는 알부민주5% 100mL의 수요 또한 함께 증가하여 일시적으로 공급이 원활하지 않은 상황이 발생하였습니다. 아울러, 해당 제품은 원료 확보, 제조 및 품질시험을 거쳐 출하에 이르기까지 상당한 기간이 소요되는 혈장분획제제의 특성상 단기간 내 생산량 확대에 한계가 있는 상황입니다. 현재 생산 일정 조정 및 재고 확보를 통해 공급 정상화를 추진 중이며, 가능한 한 신속히 안정적인 공급이 이루어질 수 있도록 지속적으로 관리할 예정입니다.",동일 제품 타 용량 및 경쟁사 대체품이 존재하기에 환자 치료에 미치는 영향은 크지 않을 것으로 판단됩니다. 그러나 장기적으로 환자의 위험도를 최소화하기 위해서 최대한 생산일정을 조율하여 의료현장에 미치는 영향을 최소화할 수 있도록 최선을 다하겠습니다.,"환자에게 미치는 영향을 최소화하기 위해 의료기관 및 도매상에 공급 부족 관련 내용을 공유하고 있으며, 가장 빠른 시일 내 정상적인 공급을 재개할 수 있도록 최선을 다할 것입니다.",2026-09-02,2026-07-10,0,8806436004917
2026-06-25,나박점안액(엔-아세틸아스파틸글루타민산나트륨),삼일제약(주),2026-07-30,제조사의 생산 일정 문제로 제조 지연,"국내에서 동일 성분 대체품은 없지만 동일 적응증(알레르기성 결막염 및 안검결막염)에 사용되는 안과용 항알레르기 점안제 중 비만세포 안정화 작용을 보유한 Cromoglicic Acid, Pemirolast Potassium 및 Olopatadine, Ketotifen, Epinastine 제제가 치료학적 대체의약품으로 사용 가능할 것으로 판단된다. 특히 약리기전 측면에서는 Cromoglicic Acid 및 Pemirolast Potassium이 가장 유사하며, 실제 국내 임상 사용 측면에서는 Olopatadine 또는 Ketotifen 제제가 가장 현실적인 대체 치료수단으로 판단되어 환자 치료에 큰 공백은 없을 것으로 판단 됨.",제조소 생산 일정 정상화 후 생산 재게 예정,2027-01-01,2026-06-25,111,"8806439000503,8806439000510,8806439000527"
2026-06-19,이지에프외용액0.005%(재조합인간상피세포성장인자),(주)대웅제약,2026-06-08,"이지에프외용액0.005%는 분사량 관련 소비자 클레임에 따라 2026년 3월 용기 개선을 결정하였으며, 당시 약 3개월분의 재고를 확보하고 있어 환자 치료에 미치는 영향은 없을 것으로 판단하였습니다. 그러나 2026년 6월 초 예상치 못한 수요 급증으로 재고가 조기 소진되어 2026년 6월 8일자로 일시적인 공급부족이 발생하였습니다.","이지에프외용액0.005%는 2026년 6월 8일 기준 시장 내 도매 및 약국 재고는 약 540개(약 2.5개월분)로 확인되었으며, 2026년6월 25일자로 약 600개가 공급될 예정입니다. 이를 종합적으로 고려할 때 치료 공백 발생 가능성은 낮은 수준으로 판단되며, 환자 치료에 중대한 영향을 미치지 않을 것으로 판단됩니다.","이지에프외용액0.005%의 용기 개선 작업은 당초 계획보다 다소 지연되었으나, 당사는 2026년 6월 11일 즉시 생산에 착수하여 현재 생산을 진행 중입니다. 이를 통해 발생한 일시적인 공급 부족 상황을 조속히 해소하고자 합니다. 또한 후속 배치 생산 계획을 수립하였으며, 해당 배치 출하 시 충분한 안전 재고를 확보하여 향후 안정적인 공급 체계가 유지될 것으로 예상됩니다.",2026-06-25,2026-06-19,0,8806416021224
2026-06-19,로푸록스겔(시클로피록스),(주)한독,2026-06-30,튜브 자재 수입일정 지연,"로푸록스겔(시클로피록스)은 족부백선 등 경증 표재성 피부 진균 감염에 사용되는 일반의약품(외용 항진균제)으로, 동일 적응증에 사용 가능한 대체 약물(테르비나핀 크림·겔, 클로트리마졸 크림 등)이 다수 유통되고 있어 환자 치료에 미치는 영향은 미미한 것으로 판단됨.",튜브 자재 수입 일정을 최대한 앞당겨 조기 생산재개 목표,2026-11-24,2026-06-01,2939,"8806521002606,8806521002613"
2026-06-18,녹십자-알부민주20%(사람혈청알부민),(주)녹십자,2026-06-18,"현재 알부민주20% 50mL의 공급 부족은 시장 내 수요 증가에 기인한 것입니다. 주포장단위인 알부민주20% 100mL의 수요가 지속적으로 증가함에 따라, 대체품으로 사용되는 알부민주20% 50mL의 수요 또한 함께 증가하여 일시적으로 공급이 원활하지 않은 상황이 발생하였습니다. 아울러, 해당 제품은 원료 확보, 제조 및 품질시험을 거쳐 출하에 이르기까지 상당한 기간이 소요되는 혈장분획제제의 특성상 단기간 내 생산량 확대에 한계가 있는 상황입니다. 현재 생산 일정 조정 및 재고 확보를 통해 공급 정상화를 추진 중이며, 가능한 한 신속히 안정적인 공급이 이루어질 수 있도록 지속적으로 관리할 예정입니다.",동일 제품 타 용량 및 경쟁사 대체품이 존재하기에 환자 치료에 미치는 영향은 크지 않을 것으로 판단됩니다. 그러나 장기적으로 환자의 위험도를 최소화하기 위해서 최대한 생산일정을 조율하여 의료현장에 미치는 영향을 최소화할 수 있도록 최선을 다하겠습니다.,"환자에게 미치는 영향을 최소화하기 위해 의료기관 및 도매상에 공급 부족 관련 내용을 공유하고 있으며, 가장 빠른 시일 내 정상적인 공급을 재개할 수 있도록 최선을 다할 것입니다.",2026-08-21,2026-06-18,0,8806436004610
2026-06-17,글라이프레신1밀리그램(테를리프레신아세트산염),한국페링제약(주),2026-08-01,"글라이프레신 첨부용제 제조원인 Haupt Pharma Wulfing GmbH에서 생산이 중단될 예정으로, 현재 첨부용제 신규 제조소 등록을 위한 허가변경을 진행 중에 있으며(접수번호: 20260070151, 접수일자: 2026.04.16), 해당 변경이 완료되는 대로 공급을 재개할 예정입니다.","자사 수입품목 중 동일 성분의 “레메스팁1.0주사액(테를리프레신아세트산염)”을 공급 중에 있으므로, 환자 치료에 미치는 영향은 크지 않을 것으로 판단됩니다.","현재 글라이프레신 첨부용제 신규 제조소 등록을 위한 허가변경을 진행 중에 있으며(접수번호: 20260070151, 접수일자: 2026.04.16), 해당 변경이 완료되는 대로 공급을 재개할 예정입니다. 허가변경 검토 중 신규 제조소에 대한 GMP 실태조사가 진행될 예정이며, 실사 일정에 따라 허가변경 완료일정이 변동될 수 있음을 알려드립니다.",2028-03-31,2026-06-17,7309,"8806525000103,8806525000110,8806525000127,8806525000134"
2026-06-12,소마버트주20밀리그램(페그비소만트),한국화이자제약(주),2026-07-01,제조원의 제품 생산 일정 지연,"본 건은 20 mg 단일 용량에 국한된 공급 제한으로, 다른 용량(10 mg, 15 mg, 25 mg, 30 mg)을 활용한 용량 조정 등을 통해 치료 지속이 가능할 수 있습니다. 기존 용량으로 안정적으로 유지되고 있던 환자에서 20mg 용량 사용이 제한되는 상황에 따라 IGF-1 수치 변동 등 질환 조절 상태의 변화가 나타날 가능성을 배제할 수 없으나, 이러한 경우, IGF-1 수치 및 임상 상태에 대한 적절한 모니터링을 통해 환자 상태에 따른 치료 조정이 이루어질 수 있을 것으로 예상됩니다. 국내에서는 somatostatin analog 계열 치료제 (예: octreotide, lanreotide 등)와 같은 대체 치료 옵션이 고려될 수 있으나, 환자 별 치료 반응을 고려한 신중한 모니터링 및 치료 조정이 필요할 수 있습니다. 전반적으로 투여 지속이 가능한 경우 급격한 질환 상태 변화의 가능성은 제한적일 것으로 예상되나, 환자 개별 상황에 따른 임상적 영향이 발생할 가능성은 존재합니다.","제조원 생산 일정을 지속적으로 확인하며, 최대한 수입 가속화",2026-08-01,2026-06-12,2,8806489035425
2026-06-12,넥스비아자임주(아발글루코시다제알파),(주)사노피-아벤티스코리아,2026-06-29,수요 대비 생산량 부족 및 제조소 출하 지연,"본 제품은 국내에 임상적으로 유효한 대체 제품이 없는 대체 불가능한 필수의약품에 준합니다. 공급 부족 또는 차질이 발생할 경우, 환자들은 주요 예후 지표인 보행 기능(6MWT)의 급격한 정량적 저하를 겪게 되며, 활동성 근육 세포 내 효소 결핍으로 인한 비가역적인 골격근 손상 및 위축이 유발되어 임상적 상태의 악화 및 독립적인 일상생활 수행 능력 상실로 직결됩니다",7 월 20 일 1700 개 추가 수입 예정. 6 월 수입분 수량이 적어 OOS 예정으로 해외팩 수입 가능성 확인 중,2026-07-20,2026-06-15,1229,8806520014617
2026-06-10,알카인0.5%점안액(푸로파라카인염산염),한국알콘(주),2026-06-10,원료의약품 수급 문제로 인한 생산 지연,"알카인0.5%점안액(푸로파라카인염산염)은 '단시간의 각막 마취(예: 안압 측정, 우각검사, 각막의 이 물 및 봉합사 제거) 및 간단한 각막 및 결막 처치'를 위한 안과용 국소마취제로, 동일성분의 '파라카인점안액0.5%(프로파라카인염산염)(1회용)' 품목이 존재하나, 포장 형태에 차이가 존재하여 다회용 제품에 대한 공급 부족이 예상됩니다.",2025년 8월 10일부로 제품을 공급할 예정입니다.,2026-08-10,2026-06-10,0,"8806524004409,8806524004416"
2026-06-10,"벤리스타주400밀리그램(벨리무맙)(단클론항체, 유전자재조합)",(주)글락소스미스클라인,2026-06-11,"해당 제품은 2025년 8월 급여 처방 기간 확대 이후 신규 환자를 포함한 실제 시장 수요가 증가하였습니다. 이에 따른 공급 확대 조치를 실시하였으나, 실제 시장 수요가 당초 예측 범위를 상회하는 수준으로 증가됨에 따라 일시적인 공급 부족 상황이 발생하였습니다.",공급 부족으로 인한 환자 치료 영향을 최소화하기 위하여 재고 관리 강화 및 공급 일정 조정을 포함한 필요 조치를 적극적으로 시행하고 있습니다. 아울러 본 제품의 치료적 중요성을 고려하여 공급 정상화 전까지 환자 치료 영향 최소화를 위해 관련 의료진과의 협력을 통해 안정적인 치료가 유지될 수 있도록 안내하고 있습니다,현재 해당 품목에 대한 품질 시험이 진행중입니다. 관련 절차가 완료되는 즉시 신속한 출하를 진행하여 시장 공급을 정상화할 예정입니다.,2026-07-01,2026-06-10,0,8806500028917
2026-06-10,"벤리스타주120밀리그램(벨리무맙)(단클론항체, 유전자재조합)",(주)글락소스미스클라인,2026-06-11,"해당 제품은 2025년 8월 급여 처방 기간 확대 이후 신규 환자를 포함한 실제 시장 수요가 증가하였습니다. 이에 따른 공급 확대 조치를 실시하였으나, 실제 시장 수요가 당초 예측 범위를 상회하는 수준으로 증가됨에 따라 일시적인 공급 부족 상황이 발생하였습니다.",공급 부족으로 인한 환자 치료 영향을 최소화하기 위하여 재고 관리 강화 및 공급 일정 조정을 포함한 필요 조치를 적극적으로 시행하고 있습니다. 아울러 본 제품의 치료적 중요성을 고려하여 공급 정상화 전까지 환자 치료 영향 최소화를 위해 관련 의료진과의 협력을 통해 안정적인 치료가 유지될 수 있도록 안내하고 있습니다,현재 해당 품목에 대한 품질 시험이 진행중입니다. 관련 절차가 완료되는 즉시 신속한 출하를 진행하여 시장 공급을 정상화할 예정입니다.,2026-07-01,2026-06-10,11,8806500029013
2026-06-09,스테파론액(플루오시노니드),동화약품(주),2026-06-15,"* 위탁제조원 충전 설비 이상으로 인한 공급 일정 변경 : 스테파론액 제조 시 사용 중인 충전 설비의 고장으로 용량 편차 발생하여 충전 정밀도 확보에 차질 발생 : 신규 설비 도입 검토 중 : 기 발주건 생산 일정 5월 말에서 6월말로 약 1개월 지연 * [붙임 1], [붙임 2] 참조",유사한 효능효과를 가진 품목이 존재하나 해당 제형(액제)으로서는 단일품목임. - [붙임 3] 참조,7월 중 공급정상화 예정 - [붙임 1] 참조,2026-07-15,2026-06-04,1,8806427020629
2026-06-02,패스터텍주1.5밀리그램(라스부리카제),(주)사노피-아벤티스코리아,2026-06-11,환자의 수요가 급증하며 예상보다 빠르게 재고가 소진되고 있습니다. 국제 공급망의 불안정한 상황 및 제조소의 불확실한 생산 및 수입 일정으로 인해 약 1개월간의 공급부족이 예상됩니다.,"Rasburicase는 종양용해증후군에서 혈중 요산을 신속히 제거할 수 있는 유일한 치료제로, 임상적으로 동등한 대체제가 존재하지 않습니다. 또한 국내 허가 및 유통 중인 동일성분 의약품은 없는 상황입니다. Allopurinol, Febuxostat 등은 요산 생성 억제제가 있으나 이미 상승된 요산을 신속히 제거하는 효과가 없어 rasburicase의 임상적 대체가 불가한 상황입니다.","6월 긴급 생산 후 7월 초 긴급 수입을 진행할 예정입니다. 다만 수입 일정을 최대한 앞당기기 위해 노력 중이며, 일정에 변동 가능성이 있습니다.",2026-07-09,2026-06-02,163,"8806520005509,8806520005516,8806520005523"
2026-05-28,레이보우정100밀리그램(라스미디탄헤미숙신산염),일동제약(주),2026-05-23,급업체(릴리) 생산일정 지연,"거의 없음, 처방량이 적으며, 대체 치료제(나라믹 정 등) 있음",7월 15일 예정,2026-08-10,2026-05-28,0,8806429066618
2026-05-21,코티소루주(히드로코르티손숙시네이트나트륨),한올바이오파마(주),2026-09-01,수탁사의 제조시설 설비 정비로 인해 일정기간 생산이 불가하여 공급 부족 발생 예상됨.,자사에서 기존 보유한 재고를 필수 환자 중심으로 우선 공급 공급될 수 있도록 운영하고 있음.,수탁사의 제조시설 설비 정비가 완료된 후 신속히 생산을 재개하여 공급을 정상화할 계획임.,2026-11-15,2026-05-21,8707,"8806556016807,8806556016814,8806556016821,8806556016838"
2026-05-20,훈기존주사50밀리그램(주사용암포테리신비),디케이에스에이치코리아(주),2026-07-15,해당 품목의 수요 증가에 따른 공급 부족 및 추가 공급 제품의 수입 일정 지연,국내에서 허가된 대체약제가 존재하므로 환자 치료에 미치는 영향은 적을것으로 예상됨.,제품 제조 일정 및 수입 일정을 앞당기기 위해 제조원과 긴밀하게 논의 중임.,2026-10-31,2026-05-11,1386,"8800555000904,8800555000911"
2026-05-08,나이트로프레스주(니트로푸루시드나트륨),한국화이자제약(주),2026-05-08,나이트로프레스는 원료 및 완제품 생산 공정에서의 제조 일정 지연과 일부 품질 관련 검토 절차의 장기화로 인해 일시적인 공급 차질이 발생하였습니다. 당사는 제품의 품질 및 안전성 확보를 최우선으로 생산 및 출하 전 검토 절차를 강화하는 과정에서 공급 지연이 불가피하게 발생하였습니다.,"나이트로프레스주는 응급성 고혈압(고혈압성 발증) 및 외과 수술 시 출혈 감소를 위한 마취 중 혈압 강하를 위해 사용되는 주사제입니다. 동일 성분의 완전한 대체제는 현재 시판되고 있지 않으며, 공급부족 발생 시 일부 의료 현장에서는 동일 성분이 아닌 타 성분 제제를 대체 치료 옵션으로 고려해야 하는 상황이 발생할 수 있습니다. 1. Labetalol 성분 주사제: 임신성 고혈압을 포함한 응급성 고혈압, 급성 심근경색에 의한 고혈압, 마취 시 혈압 강하를 적응증으로 하는 약제로, 나이트로프레스주의 공급부족 시 대체 치료 옵션으로 사용될 수 있을 것으로 사료됩니다. 2.기타 대체 치료 옵션: 완전한 대체제는 아니지만, 긴급한 임상 상황에서는 Nicardipine, Esmolol, Nitroglycerin 등을 주성분으로 하는 제제들이 환자의 임상적 상황에 따라 대체 치료 옵션으로 고려될 수 있을 것으로 사료됩니다.","당사는 공급 정상화를 위해 다음과 같은 조치를 시행하고 있습니다. - 생산 일정 재조정 및 제조 배치 생산 가속화 - 원료 수급 안정화를 위한 공급망 관리 강화 - 품질 검토 및 출하 승인 절차의 병목 해소를 위한 내부 프로세스 최적화 현재 생산 및 공급 재개를 위해 관련 부서가 긴밀히 협력하고 있으며, 가능한 한 조속한 시일 내 정상적인 공급이 이루어질 수 있도록 최선을 다하고 있습니다.",2026-06-22,2026-05-08,0,8806489030413
2026-04-29,홀록산주1000밀리그람(이포스파마이드),부광약품(주),2026-06-01,제조소 설비 이슈 *품절 우려로 병원 및 약국에서 과도한 품목 매입이 발생할 수 있어 정보공개 비동의,"비소세포폐암(NSCLC) Palliative(고식적)에서는 3A기 이상일 때, Paclitaxel+ifosfamide와 병용하는데 irinotecan 또는 gemcitabine 또는 docetaxel 또는 paclitaxel로 대체가능 유방암 anthracycline계와 taxane계 항암제 모두 사용 경험이 있는 국소진행성, 전이성, 재발성 유방암에서, ifosfamide를 cisplatin, carboplatin, etoposide으로 대체가능 난소암 Palliative(고식적)에서, fosfamide+cisplatin/etoposide은, carboplatin으로 대체가능 자궁경부암 재발성 또는 전이성 자궁경부암의 Palliative(고식적)요법에서 isofamide+carboplatin/ cisplatin은, cisplatin 또는 cisplatin+fluorouracil 또는 carboplatin 또는 carboplatin+fluorouracil으로 대체가능 재발성, 전이성(stage Ⅳ)의 Palliative(고식적)요법에서 paclitaxel+ifosfamide은, paclitaxel 또는 paclitaxel+carboplatin 또는 paclitaxel+cisplatin으로 대체가능 자궁암 자궁내막암의 고식적요법(palliative)에서 ifosfamide+cisplatin은, doxorubicin+cisplatin/carboplatin+cyclophosphamide, 또는 fluorouracil+cisplatin 등로 대체가능 두경부암 진행성, 재발성, 전이성에서, docetaxel+ifosfamide+fluorouracil/cisplatin은, docetaxel+fluorouracil+cisplatin (DFP) 또는 docetaxel+cisplatin (DP)또는 cyclophosphamide+methotrexate+fluorouracil 으로 대체가능 골암 etoposide+ifosfamide은, etoposide+bleomycin+cyclophosphamide+dactinomycin 또는 doxorubicin+cisplatin 또는 cyclophosphamide+vincristine+doxorubicin+dacarbazine 또는, vincristine+dactinomycin+cyclophosphamide+doxorubicin 또는 bleomycin+cisplatin+cyclophosphamide+dactinomycin+doxorubicin 등으로 대체가능","9월 내 입고예정으로 입고 즉시 최우선으로 품질시험을 진행할 예정이며, 10월 내에 공급 부족이 해소될것으로 예상됨",2026-08-03,2026-04-29,12243,8806422025216
2026-04-29,니코틴엘로젠즈민트향트로키1밀리그램(니코틴타르타르산염수화물),지피테라퓨틱스코리아주식회사,2026-07-01,"전년 동기 대비 30%이상 높은 시장(약국, 보건소) 수요 발생",동일 니코틴 함유의 금연보조제 제품이 다수 유통되고 있으므로 영향이 크지 않을 것으로 예상됨.,"생산 일정을 앞당기는 등의 적극적 조치를 취함에도 일시적인 공급부족은 예상되나, 차기 수입 및 국내품질시검사 등의 절차를 신속히 진행하여 일시적 공급부족 기간을 최대한 단축할 예정임.",2026-08-07,2026-04-29,4844,8800516001810
2026-03-31,아이비글로불린에스엔주10%(글리신 첨가 사람면역글로불린[pH4.8]),(주)녹십자,2026-05-01,"작년 11월까지 진행된 폐사 제조소 내 설비 개선 및 공사로 인해 일부 생산 라인의 가동이 제한되었으며, 이로 인해 수요 대비 충분한 안전재고 확보에 어려움이 발생하였습니다. 그 결과 현재 일시적으로 공급이 원활하지 않은 상황입니다. 또한, 해당 제품은 제조부터 출하까지 장기간이 소요되는 특성이 있어 단기간 내 생산량 확대가 어려운 상황입니다. 현재 생산 일정 조정 및 재고 확보를 통해 공급 정상화를 추진 중이며, 가능한 한 신속히 안정적인 공급이 이루어질 수 있도록 지속적으로 관리할 예정입니다.",동일 제품 타 용량 및 경쟁사 대체품이 존재하기에 환자 치료에 미치는 영향은 크지 않을 것으로 판단됩니다. 그러나 장기적으로 환자의 위험도를 최소화하기 위해서 최대한 생산일정을 조율하여 의료현장에 미치는 영향을 최소화할 수 있도록 최선을 다하겠습니다.,"환자에게 미치는 영향을 최소화하기 위해 의료기관 및 도매상에 공급 부족 관련 내용을 공유하고 있으며, 가장 빠른 시일 내 정상적인 공급을 재개할 수 있도록 최선을 다할 것입니다.",2026-07-10,2026-03-31,2788,8806436053915
2026-03-26,아이비글로불린에스엔주10%(글리신 첨가 사람면역글로불린[pH4.8]),(주)녹십자,2026-05-01,"작년 11월까지 진행된 폐사 제조소 내 설비 개선 및 공사로 인해 일부 생산 라인의 가동이 제한되었으며, 이로 인해 수요 대비 충분한 안전재고 확보에 어려움이 발생하였습니다. 그 결과 현재 일시적으로 공급이 원활하지 않은 상황입니다. 또한, 해당 제품은 제조부터 출하까지 장기간이 소요되는 특성이 있어 단기간 내 생산량 확대가 어려운 상황입니다. 현재 생산 일정 조정 및 재고 확보를 통해 공급 정상화를 추진 중이며, 가능한 한 신속히 안정적인 공급이 이루어질 수 있도록 지속적으로 관리할 예정입니다.",동일 제품 타 용량 및 경쟁사 대체품이 존재하기에 환자 치료에 미치는 영향은 크지 않을 것으로 판단됩니다. 그러나 장기적으로 환자의 위험도를 최소화하기 위해서 최대한 생산일정을 조율하여 의료현장에 미치는 영향을 최소화할 수 있도록 최선을 다하겠습니다.,"환자에게 미치는 영향을 최소화하기 위해 의료기관 및 도매상에 공급 부족 관련 내용을 공유하고 있으며, 가장 빠른 시일 내 정상적인 공급을 재개할 수 있도록 최선을 다할 것입니다.",2026-07-10,2026-03-27,3788,8806436053915
2026-03-17,카이트릴정1밀리그램(그라니세트론염산염),지피테라퓨틱스코리아주식회사,2026-04-01,시험항목 중 확인시험에 사용되는 Placebo 시약 (주성분을 제외한 부형제 혼합물)의 준비가 지연되어 출하 지연,"현재 국내 카이트릴정1mg의 생물학적 동동성이 인정된 품목인 카니트론정1mg(그라니세트론염산염, 이연제약)이 유통되고 있으므로 환자의 치료에 미치는 영향을 크지 않을 것으로 예상",최대한 빠른 시간 내에 출하를 진행할 수 있도록 제조원과 긴밀하게 대화하면서 시약을 수입 혹은 조제하기 위한 계획 수립,2026-07-01,2026-03-13,0,8800572000710
2026-03-17,알닥톤필름코팅정25밀리그람(스피로노락톤),한국화이자제약(주),2026-03-16,제조원의 공급일정 지연,"알닥톤 (스피로놀락톤)은 알도스테론 길항제로서 간경변성 복수 환자의 일차 치료 이뇨제로 권고되어지고 있습니다. 아밀로라이드라는 알도스테론 길항제가 존재하나 스피로놀락톤에 비해 이뇨효과가 떨어지는 것으로 보고됩니다. 또한, 박출률 감소 심부전 환자에서는 입원율 및 사망률 감소를 위해 알도스테론 길항제 사용이 권고되어지고 있습니다. 에플레레논이 대체약으로 존재하긴 하나, 스피로놀락톤과의 상호 교환 가능 여부에 대한 연구는 부족합니다 따라서 효과·적응증이 완전히 동일하지 않아 환자 치료 공백 위험이 매우 클 것으로 예상되어집니다.","공급정상화 예상 일자를 당길 수 있는지 확인 후, 공급이 당겨질 수 있다면 예상 타임라인을 신속하게 유관부서에 업데이트 할 수 있도록 한다.",2026-05-06,2026-03-06,0,8806489006111
2026-03-12,트렐리지엘립타,(주)글락소스미스클라인,2026-03-12,트렐리지 엘립타 제품의 현재 입고 및 공급예정인 물량에 대해 GSK 내부 품질관리 기준에 따른 추가 확인 절차가 필요하여 일시적인 공급지연이 발생하게 되었습니다,아래와 같이 대체약품 존재하여 치료영향은 크지 않을 것으로 판단됩니다. 1. 렐바100엘립타 + 인크루즈엘립타 2. 아노로엘립타 + 아뉴이티100엘립타 3. 트림보우흡입제 4. 에너제어 흡입용캡슐 150/50/80µg,"현재 공급 정상화는 4월 3일로 예상하고 있으며, 조속한 공급이 진행될 수 있도록 노력하겠습니다.",2026-04-03,2026-03-12,0,"8806500031405,8806500031412"
2026-03-12,마구내신주사액<황산마그네슘수화물>,대원제약(주),2026-03-12,"자사는 본 제품을 휴온스와 위수탁계약을 맺어서 생산/공급을 진행 하고 있는 상태 입니다. 근래에 휴온스가 생산 CAPA. 부족 등 이슈로 일시적으로 공급을 지연을 하고, 4월말 부터 재 공급을 하려고 합니다.","자사의 품목과 동일성분, 함량 품목이 현재 휴온스, 대한약품에서 공급을 하고 있는 관계로 시장에서 부족 사태는 발생 하지 않을 것으로 예상합니다.",재입고 예정 사항 : 4월 말 입고 예정(입고 예정 수량 약970ea : 4개월 물량),2026-04-30,2026-03-12,0,8806718015327
2026-03-11,모글원큐스프레이,동아제약(주),2026-04-20,신규 제조원의 생산 일정에 따른 일시적인 품절,본제와 주성분/함량 및 적응증이 유사한 품목이 존재하므로 대체 가능할 것으로 예상됨,생산 진행으로 9월 공급재개 예정,2027-03-02,2026-03-04,3000,"8806265015603,8806265015610"
2026-03-06,보술리프정100밀리그램(보수티닙일수화물),한국화이자제약(주),2026-07-20,제조원의 공급일정 지연,"보술리프정의 공급부족은 환자 안전에 대한 즉각적이고 중대한 위험을 초래할 가능성은 낮은 것으로 판단되며, 일부 환자군에서는 치료 관리 측면에서 영향이 있을 수 있어 의료진의 적절한 치료 조정 및 환자 관리가 요구됩니다.","100mg의 경우 8*14(112정) 두 가지 규격 단위가 있으며 이 중 28정 규격만 품절이 예상되므로, 112정 규격 제품으로 시장공급을 지속하여 진료에 차질이 없도록 대응할 예정입니다. 더불어, 빠른 허가 변경 완료 및 제조원 생산 일정을 지속적으로 확인하여 최대한 수입을 앞당기고자 합니다.",2027-01-04,2026-02-26,394,8806489038013
2026-02-25,판베시서방캡슐 30밀리그램(펜터민염산염),부광약품(주),2026-02-19,반제품 수입 지연으로 인한 생산(포장) 지연,"동일 성분 의약품이 시장에 충분히 공급되고 있으며, 빠른 시일 내 정상 공급이 예정되어 있어 환자의 치료에 미치는 영향은 적을 것으로 예상됨.","현재 보유중인 재고(7,985병)는 사용기간 6개월 미만(2026.8.17.)으로, 당사 방침상 출하 대상은 아니나 별도 요청이 있을 경우 출하 가능함. 아울러, 당사는 반제품 입고 즉시 동 품목 ‘28캡슐/병’ 포장단위의 포장을 진행할 예정으로, 2026년 4월 말 동 포장단위의 공급 부족이 해소될 것으로 예상됨.",2026-05-01,2026-02-25,223580,8806422044330
2026-02-13,자이프렉사자이디스확산정5밀리그램(미세올란자핀),한국릴리(유),2026-03-31,"1) 현재 nedrug 변경허가 민원을 진행중에 있고, 처의 보완사항을 이행하기에 자료가 불충분하여 처와 요건에 대한 협의를 하고자 하였으니, 최종적으로 불가한 상황으로 결론이 났습니다. 이에 따라 제품 수급 불가가 예상되어 일정 기간 공급이 불가할 것으로 사료됩니다. 2) 보다 자세한 사항은, 향후 더 자세히 보고드릴 수 있을 것으로 사료됩니다.","보다 자세한 사항은, 향후 더 자세히 보고드릴 수 있을 것으로 사료됩니다.","보다 자세한 사항은, 향후 더 자세히 보고드릴 수 있을 것으로 사료됩니다.",2027-03-31,2026-02-13,"10,727",8806708013715
2026-02-13,자이프렉사자이디스확산정10밀리그램(미세올란자핀),한국릴리(유),2026-03-31,"1) 현재 nedrug 변경허가 민원을 진행중에 있고, 처의 보완사항을 이행하기에 자료가 불충분하여 처와 요건에 대한 협의를 하고자 하였으니, 최종적으로 불가한 상황으로 결론이 났습니다. 이에 따라 제품 수급 불가가 예상되어 일정 기간 공급이 불가할 것으로 사료됩니다. 2) 보다 자세한 사항은, 향후 더 자세히 보고드릴 수 있을 것으로 사료됩니다.","보다 자세한 사항은, 향후 더 자세히 보고드릴 수 있을 것으로 사료됩니다.","보다 자세한 사항은, 향후 더 자세히 보고드릴 수 있을 것으로 사료됩니다.",2027-03-31,2026-02-13,"21,499",8806708013616
2026-02-03,삼진니모디핀주10밀리그람(수출명:Moditoplnjection),삼진제약(주),2026-02-05,2026.01.23.~2026.02.02. 제조 설비(이물검사기)의 고장으로 제조지연,설연휴 기간(2026.02.16~02.18.)제외 시 7영업일 내 공급재개될 예정으로 환자 치료에 미치는 영향은 크지 않을 것으로 사료됨,2026.02.03.부로 설비 고장 건 수리완료 및 정상 가동 중으로 향후 제품 공급 문제 없음,2026-02-23,2026-02-03,4368,8806478007310
2026-01-28,할돌데카노아스주사(할로페리돌데카노에이트),클리니젠코리아(유),2026-02-09,수요 급증에 따른 공급부족,"도매상에서 보유하고 있는 재고는 현재 약 500 팩 정도로 파악되고 있으며, 2026년 2월까지 병원 및 환자에 공급 가능할 것으로 예상되기 때문에 실질적으로 약 1달 정도만 일시 공급중단될 것으로 예상하고 있으며, 국내 대체약제가 있으므로 환자 치료에 미치는 영향은 없을 것으로 판단됨.","2026년 3월 초 수입 및 QC TEST를 진행할 계획이며, 2026년 4월 중으로 공급 정상화 할 예정입니다.",2026-04-17,2026-01-28,152,8800761000712
2026-01-22,대원탄산수소나트륨주사액(8.4%),대원제약(주),2026-01-20,"자사의 대원탄산수소나트륨주사액(8.4%)는 현재 휴온스에 수탁생산 진행을 하는 상태 입니다. 휴온스의 내부사정에 의하여 생산 공급 중단을 1월말까지 하게 되었고, 재 공급을 2월 초/중순 경에 진행을 계획합니다. 이에 공급 부족 보고를 합니다.",국내 다수의 제약사가 생산 공급을 하고 있기 때문에 문제는 없을 것으로 판단함.,2월 초/중순 다시 공급 예정함.,2026-02-20,2026-01-22,0,8806718009517
2026-01-21,아큐베일점안액0.45%(케토롤락트로메타민염)(1회용),한국애브비(주),2026-02-28,"본 제품의 해외 제조원에서 출하가 지연되고 있습니다. 이로 인해 제품 수입이 지연되고 있으며, 일시적으로 품절이 예상되고 있습니다.","동일 성분의 대체제는 없음. 타 NSAIDs 성분의 점안제가 있으나, 환자 상황에 따라 치료 전략과 처방 변경이 필요하고, 약물 변경, 용법 변경 등으로 인해 환자 불편이 증가할 수 있음.",당사는 공급 정상화를 위해 제조원과 긴밀히 연락하고 있습니다. 본 제품을 투여하는 환자들의 치료에 미치는 영향을 최소화하기 위하여 가능한 빨리 공급을 재개할 수 있도록 최선을 다할 것입니다.,2026-07-20,2026-01-21,7207,"8806249004302,8806794002204,8806920001804,8806249004319,8806794002211,8806920001910,8806249004326,8806794002228,8806920001927,8806794002518,8806920001811,8806794002501,8806920001903"
2026-01-14,엑스자이드필름코팅정180밀리그램(데페라시록스),한국노바티스(주),2026-01-15,"제조소 출하 지연에 따라 수입 일정이 지연되었습니다. (90mg 및 360mg는 정상 공급 중이고, 180mg 는 2월 16일 경 공급 재개 예상합니다.)","엑스자이드(성분명 데페라시록스)의 세 가지 제형(90mg, 180mg, 360mg) 중 180mg 만 품절이기 때문에, 90mg 제형으로 180mg 이 대체될 수 있습니다. 또한 제형은 다르나 국내에 유통 중인 엑스자이드 제네릭은 4개 제품(페듀로우현탁액(대원제약), 헤모시록스확산정(한국팜비오), 엑스페이드산(건일제약), 제이자이드산(JW중외제약))이 있어 엑스자이드 대신 사용 가능하므로, 금번 품절이 환자 치료에 직접적인 영향을 미치지 않을 것으로 사료됩니다.","제조원 출하 절차는 마무리 단계이고, 1월 중으로 수입 완료 예상합니다. 공급 가능 일정을 최대한 앞당길 수 있도록 제조원과 면밀히 모니터링 하고 있습니다.",2026-02-16,2026-01-14,0,8806536029117
2026-01-13,옥시콘틴서방정80mg(옥시코돈염산염),한국먼디파마 유한회사,2026-02-28,포장제조소 변경에 따른 일시적 공급 부족,"현재 시장에는 옥시콘틴과 동일한 유효성분을 함유한 제네릭 의약품이 이미 유통되고 있어, 옥시콘틴 해당 제품의 일시적인 부족이 환자 치료에 미치는 영향은 제한적일 것으로 판단됩니다.",빠른 공급 정상화를 위해 노력하겠습니다.,2026-08-31,2026-01-12,24570,8806780001631
2026-01-13,옥시콘틴서방정40밀리그램(옥시코돈염산염),한국먼디파마 유한회사,2026-01-14,포장제조소 변경에 따른 일시적 공급 부족,"현재 시장에는 옥시콘틴과 동일한 유효성분을 함유한 제네릭 의약품이 이미 유통되고 있어, 옥시콘틴 해당 제품의 일시적인 부족이 환자 치료에 미치는 영향은 제한적일 것으로 판단됩니다.",빠른 공급 정상화를 위해 노력하겠습니다.,2026-08-31,2026-01-12,0,8806780001136
2026-01-13,옥시콘틴서방정20밀리그램(옥시코돈염산염),한국먼디파마 유한회사,2026-02-28,포장제조소 변경에 따른 일시적 공급 부족,"• 현재 시장에는 옥시콘틴과 동일한 유효성분을 함유한 제네릭 의약품이 이미 유통되고 있어, 옥시콘틴 해당 제품의 일시적인 부족이 환자 치료에 미치는 영향은 제한적일 것으로 판단됩니다.",빠른 공급 정상화를 위해 노력하겠습니다.,2026-08-31,2026-01-12,251160,8806780001037
2026-01-13,옥시콘틴서방정10밀리그램(옥시코돈염산염),한국먼디파마 유한회사,2026-02-28,포장제조소 변경에 따른 일시적 공급 부족,"현재 시장에는 옥시콘틴과 동일한 유효성분을 함유한 제네릭 의약품이 이미 유통되고 있어, 옥시콘틴 해당 제품의 일시적인 부족이 환자 치료에 미치는 영향은 제한적일 것으로 판단됩니다.",빠른 공급 정상화를 위해 노력하겠습니다.,2026-08-31,2026-01-12,59670,8806780000931
2025-12-31,라스타카프트점안액0.25%(알카프타딘),한국애브비(주),2026-02-01,"본 제품의 해외 제조원에서 생산 및 출하가 지연되고 있습니다. 이로 인해 제품 수입이 지연되고 있으며, 일시적으로 품절이 예상되고 있습니다.",본 제품을 대체할 수 있는 다른 항히스타민 점안액이 시장에 다수 유통되고 있어 환자에게 미치는 영향은 제한적입니다.,당사는 공급 정상화를 위해 제조원과 긴밀히 연락하고 있습니다. 본 제품을 투여하는 환자들의 치료에 미치는 영향을 최소화하기 위하여 가능한 빨리 공급을 재개할 수 있도록 최선을 다할 것입니다.,2026-09-21,2025-12-31,199,8806249005200
2025-12-22,크렉산주(에녹사파린나트륨),(주)사노피-아벤티스코리아,2026-01-05,"해외제조소 파업으로 인한 생산 지연 - 20mg/0.2mL: 공급 부족일 2026년 1월 5일, 예상 공급 재개일 2026년 6월 초 - 40mg/0.4mL: 공급 부족일 2025년 12월 22일, 2026년 2월 초 공급 재개되어 정상 공급 중 - 60mg/0.6mL: 공급 부족일 2026년 3월 6일, 예상 공급 재개일 2026년 5월 둘째 주 - 80mg/0.8mL: 정상 공급 중","국내에서 유통 중인 에녹사파린 나트륨 성분의 약제는 크렉산주와 크녹산주가 있습니다. 두 제품은 성분, 허가된 효능·효과가 동일하기 때문에 금번 품절이 환자 치료에 직접적인 영향을 미치지 않을 것으로 사료됩니다.",현재 사이트 파업으로 인해 생산 지연이 발생하고 있기 때문에 현지 상황을 지속적으로 모니터링 할 예정입니다.,2026-06-15,2025-12-18,7406,"8806520004601,8806520004618,8806520004625,8806520004809,8806520004816,8806520004823"
2025-12-16,볼리브리스정5밀리그램(암브리센탄),(주)글락소스미스클라인,2026-02-01,"제조처의 Capacity 이슈로 수입 일정이 지연되면서, 공급이 부족할 것으로 예상됩니다.","동일 성분 의약품은 없지만 다른 ERA 제재들이 국내에 허가되어 있어 Alternative option이 존재하기 때문에 환자에게 미치는 영향은 거의 없을 것으로 예상합니다 (대체제 2 개 성분: Macitentan[옵서미트정 등], Bosentan[트라클리어정 등]).","제조처 출하가 완료되는 대로 수입 절차 (항공 운송 포함) 및 국내 시험을 긴급하게 진행하여, 품절 기간을 최소화할 수 있도록 노력하겠습니다.",2026-05-15,2025-12-16,168,8806500023110
2025-12-11,테모람캡슐20밀리그램(테모졸로미드),일동제약(주),2025-12-10,1. 급작스런 판매량 증대로 인한 공급부족 2. 긴급 생산 준비중 원부자재(캡슐) 입고 지연으로 공급부족,해당품목 현재 도매에 재고 있음 / 해당제품과 동일한 타 함량 제품 원활히 공급중/ 동일제제 타 품목 원활히 공급중,26년 1월 4주차 생산 예정,2026-02-20,2025-12-11,0,8806429054516
2025-12-04,페르본주사30밀리그람(폴리네이트칼슘),삼진제약(주),2026-04-24,당사 제조소 이전(향남공장→오송공장) 건 생상 및 허가일정 지연에 따른 공급부족 발생 예상,"본 품목과 동일한 성분 및 제형(주사제)인 타사품목도 있으며, 바이알제제로 자사 품목으로도 현재 판매중임. 바이알제품은 지속적으로 공급할 예정이므로 공급부족으로 인한 환자 치료에 미치는 영향은 없을 것으로 예상됩니다.","2025년 5월 허가신청용 뱃치 생산완료, 허가완료 후 신속한 출하승인 예정",2026-06-30,2025-12-04,607,8806478025031
2025-12-01,덱사하이정4밀리그램(덱사메타손),(주)대웅제약,2025-11-11,"덱사하이정4mg은 제조처의 생산설비 공사 및 원료(API) 수급 지연으로 생산이 미뤄지고, 판매 증가로 재고가 빠르게 소진되어 2025.11.11~2026.01.29 기간 동안 일시적 공급 부족이 발생할 것으로 예상됨",덱사하이정은 동일 성분의 대체 의약품이 존재하여 치료 공백 발생 가능성은 낮은 수준으로 환자 치료에 중대한 영향을 미치지 않는 수준으로 예상됨,원료(API) 수급을 최우선으로 확보하였으며 2026년 1월 출하를 목표로한 생산 배치에 대한 제조를 진행 중이며 2026월 1월 30일 공급재개예정,2026-01-30,2025-12-01,10,8806416077627
2025-11-26,펜타사서방과립1그램(메살라진),한국페링제약(주),2025-11-27,제조원 생산 및 출하시험 일정 지연,자사 품목 중 동일 성분의 다른 용량 제품인 펜타서서방과립2g이 공급중이므로 환자 치료에 미치는 영향은 크지 않을 것으로 판단됨.,"신속한 재공급을 위해 제조원과 논의중이며, 2026년 2월까지 국내 QC를 완료하여 공급하고자 함.",2026-02-01,2025-11-25,0,"8806525002206,8806525002220,8806525002213"
2025-11-20,소마버트주30밀리그램(페그비소만트),한국화이자제약(주),2025-11-24,제조원의 제품 생산 일정 지연,"초기용량 (10mg), 조절용량 (15mg 투여인 경우), 최대용량 (30mg) 투여 환자가 있을 경우 차질이 있습니다. 이에 대한 조치로서 공급이 필요한 병원에게 연락 받을 시 재고가 있는 병원으로 실시간 연결하는 조치를 취하고자 합니다.","제조원 생산 일정을 지속적으로 확인하며, 최대한 수입 가속화하고자 합니다.",2026-02-27,2025-11-19,2,8806489035609
2025-11-20,소마버트주15밀리그램(페그비소만트),한국화이자제약(주),2026-02-16,제조원의 제품 생산 일정 지연,"초기용량 (10mg), 조절용량 (15mg 투여인 경우), 최대용량 (30mg) 투여 환자가 있을 경우 차질이 있습니다. 이에 대한 조치로서 공급이 필요한 병원에게 연락 받을 시 재고가 있는 병원으로 실시간 연결하는 조치를 취하고자 합니다.","제조원 생산 일정을 지속적으로 확인하며, 최대한 수입 가속화하고자 합니다.",2026-03-15,2025-11-19,13,8806489035302
2025-11-20,소마버트주10밀리그램(페그비소만트),한국화이자제약(주),2025-12-15,제조원의 제품 생산 일정 지연,"초기용량 (10mg), 조절용량 (15mg 투여인 경우), 최대용량 (30mg) 투여 환자가 있을 경우 차질이 있습니다. 이에 대한 조치로서 공급이 필요한 병원에게 연락 받을 시 재고가 있는 병원으로 실시간 연결하는 조치를 취하고자 합니다.","제조원 생산 일정을 지속적으로 확인하며, 최대한 수입을 가속화하고자 합니다.",2026-03-15,2025-11-19,18,8806489035203
2025-11-06,액틱구강정400마이크로그램(펜타닐시트르산염),현대약품(주),2025-12-11,수입 지연에 따른 일시적 공급 차질,본 제품과 효능효과가 동일한 약제가 많이 처방되고 있어 환자 치료에 문제가 발생될 가능성은 없을 것으로 판단됨.,추가 생산/수입 및 공급을 통해 2026년 2월 27일 정상화 예상됨.,2026-02-27,2025-11-06,543,8806420007818
2025-11-06,액틱구강정200마이크로그램(펜타닐시트르산염),현대약품(주),2025-12-29,수입 지연에 따른 일시적 공급 차질,본 제품과 효능효과가 동일한 약제가 많이 처방되고 있어 환자 치료에 문제가 발생될 가능성은 없을 것으로 판단됨.,추가 생산/수입 및 공급을 통해 2026년 2월 27일 정상화 예상됨.,2026-02-27,2025-11-06,915,8806420007719
2025-09-23,류스타틴주사액(클라드리빈),지피테라퓨틱스코리아주식회사,2025-10-20,증빙서류 참고,첨부파일 참고,첨부파일 참고,2027-10-20,2025-09-23,11,8800572001014
2025-09-22,듀악겔5%,(주)글락소스미스클라인,2025-10-13,해외 공급처 공급 지연으로 인해 공급 부족 발생 예정됩니다.,대체 가능한 의약품이 시장에 공급되고 있어 해당 질환자의 치료에 차질이 발생하지 않을 것으로 예상됩니다. 따라서 해당 품목의 일시적인 공급 변동이 환자의 치료 계획 및 건강에 미치는 영향은 없을 것으로 판단됩니다.,2026년 1월 중순 이후 공급 재개 예정입니다.,2026-01-12,2025-09-22,1868,8806500024650
2025-09-19,퍼고베리스펜주450/225IU,머크(주),2025-10-30,사용량 급감에 따른 공급 물량 지연으로 인한 일시적 공급 지연,"퍼고베리스펜주(폴리트로핀알파, 루트로핀알파)는 난포자극호르몬(FSH)과 황체형성호르몬(LH)이 결핍된 여성에서 태반성성선자극호르몬(hCG) 투여 후에 난포의 발달 및 그에 이른 최종 성숙을 촉진시키는 것을 목적으로 합니다. 대체 가능한 동일 제품의 다른 용량 제제가 시판 중에 있어 환자 치료에는 큰 영향이 없을 것으로 예상됩니다.","폐사에서는 제품의 원활한 공급을 위해 모든 사전 조치를 취하고 있으며, 수입 배치 품목의 국내 품질 검사가 종료 되는 2025년 12월 26일 이후부터 정상적인 국내 공급이 예상됩니다.",2025-12-26,2025-09-18,883,8806617007218
2025-09-19,퍼고베리스펜주300/150IU,머크(주),2025-10-30,사용량 급감에 따른 공급 물량 지연으로 인한 일시적 공급 지연,"퍼고베리스펜주 300/150IU는 (폴리트로핀알파, 루트로핀알파)의 성분으로 난포자극호르몬(FSH)과 황체형성호르몬(LH)이 결핍된 여성에서 태반성성선자극호르몬(hCG) 투여 후에 난포의 발달 및 그에 이른 최종 성숙을 촉진시키는 것을 목적으로 합니다. 대체 가능한 동일 제품의 다른 용량 제제가 시판 중에 있어 환자 치료에는 큰 영향이 없을 것으로 예상됩니다.","폐사에서는 제품의 원활한 공급을 위해 모든 사전 조치를 취하고 있으며, 수입 배치 품목의 국내 품질 검사가 종료 되는 2025년 12월 26일 이후부터 정상적인 국내 공급이 예상됩니다.",2025-12-26,2025-09-18,1415,8806617007010
2025-09-10,케토스테릴정,프레지니우스카비코리아(주),2025-08-26,"SLS Bio가 의약품 검사기관 재지정 및 신규지정심사에서 2025년 9월 3일 자료 기준 미달로 최종 부적합 판정을 받았습니다. 시험기관 지정을 받지 못함으로써, 기존에 의뢰했던 QC 시험이 중단됨에 따라 시험 성적서를 받을 수 없는 상황으로, 케토스테릴정 제품의 공급이 불가하게 되었습니다.","성인 기준 1일 식이 단백섭취량이 40g 이하로 제한되어 있는 만성 신부전 환자에게 사용하는 제품으로, 불완전한 단백질 대사로 인한 손상을 감소시키는 제품입니다. 장기 품절 발생으로 환자에 미치는 영향으로는 아래와 같습니다. ① 질병 진행 위험 증가: 환자의 만성콩팥병(CKD) 진행 위험 증가 및 투석 시작 가속화에 따른 삶의 질 저하, 경제적 부담 증가 ② 영양 불량 위험 증가: 단백질 섭취가 제한된 환자에서 필수 아미노산 보충 차질로 영양 불균형 및 단백질-에너지 영양불량(PEW) 위험 증가 ③ 동일 성분 함량의 대체 치료제가 없으므로, 처방을 받고 있는 환자의 상태가 악화되거나, 새로운 기전의 약물을 찾아야 하는 등의 혼선이 불가피함.","대체 시험기관(KPTR)과 기술 이전에 대해 지난 6월 10일에 논의를 시작하여 진행 중에 있으며, 가급적 빠른 시일내에 기술 이전 및 품질검사를 완료하여, 10월 중 공급 정상화를 목표로 하고 있습니다. 다만, 기술 이전 결과에 따라 일정이 지연될 수 있으며, 해당 기관에 타 제약사 의뢰 요청이 몰리고 있어 추가 지연 가능성을 배제할 수 없는 상황입니다.",2025-10-15,2025-09-10,0,"8806509010609,8806509010616"
2025-09-10,칼트레이트플러스디500정,헤일리온코리아주식회사,2025-09-22,"의약품 시험ㆍ검사기관 ㈜에스엘에스바이오에 품질검사를 의뢰하였으나, 관련 절차가 지연되어 해당 제품의 수급불안정 상황이 발생할 우려가 있습니다.","동일 성분의 대체품이 없어 중단 기간동안 시장에 공급 부족이 예상됩니다. 대학병원 및 개인병원에서 처방되는 제품으로, 급여를 통해 일반 칼슘제에 비해 낮은 가격으로 환자에게 공급되고 있었으나, 현재 제한 공급으로 인해 환자분들이 불편을 호소하고 있어 안정적인 공급이 필요합니다. 특히 동 공급부족사유로 인하여, 9월 9일 기준 7,795 개에 대한 QC 시험 및 출하가 지연되고 있습니다.","현재 분석장비(ICP)를 갖추고 있는 실험실을 찾는 과정에 있고, 계약 및 시험방법 이전 등 최소 6개월 소요 될 것으로 예상하며, 2026년 3월 31일 정상화를 목표로 하고 있습니다.",2026-03-31,2025-09-09,0,8800516003616
2025-09-10,칼트레이트디400,헤일리온코리아주식회사,2025-11-04,"의약품 시험ㆍ검사기관 ㈜에스엘에스바이오에 품질검사를 의뢰하였으나, 관련 절차가 지연되어 해당 제품의 수급불안정 상황이 발생할 우려가 있습니다.","동일 성분의 대체품이 없어 중단 기간동안 시장에 공급 부족이 예상됩니다. 대학병원 및 개인병원에서 처방되는 제품으로, 급여를 통해 일반 칼슘제에 비해 낮은 가격으로 환자에게 공급되고 있었으나, 현재 제한 공급으로 인해 환자분들이 불편을 호소하고 있어 안정적인 공급이 필요합니다. 특히 동 공급부족사유로 인하여, 9월 9일 기준 43,232 개에 대한 QC 시험 및 출하가 지연되고 있습니다.","현재 분석장비(ICP)를 갖추고 있는 실험실을 찾는 과정에 있고, 계약 및 시험방법 이전 등 최소 6개월 소요 될 것으로 예상하며, 2026년 3월 31일 정상화를 목표로 하고 있습니다.",2026-03-31,2025-09-09,6343,8800516003517
2025-09-10,안드로쿨정(시프로테론아세테이트),한국메나리니(주),2025-08-25,"기존 품질 시험 업체인 SLS 바이오 영업정지 처분으로 인하여, 출하 승인 지연 및 공급 부족 발생","이 약의 투약기간 중 급작스러운 중단은 권장되지 않음. 동일성분, 동일함량의 타사 제품이 존재하지 않으므로 투약시작시부터 담당의와의 투약계획 조율이 필요함.",타시험 기관으로 이관하여 11월 초 공급 재개 예정,2025-11-03,2025-09-10,2,8806749006219
2025-09-10,센티렉스어드밴스정,헤일리온코리아주식회사,2025-11-10,"의약품 시험ㆍ검사기관 ㈜에스엘에스바이오에 품질검사를 의뢰하였으나, 관련 절차가 지연되어 해당 제품의 수급불안정 상황이 발생할 우려가 있습니다.","동일 성분의 대체품이 없어 중단 기간동안 시장에 공급 부족이 예상됩니다. 대학병원에서 처방되는 제품으로, 일부 병원에서 제품의 품절이 발생하고 있습니다. 지속적으로 복용하던 환자들이 불편을 호소하고 있고, 회사 고객센터에 환자 및 병원, 그리고 약국에서의 문의 전화가 점점 늘어나고 있기 때문에 빠른 공급이 필요합니다. 특히 동 공급부족사유로 인하여, 아래와 같이 9월 9일 기준 통관 보류 및 거래도매상 재고 중 가용화 가능한 재고량이 줄어들고 있는 실정입니다. - 통관 보류 재고 36,326개(QC 대상 재고, 판매 가능 기간 25년 10월 31일까지, 유효기간 27년 1월 13일) - 거래도매상 재고 24,353개 잔여 유효기간 1년 미만으로 실제 약국에서 판매 어려울 수 있음(유효기간 26년 9월 5일)","현재 분석장비(ICP)를 갖추고 있는 실험실을 찾는 과정에 있으며, 특히 센티렉스어드밴스정의 경우, 주성분 25개 포함되어 다수의 시험방법 이전이 필요합니다. 이에 따라 계약 및 시험방법 이전 등 최소 6개월 소요 될 것으로 예상하며, 2026년 3월 31일 정상화를 목표로 하고 있습니다.",2026-03-31,2025-09-09,0,8800516003111
2025-09-10,센티렉스실버어드밴스정,헤일리온코리아주식회사,2025-10-08,"의약품 시험ㆍ검사기관 ㈜에스엘에스바이오에 품질검사를 의뢰하였으나, 관련 절차가 지연되어 해당 제품의 수급불안정 상황이 발생할 우려가 있습니다.","동일 성분의 대체품이 없어 중단 기간동안 시장에 공급 부족이 예상됩니다. 대학병원에서 처방되는 제품으로, 일부 병원에서 제품의 품절이 발생하고 있습니다. 지속적으로 복용하던 환자들이 불편을 호소하고 있고, 회사 고객센터에 환자 및 병원, 그리고 약국에서의 문의 전화가 점점 늘어나고 있기 때문에 빠른 공급이 필요합니다. 특히 동 공급부족사유로 인하여, 아래와 같이 9월 9일 기준 통관 보류 및 거래도매상 재고 중 가용화 가능한 재고량이 줄어들고 있는 실정입니다. - 통관 보류 재고 : 36,156개(QC 대상 재고, 판매 가능 기간 25년 10월 31일까지, 유효기간 27년 1월 13일) - 거래도매상 재고 : 6,635개 잔여 유효기간 1년 미만으로 실제 약국에서 판매 어려울 수 있음(유효기간 26년 9월 5일)","현재 분석장비(ICP)를 갖추고 있는 실험실을 찾는 과정에 있으며, 특히 센티렉스실버어드밴스정의 경우, 주성분 25개 포함되어 다수의 시험방법 이전이 필요합니다. 이에 따라 계약 및 시험방법 이전 등 최소 6개월 소요 될 것으로 예상하며, 2026년 3월 31일 정상화를 목표로 하고 있습니다.",2026-03-31,2025-09-09,0,8800516003210
2025-09-05,"베네픽스주(혈액응고인자IX, 노나코그-알파 (유전자재조합))",한국화이자제약(주),2025-09-12,에스엘에스바이오의 의약품 시험/검사기관 지정 유효기간 만료로 인한 출하승인 지연.,"기존 베네픽스를 사용하던 혈우병 B 환자들에게 치료 중단 혹은 예정된 투여 일정에 지연이 발생함으로써 출혈 위험 증가 및 삶의 질 저하 가능성이 예상됩니다. 동일 계열 내 대체 치료제의 사용이 논의될 수 있지만, 베네픽스의 투여 편의성, 효과, 그리고 안전성 등을 고려하였을 때 환자에게 불편을 발생시킬 것으로 예상됩니다.","에스엘에스바이오에서 수행 중인 시험 항목은 무균시험, 함량시험이며, 베네픽스주 1000 IU 2배치 및 3000 IU 1배치에 대해 대체 검사기관에서의 시험 진행이 필요합니다. 폐사에서는 대체 검사기관인 KPTR에 의뢰하여 10월 말경 가용화를 목표로 하고 있습니다. 다만, KPTR에 업계 전반의 의뢰가 집중되고 있는 상황으로 인해 일정 지연 가능성이 존재하며, 이에 따라 폐사에서는 해당 검사기관과 긴밀하게 협의하여 공급 재개 시점을 앞당기고자 노력할 것입니다.",2025-10-31,2025-09-05,907,"8806489021633,8806489021657"
2025-09-02,알잘정5밀리그램(아로티놀롤염산염),삼일제약(주),2025-10-30,원료 수급 문제,"에이치케이이노엔(주)의 알말정5mg이 유통 중으로, 환 자의 불편은 적을 것으로 판단 됨",2025년 11월 28일 이후 정상 공급 가능,2025-11-28,2025-09-01,"6,518","8806439037509,8806439037516"
2025-09-02,알잘정10밀리그램(아로티놀롤염산염),삼일제약(주),2025-09-12,원료 수급,"에이치케이이노엔(주)의 알말정10mg이 유통 중으로, 환자의 불편은 적을 것으로 판단 됨",2025년 11월 28일 이후 정상 공급 가능,2025-11-28,2025-09-01,9,"8806439037608,8806439037615"
2025-08-29,하나로겔(헤파리노이드),신일제약(주),2025-08-28,원료 수급 지연 및 일부 거래처의 대량 구매,"현재, 동일한 ‘효능효과’와 동일한 ‘겔’ 제형의 헤파리노이드 성분의 제품으로는 노블루겔(JW중외제약), 플라노이드겔(태극제약)이 판매 중에 있고, 그 외 동일성분을 배합한 복합제 이치논크림(동아제약)과 유사한 작용을 가진 성분으로 헤파린나트륨 함유 제제들이 시판되고 있으므로, 시장 내 공급 부족이 발생할 가능성은 매우 적다고 사료됨. 현 시점부터는 2개월 내에 원활한 공급이 예상되오며 향후 동일한 상황이 반복되지 않도록 원료 수급 및 거래처 발주 패턴을 면밀히 관리할 예정임.","현재, 동일한 ‘효능효과’와 동일한 ‘겔’ 제형의 헤파리노이드 성분의 제품으로는 노블루겔(JW중외제약), 플라노이드겔(태극제약)이 판매 중에 있고, 그 외 동일성분을 배합한 복합제 이치논크림(동아제약)과 유사한 작용을 가진 성분으로 헤파린나트륨 함유 제제들이 시판되고 있으므로, 시장 내 공급 부족이 발생할 가능성은 매우 적다고 사료됨. 현 시점부터는 2개월 내에 원활한 공급이 예상되오며 향후 동일한 상황이 반복되지 않도록 원료 수급 및 거래처 발주 패턴을 면밀히 관리할 예정임.",2025-10-22,2025-08-29,0,8806538051741
2025-08-28,하나로겔(헤파리노이드),신일제약(주),2025-08-22,원료 수급 지연 및 일부 거래처의 대량 구매로 인한 일시 품절 발생,"현재, 동일한 효능효과를 가진 헤파리노이드 겔인 노블루겔, 플라노이드겔이 판매 중에 있고, 그 외 유사한 효능효과를 가진 복합제 품목인 노드라나액, 이치논크림도 판매 중임. 원료 수급 이슈로 2개월 내 생산하여 공급할 예정임",9월 생산 예정 → 10월 공급 예정,2025-10-24,2025-08-28,0,8806538051741
2025-08-18,에이리스정,한국화이자제약(주),2025-08-18,제조원의 공급 일정이 지연,"피임약, 여성의 중증도 여드름 치료제로 사용되는 약제로써 같은 성분 (에티닐에스트라디올 0.02mg/레보노르게스트렐 0.1mg), 용량의 제네릭 약제들이 유통되고 있어 환자 치료에 미치는 영향은 크지 않을 것으로 사료됩니다.","폐사는 공급정상화 예상일자를 앞당기기 위해서 공급처와 긴밀하게 논의하고 있으며, 공급일정을 단축하고자 노력하고 있습니다.",2025-10-20,2025-08-18,0,8806489024115
2025-08-14,트렐리지200엘립타흡입제,(주)글락소스미스클라인,2025-09-22,제조원 생산 라인의 생산 능력 감소로 인해 생산 일정에 차질이 발생하였습니다.,"트렐리지200엘립타의 공급 부족 시, 기존 유지치료 환자들에게 치료 연속성, 흡입기변경/추가에 따른 순응도 저하에 따라 다소 불편함이 예상됩니다. 다만, 동일성분, 동일 흡입디바이스(DPI)인 트렐리지엘립타 및 아뉴이티100엘립타를 병용하여 대체약제로 사용하며 치료 연속성 및 순응도를 최대 유지할 수 있습니다.","생산이 완료되는 즉시, 국내로 가장 신속히 수입될 수 있도록 항공 선적을 준비 중이며, 국내 시험 또한 최우선적으로 완료될 수 있도록 일정을 조율하고 있습니다. 저희는 품절 기간을 최대한 단축하기 위해 최선을 다하고 있음을 알려드립니다.",2025-10-20,2025-08-14,3904,8806500032617
2025-08-12,피아스프플렉스터치주100단위/밀리리터(인슐린아스파트),노보노디스크제약(주),2025-08-14,제품 생산일정 지연 및 QC 지연으로 인하며 8월 중 공급 제약이 발생할 것으로 예상됩니다.,피아스프 플렉스터치주 100단위/밀리리터(인슐린아스파트)는 하기의 자사 동일성분 제품으로 대체 가능합니다. - 피아스프주100단위/밀리리터(인슐린아스파트) - 노보래피드주100단위/밀리리터(인슐린아스파트),"피아스프플렉스터치주는 10월 중 다시 공급될 예정이며, 당사에서는 사안의 중대성을 인식하여 빠른 공급 정상화를 위해 노력하겠습니다.",2026-01-31,2025-08-11,373,8806544005820
2025-08-08,녹십자-파이브리노겐주(건조사람피브리노겐),(주)녹십자,2025-08-08,"폐사는 혈장분획제제 제조소인 오창공장의 시설 개선을 위한 renovation을 진행 중이며, 이와 더불어 일부 혈장분획제제의 제조공정 개선을 위한 공정검증을 진행하고 있었습니다. 제품 및 품질 환경 개선을 위한 업무 이행이 제품 공급에 영향을 미치지 않도록 철저히 계획을 수립하였으나, 작년 대비 올해 실제 의료 현장에서 해당 약제의 사용이 약 10% 이상 증가하였고, 계획된 배치 제조가 적절히 이루어지지 않은 점 등으로 인해 공급량이 감소하게 되었습니다.","본 제품은 외과처치, 선천성 저 및 무피브리노겐혈증 등의 저피브리노겐 혈증에 사용되는 의약품으로, 해당 약제가 없을 경우 대체 투약 가능한 제약사 상용제조 의약품은 없으나, 대한적십자사의 혈액제제 중 동결침전제제를 대체 투여 할 수 있습니다. . 그렇더라도 해당 의약품이 필수적으로 필요한 환자들을 위해, 통상 혈우재단을 통하여 월 평균 40 병 내외가 공급되고 있음을 고려하여, 12월까지 사용 가능한 분량 (220 vial)을 선제적으로 공급하였습니다.","폐사의 공장 내부 공사가 끝나는 즉시 (2025년 11월) 후속 로트 제조를 시작하여, 제조 완료되는 대로 국가검정시험을 진행하여 최대한 빠른 일정으로 공급할 예정이오니 양해를 부탁드립니다.",2026-02-28,2025-08-07,32,8806436008212
2025-08-07,"트로페린점안액(트로픽아미드,페닐레프린)(1회용)",한미약품(주),2025-08-11,주성분 트로픽아미드 원료 수급 이슈로 공급 차질 발생,"동일성분 복합제 1품목 및 동일효능 단일제(트로픽아미드, 아트로핀, 시클로펜톨레이트, 호마트로핀) 10개 기허가 품목 있으며, 이 중 7품목 판매 중으로 시장 공급 부족으로 인한 영향은 미미할 것으로 사료.","’25.8월말 원료 수급, 9월중순 완제품 생산 및 10월중순 공급 계획 예정",2026-06-30,2025-08-07,192,8806435057426
2025-07-25,메디락에스장용캡슐,한미약품(주),2025-08-11,원료수급 이슈로 공급 차질 발생,"정장생균성분 제제가 시장에서 다수 판매 중으로, 시장 공급 부족으로 인한 영향은 미미할 것으로 사료","’25.8월말 원료 수급, ‘25.9월초 완제품 제조 및 9월 말 공급 계획 예정",2025-10-22,2025-07-25,11000,"8806435009326,8806435009340"
2025-07-25,메디락디에스장용캡슐,한미약품(주),2025-08-19,원료수급 이슈로 공급 차질 발생,"정장생균성분 제제가 시장에서 다수 판매 중으로, 시장 공급 부족으로 인한 영향은 미미할 것으로 사료.","’25.8월말 원료 수급 예정, ‘25.9월초 완제품 제조 후 9월 말 공급 계획",2025-10-01,2025-07-25,31436,"8806435009036,8806435009050"
2025-07-23,심비코트라피헬러흡입제80/2.25마이크로그램,한국아스트라제네카(주),2025-09-10,국내 출하시험관련 업무 지연으로 공급 부족이 예상됩니다.,동일성분 다른 용량의 흡입제가 있으나 그 수가 매우 적어 환자에 대한 영향이 우려됩니다.,일정을 긴밀히 논의하여 제품의 공급 부족이 해소되도록 최대한 노력하겠습니다.,2026-03-05,2025-07-23,0,8806507012711
2025-07-22,조프란자이디스정8밀리그램(온단세트론),삼일제약(주),2024-10-31,제조원의 생산 지연 (25년 1월 8일 기 보고한 공급정상화 예정일을 도과하여 재보고함),"한미약품의 온단트정 등 다수의 제네릭 제품이 유통 중으로, 환자의 불편은 적을 것으로 판단 됨 (25년 1월 8일 기 보고한 공급정상화 예정일을 도과하여 재보고함)",2026년 01월 02일 이후 정상 공급 가능 예상 (25년 1월 8일 기 보고한 공급정상화 예정일을 도과하여 재보고함),2026-01-02,2025-07-22,0,"8806439040905,8806500011001,8806536027809,8806439040912,8806500011018,8806536027816"
2025-07-22,조프란자이디스정4밀리그램(온단세트론),삼일제약(주),2024-10-31,제조원의 생산 지연 (25년 1월 8일 기 보고한 공급정상화 예정일을 도과하여 재보고함),"한미약품의 온단트정 등 다수의 제네릭 제품이 유통 중으로, 환자의 불편은 적을 것으로 판단 됨 (25년 1월 8일 기 보고한 공급정상화 예정일을 도과하여 재보고함)",2026년 01월 02일 이후 정상 공급 가능 예상 (25년 1월 8일 기 보고한 공급정상화 예정일을 도과하여 재보고함),2026-01-02,2025-07-22,0,"8806439041001,8806500010905,8806536028806,8806439041018,8806500010912,8806536028813"
2025-07-21,에퀴피나필름코팅정50밀리그램(사피나미드메실산염),한국에자이(주),2025-07-22,"외부 시험원 측 이슈로 출하시험이 진행되지 못하고 있어, 기존 재고 소진시 일시적인 공급 부족이 예상됩니다.","파킨슨병 치료에 사용되는 유사 효능 약제들은 있으나, 본 약제는 신약으로써 동일 성분의 대체 약제는 아직 없습니다.",빠른 시간 내에 공급 부족이 해소될 수 있도록 시험원과 긴밀히 소통하도록 하겠습니다.,2025-08-31,2025-07-18,541,"8806211002602,8806211002619"
2025-07-21,심비코트라피헬러흡입제80/2.25마이크로그램,한국아스트라제네카(주),2025-08-20,국내 출하시험관련 업무 지연으로 공급 부족이 예상됩니다.,본 품목은 시장에서 단기간 부족이 예상됩니다. 현재 보유하고 있는 시장 재고가 우선 사용될 예정이며 자사의 동일성분 다른 용량의 흡입제 및 타사의 유사효능의 흡입제가 시장에 존재하여 환자치료에 미치는 영향은 크지 않을 것으로 예상됩니다.,일정을 긴밀히 논의하여 제품의 공급 부족이 해소되도록 최대한 노력하겠습니다.,2025-08-31,2025-07-21,0,8806507012711
2025-07-14,듀코랄액 (경구콜레라백신),(주)엑세스파마,2025-07-14,전세계적인 COVID-19 팬데믹과 우크라이나 전시 상황으로 인한 제조사 Valneva의 인력 감축 및 세계 물가 급등으로 듀코랄액의 공급 정상화가 어려운 상황이 지속되었습니다. 제조사의 공급 정상화가 재개되어 RA 변경 사항에 대한 변경 절차 완료 후 공급 재개될 것으로 예상됩니다.,오랜 공급 부족으로 현재 허가 없는 제품이 공급되고 있는 상황입니다.,RA 변경절차 진행 완류 후 신속하게 공급 재개하도록 하겠습니다.,2026-07-01,2025-07-14,0,8806731000911
2025-07-10,나테스토나잘겔(테스토스테론),현대약품(주),2025-05-12,수입 지연에 따른 일시적 공급 차질,본 제품의 구성성분(테스토스테론)으로 다양한 함량과 제형의 타사 제품이 시판되어 있어 환자 치료에 문제가 발생될 가능성이 없을 것으로 판단됨.,추가 수입 및 공급을 통해 2025년 10월 31일 정상화 예상됨.,2025-11-30,2025-07-10,0,8806420042116
2025-07-09,레코벨프리필드펜(폴리트로핀델타)(유전자재조합),한국페링제약(주),2025-07-14,"제조원 출하시험 지연으로 인한 레코벨프리필드펜 12.0mcg 단위 재고 부족의 건으로, 2025년 3월 31일 마지막 수입일 이후로 수입되지 않음. 8월 중순까지 공급 부족 예상됨.","동일 품목 허가 제품의 36.0mcg 및 72.0mcg 단위 공급에는 영향 없음. 동일 품목의 다른 용량 제품인 36.0mcg, 72.0mcg이 공급중이므로 환자 치료에 미치는 영향을 크지 않을 것으로 판단됨.",신속한 재공급을 위해 제조원과 논의중임.,2025-08-22,2025-07-08,42,8806525004217
2025-06-27,잘레딥캡슐10밀리그램(잘레플론),부광약품(주),2025-07-03,주성분 원료 수급 문제로 인한 생산 지연,동일 품목의 다른 포장단위인 잘레딥캡슐10mg(잘레플론) 100캡슐/병은 지속적으로 공급되고 있어 환자의 치료에 미치는 영향은 적을 것으로 예상됨,"주성분 원료 입고 즉시 잘레딥캡슐10mg(잘레플론) 28캡슐/상자의 생산을 진행할 예정이며, 이에 2025년 8월 말 동 품목 28캡슐/상자 포장단위의 공급 부족이 해소될 것으로 예상됨",2025-08-29,2025-06-27,7336,8806422046310
2025-06-25,삼진날록손염산염주사,삼진제약(주),2025-10-14,자사 제조소 이전(향남공장 → 오송공장)건 생상 및 허가일정 지연에 따른 공급부족 발생 예상,"동일한 농도의 동일 허가제품은 없지만, 동일 적응증으로 자사 외 타사에서도 2mg/mL 용량 등 다른 함량의 제품들이 공급되고 있어 환자치료에 미치는 영향은 크지 않을 것으로 예상됨",허가변경 보완 시 적극 대응하여 품목 허가 민원 처리예정일 내 허가 완료 목표,2026-02-18,2025-10-14,635,8806478009659
2025-06-19,플루티폼흡입제125μg/5μg,한국먼디파마(유),2025-06-20,국내 출하시험관련 업무 지연으로 공급부족 예상됨,"시장에서 단기간 부족이 예상되며, 현재 보유하고 있는 시장재고의 사용 또는 다른 유사효능의 흡입제가 시장에 존재하여 환자치료에 미치는 영향은 크지 않을 것으로 예상됩니다.",현재 일정을 긴밀히 논의하여 최대한 제품의 공급부족이 해소되도록 노력하겠습니다.,2025-08-01,2025-06-18,7118,8806780002911
2025-06-17,한국노바티스시프로바이점이현탁액,한국노바티스(주),2025-06-16,판매수요급증으로 인한 공급부족,현재 확인 중,7월 초 추가 수입 예정,2025-08-08,2025-06-16,533,8806536032414
2025-06-13,라리암정250밀리그램(메플로퀸염산염),디케이에스에이치코리아(주),2025-07-15,제조 일정 지연 및 그에 따른 공급 부족,국내에서 허가된 대체약제가 존재하므로 환자 치료에 미치는 영향은 적을것으로 예상됨.,제품 제조 일정 및 수입 일정을 앞당기기 위해 제조원과 긴밀하게 논의 중임.,2026-08-31,2025-05-27,249,"8800555000409,8800573000207,8806450000506,8800555000416,8800573000214,8806450000513"
2025-06-12,링거라이트액,(주)한국비엔씨,2025-08-22,생산일정 지연 등(상세내용 증빙서류 내 붙임 내용 참조),동일 효능효과 제품 존재(상세내용 파일첨부 내 붙임 내용 참조),11월 출하 예정(상세내용 파일첨부 내 붙임 내용 참조),2025-12-31,2025-06-12,0,8800593001208
2025-06-02,졸라딘주사(아세타졸아미드),(주)비씨월드제약,2025-04-15,원료 수급 불안정 및 생산 일정 지연. - 상세 내용 증빙서류 내 붙임 내용 참조,동일 주성분 및 효능효과 의약품 존재함. - 상세 내용 증빙서류 내 붙임 내용 참조,본 품목을 6월 중 생산하여 7월에 출하할 계획임. - 상세 내용 증빙서류 내 붙임 내용 참조,2025-07-15,2025-06-02,0,"8806531013708,8806531013715,8806531013722"
2025-05-21,글루오렌지100액(포도당),맥널티제약(주),2025-05-21,"해당 제품은 원료 제조원 병경으로 인한 품절 이후 공급이 일시 재개되었으나, 추가 원료의 공급 지연으로 인해 생산 일정이 순연되면서 현재 다시 품절 상태입니다.",.,"현재 원료 수급 상황을 기반으로 2025년 7월 초 생산 투입 예정이며, 7월 중순경부터 공급 재개가 가능할 것으로 예상됩니다.",2025-06-24,2025-05-21,0,8806415000114
2025-05-19,프리스틱서방정100밀리그램(데스벤라팍신숙신산염일수화물),한국화이자제약(주),2025-06-02,제조원의 공급일정 지연,"주요 우울증에 사용되는 SNRI 계열 약제로써 당사 제품 중 다른 포장 단위 (50mg)가 존재하고 같은 성분 (데스벤라팍신숙신산염일수화물), 용량의 제네릭 약제들이 유통되고 있어 환자 치료에 미치는 영향은 크지 않을 것으로 사료됨",배송일정을 앞당겨 공급일정 안정화,2025-07-28,2025-05-13,"17,894",8806489027710
2025-05-19,실로덱스점이현탁액,한국노바티스(주),2025-05-20,판매수요급증과 제조원의 생산일정 지연으로 인한 공급부족,"동일제품은 아니나 자사의 시프로바이 제품이 있어, 환자치료에 미치는 영향은 적을 것으로 판단",8월 초 수입예정,2025-10-31,2025-05-19,4021,8806536030410
2025-05-08,안자탁스주(파클리탁셀),한국화이자제약(주),2025-07-21,제조원의 제품 생산 일정 지연,"당사 제품 중 다른 포장단위가 존재하며, 같은 성분/용량의 제네릭 제품들이 유통되고 있어 환자에 미치는 영향이 크지 않을 것으로 사료됨","폐사는 해당 수입 및 가용화 일정을 앞당기기 위해서 공급처와 긴밀하게 논의하고 있으며, 국내에서도 실험일정 단축 등 공급일정을 단축하고자 노력하고 있습니다.",2025-09-01,2025-04-29,90,8806489029615
2025-04-30,비쥬다인주사(베르테포르핀),디케이에스에이치코리아(주),2025-10-31,완제 제조소의 생산 용량 제한에 따른 공급부족,"환자수가 많은 습성 연령관련 황반변성 및 병적 근시에 의한 맥락막 신생혈관은 항혈관내피성장인자(anti-VEGF) 주사가 1차 치료제로 널리 사용되고 있으며, 비쥬다인은 주로 추가 치료 또는 병용요법으로 활용되고 있습니다. 따라서 공급 제한이 발생하더라도 환자 치료에 미치는 직접적인 영향은 크지 않을 것으로 사료됩니다.",2026년 12월 공급 예상 (APAC 시장의 공급을 위한 supply chain 추가 승인을 EMA에서 진행 중),2026-12-31,2025-03-10,358,8800555001000
2025-04-29,헤파멜즈산(L-아스파르트산-L-오르니틴),한화제약(주),2025-09-25,원료 가격 상승으로 인한 채산성 악화로 헤파멜즈산 생산에 어려움이 있어 제품 공급에 차질이 발생할 것으로 예상됨,"헤파멜즈산(L-아스파르트산-L-오르니틴)과 동일 성분의 의약품이 다수 존재하며, ATC코드([A5B] 간보호제와 지방간 예방제)로 확인 시 헤파멜즈산을 대체할 수 있는 의약품이 존재하여 공급부족으로 인해 환자 치료에 미치는 영향은 미비할 것으로 예상됨.",채산성 악화로 인한 영업이익 문제로 생산에 어려움이 있으나 판매의 패키지생산 등의 영업이익을 증가시키는 방향으로 생산성 향상을 위해 노력하여 공급을 정상화 시킬 수 있도록 하겠음,2025-12-01,2025-04-25,3284,8806516008989
2025-04-29,나테스토나잘겔(테스토스테론),현대약품(주),2025-05-12,수입 지연에 따른 일시적 공급 차질,본 제품의 구성성분(테스토스테론)으로 다양한 함량과 제형의 타사 제품이 시판되어 있어 환자 치료에 문제가 발생될 가능성은 없을 것으로 판단됨.,추가 수입 및 공급을 통해 26년 01월 31일 정상화 예상됨.,2026-01-31,2025-04-29,188,8806420042116
2025-04-28,유레릭스주0.25밀리그램(세트로렐릭스아세트산염),(주)베키오바이오젠,2025-05-12,수입 지연에 따른 일시적 공급 차질,본 제품의 구성성분은 효능효과가 동일한 약제가 많이 처방되어 있어 환자 치료에 문제가 발생될 가능성은 없을 것으로 판단됨.,"향후 내부 일정에 따라 생산 일정을 수립할 예정이며, 생산 재개되는 즉시 변경보고를 진행할 계획입니다.",2025-11-03,2025-04-28,1000,"8806262000305,8806262000312"
2025-04-11,글루오렌지100액(포도당),맥널티제약(주),2025-03-31,기존 포도당 제조원인 삼양사의 공급중단에 따른 제조원 변경 진행,.,"제조원 변경 완료, 4월 이후 정상 생산 진행",2025-05-07,2025-04-11,0,8806415000114
2025-04-04,레버미어플렉스펜주100단위/밀리리터,노보노디스크제약(주),2025-07-02,"이번 공급 부족은 일부 제조시설 내 기술적 이상으로 인한 충전 공정에서의 생산량 감소로 인해 발생한 것으로, 제품의 품질 및 안전성과는 관련이 없습니다.","레버미어플렉스펜주100단위/밀리리터는 자사 제품인 트레시바플렉스터치주100단위/밀리리터로 대체 가능하며 사용을 고려할 수 있습니다(트레시바플렉스터치주100단위/밀리리터 현재고량: 570,630)",2026년 4월경부터 공급정상화가 가능할 것으로 사료됩니다.,2026-04-01,2025-04-03,"38,350",8806544002027
2025-04-04,"노보믹스30플렉스펜주100단위/밀리리터(인슐린아스파트,유전자재조합)",노보노디스크제약(주),2025-06-10,"이번 공급 부족은 일부 제조시설 내 기술적 이상으로 인한 충전 공정에서의 생산량 감소로 인해 발생한 것으로, 제품의 품질 및 안전성과는 관련이 없습니다.","노보믹스30플렉스펜주100단위/밀리리터는 자사 제품인 리조덱플렉스터치주100단위/밀리리터로 대체 가능하며 사용을 고려할 수 있습니다(리조덱플렉스터치주100단위/밀리리터 현재고량: 746,005)",2026년 4월경부터 공급정상화가 가능할 것으로 사료됩니다.,2026-04-01,2025-04-03,"115,715",8806544001624
2025-04-04,노보래피드플렉스펜주100단위/밀리리터(인슐린아스파트),노보노디스크제약(주),2025-04-25,"이번 공급 부족은 일부 제조시설 내 기술적 이상으로 인한 충전 공정에서의 생산량 감소로 인해 발생한 것으로, 제품의 품질 및 안전성과는 관련이 없습니다.","노보래피드플렉스펜주100단위/밀리리터는 자사 제품인 피아스프플렉스터치주100단위/밀리리터로 대체 가능하여 사용을 고려할 수 있습니다(피아스프플렉스터치주100단위/밀리리터 현재고량: 323,540)",2026년 4월경부터 공급정상화가 가능할 것으로 사료됩니다.,2026-04-01,2025-04-03,7745,8806544000924
2025-03-31,씨투스현탁정70mg(프란루카스트수화물),삼아제약(주),2025-06-28,자사 내부사정에 따름,"현재 당사 제품과 동일한 함량 및 제형으로 소아 대상 허가를 받은 제품은 없으나, 소아를 위한 대체 의약품으로 ‘씨투스건조시럽’, ‘씨투스츄정 74.2mg’, ‘씨투스츄정 53.0mg’ 제품을 보유하여 시판 중이므로, 환자 치료에 미치는 영향은 낮을 것으로 사료됩니다.","향후 내부 일정에 따라 생산 일정을 수립할 예정이며, 생산 재개되는 즉시 변경보고를 진행할 계획입니다.",2025-10-31,2025-03-31,4035,8806457024116
2025-03-31,씨투스현탁정50mg(프란루카스트수화물),삼아제약(주),2025-06-28,자사 내부사정에 따름,"현재 당사 제품과 동일한 함량 및 제형으로 소아 대상 허가를 받은 제품은 없으나, 소아를 위한 대체 의약품으로 ‘씨투스건조시럽’, ‘씨투스츄정 74.2mg’, ‘씨투스츄정 53.0mg’ 제품을 보유하여 시판 중이므로, 환자 치료에 미치는 영향은 낮을 것으로 사료됩니다.","향후 내부 일정에 따라 생산 일정을 수립할 예정이며, 생산 재개되는 즉시 변경보고를 진행할 계획입니다.",2025-10-31,2025-03-31,6764,8806457024314
2025-03-31,씨투스현탁정140mg(프란루카스트수화물),삼아제약(주),2025-06-28,자사 내부사정에 따름,"현재 당사 제품과 동일한 함량 및 제형으로 소아 대상 허가를 받은 제품은 없으나, 소아를 위한 대체 의약품으로 ‘씨투스건조시럽’, ‘씨투스츄정 74.2mg’, ‘씨투스츄정 53.0mg’ 제품을 보유하여 시판 중이므로, 환자 치료에 미치는 영향은 낮을 것으로 사료됩니다.","향후 내부 일정에 따라 생산 일정을 수립할 예정이며, 생산 재개되는 즉시 변경보고를 진행할 계획입니다.",2025-10-31,2025-03-31,2614,8806457024215
2025-03-31,씨투스현탁정100mg(프란루카스트수화물),삼아제약(주),2025-06-28,자사 내부사정에 따름,"현재 당사 제품과 동일한 함량 및 제형으로 소아 대상 허가를 받은 제품은 없으나, 소아를 위한 대체 의약품으로 ‘씨투스건조시럽’, ‘씨투스츄정 74.2mg’, ‘씨투스츄정 53.0mg’ 제품을 보유하여 시판 중이므로, 환자 치료에 미치는 영향은 낮을 것으로 사료됩니다.","향후 내부 일정에 따라 생산 일정을 수립할 예정이며, 생산 재개되는 즉시 변경보고를 진행할 계획입니다.",2025-10-31,2025-03-31,1807,8806457024413
2025-03-31,삼아로스판액(플로로글루시놀수화물),삼아제약(주),2025-03-31,자사 내부사정에 따름,현재 당사 제품과 동일한 효능효과 및 용법용량인 대화제약의 ’후로스판액’이 시판 중에 있어환자 치료에 미치는 영향은 낮을 것으로 사료됩니다.,향후 생산 재개를 통한 공급 정상화 예정,2026-11-01,2025-03-31,64,8806457028510
2025-03-21,라이센드플러스액,신신제약(주),2025-05-01,"원료 제조원에서 GMP를 미갱신함에 따라 국내 수입이 어려움, 원료 수급 문제로 인한 생산 부족예상됨",국가필수의약품으로 당해 제품만 생산 유지 중 원료 수입 불가 시 치료제 공급 불가,살충제 성분으로서 GMP를 유지하고 있는 원료 제조원이 전세계적으로 없는 점을 감안 하여 대안을 찾고 있습니다.,2026-06-30,2025-06-30,5500,8806438000832
2025-03-18,하나인산코데인정,하나제약(주),2025-03-27,제품 시험결과 부적합처리되어 공정진행이 중단됨,"하나인산코데인정의 공급 부족은 환자들의 통증 관리 어려움, 대체약물에 의한 부작용, 치료의 일관성 저하 및 건강 상태 악화 등을 초래할 수 있음. 대체 약물로 오피오이드계나 NSAIDs계 그리고 트라마돌 등을 사용할 수 있으나 하나인산코데인정과 완벽하게 동일한 효과를 보장하지 않으며, 각 약물에 따른 부작용이나 약물 상호작용이 발생할 가능성이 있음. 따라서 환자에게 적합한 대체 약물의 선택과 더불어 모니터링이 필요할 것으로 사료됨",부적합 원인 조사후 최단기간내 생산예정,2025-05-09,2025-03-13,1152,8806578028314
2025-03-11,시나지스주사액50밀리그램(팔리비주맙),한국아스트라제네카(주),2025-03-04,"예년보다 급증한 호흡기세포융합바이러스(RVS) 환자 수로 인해 시나지스주사액 50 밀리그램(팔리비주맙)의 수요량이 급증함에 따라, 공급량(국내 재고량 및 수입 계획량)이 일시적으로 원활하지 않을 수 있음이 확인되었습니다.","공급부족이 발생하는 2025년3월의 경우 예년과 같이 입원율이 감소하는 현상을 보이고 있으므로 RSV 유행 기간 중 5회 투여를 완료한 환자에게는 큰 우려사항이 없을 것으로 예상됩니다. 하지만 3~4월 공급 부족으로 인해 권장된 5회를 모두 투여 받지 못하는 환자군에 대하여 예방 효과 감소 및 RSV 감염으로 인한 입원 증가로 이어질 우려가 있습니다. 특히, 적응증에 해당하는 고위험군 소아에서 충분한 예방 효과를 얻지 못할 가능성이 큽니다.",수입 및 국내 출하시험 일정을 가능한 빠른 일정으로 조율하여 공급 정상화에 주력할 예정입니다. 공급 정상화 예상일자는 2025년 5월 28일입니다.,2025-05-28,2025-03-06,0,8806507011912
2025-03-11,시나지스주사액100밀리그램(팔리비주맙),한국아스트라제네카(주),2025-03-04,"예년보다 급증한 호흡기세포융합바이러스(RVS) 환자 수로 인해 시나지스주사액 100밀리그램(팔리비주맙)의 수요량이 급증함에 따라, 공급량(국내 재고량 및 수입 계획량)이 일시적으로 원활하지 않을 수 있음이 확인되었습니다.","공급부족이 발생하는 2025년3월의 경우 예년과 같이 입원율이 감소하는 현상을 보이고 있으므로 RSV 유행 기간 중 5회 투여를 완료한 환자에게는 큰 우려사항이 없을 것으로 예상됩니다. 하지만 3~4월 공급 부족으로 인해 권장된 5회를 모두 투여 받지 못하는 환자군에 대하여 예방 효과 감소 및 RSV 감염으로 인한 입원 증가로 이어질 우려가 있습니다. 특히, 적응증에 해당하는 고위험군 소아에서 충분한 예방 효과를 얻지 못할 가능성이 큽니다.",수입 및 국내 출하시험 일정을 가능한 빠른 일정으로 조율하여 공급 정상화에 주력할 예정입니다. 공급 정상화 예상일자는 2025년 5월 28일입니다.,2025-05-28,2025-03-06,74,8806507011813
2025-03-06,시나지스주사액50밀리그램(팔리비주맙),한국아스트라제네카(주),2025-03-04,"예년보다 급증한 호흡기세포융합바이러스(RVS) 환자 수로 인해 시나지스주사액 50 밀리그램(팔리비주맙)의 수요량이 급증함에 따라, 공급량(국내 재고량 및 수입 계획량)이 일시적으로 원활하지 않을 수 있음이 확인되었습니다.",최대한 빠른 시일 내에 공급을 재개하여 환자 치료에 미치는 영향을 미미할 것으로 예상됩니다.,수입 및 국내 출하시험 일정을 가능한 빠른 일정으로 조율하여 공급 정상화에 주력할 예정입니다. 공급 정상화 예상 일자는 2025년 5월 28일 입니다.,2025-05-28,2025-03-06,0,8806507011912
2025-02-21,콘서타OROS서방정27밀리그램(메틸페니데이트염산염),(주)한국얀센,2025-04-07,"원료 수급과 관련된 생산량 제약, 여러 시장에서 콘서타OROS서방정의 새로운 허가승인 및 수요 증가 등 여러 가지 상황이 복합적으로 발생하여 일시적 공급 부족이 예상됩니다.","현재 당사 제품과 동일한 함량(27mg) 및 제형(OROS 서방정)으로 허가된 제품은 없으나, ‘메틸페니데이트염산염’을 주성분으로 하는 다양한 함량 및 제형의 제품이 허가 승인되어 시판 중에 있습니다. 상기 기재한 공급부족 발생 예상일자 2025년 4월 7일은 재고 수준이 낮은 지역에서 수요가 최대치일 경우를 가정하여 보수적으로 추산한 일정입니다.",수입 및 국내 출하시험 일정을 가능한 빠른 일정으로 조율하여 공급 정상화에 주력할 예정입니다.,2025-05-26,2025-02-21,91380,8806469023718
2025-02-06,액틱구강정800마이크로그램(펜타닐시트르산염),현대약품(주),2024-12-12,수입 지연에 따른 일시적 공급 차질,본 제품의 구성성분은 효능효과가 동일한 약제가 많이 처방되어 있어 환자 치료에 문제가 발생될 가능성은 없을 것으로 판단됨.,추가 생산 및 공급을 통해 2025년 3월 31일 정상화 예상됨.,2025-03-31,2025-02-06,290,8806420008013
2025-02-06,액틱구강정400마이크로그램(펜타닐시트르산염),현대약품(주),2025-02-07,수입 지연에 따른 일시적 공급 차질,본 제품의 구성성분은 효능효과가 동일한 약제가 많이 처방되어 있어 환자 치료에 문제가 발생될 가능성은 없을 것으로 판단됨.,추가 생산/수입 및 공급을 통해 2025년 4월 17일 정상화 예상됨.,2025-04-17,2025-02-06,5,8806420007818
2025-02-06,액틱구강정200마이크로그램(펜타닐시트르산염),현대약품(주),2025-03-10,수입 지연에 따른 일시적 공급 차질,본 제품의 구성성분은 효능효과가 동일한 약제가 많이 처방되어 있어 환자 치료에 문제가 발생될 가능성은 없을 것으로 판단됨.,추가 생산/수입 및 공급을 통해 2025년 3월 31일 정상화 예상됨.,2025-03-31,2025-02-06,585,8806420007719
2025-01-24,신신펠비낙로오션(펠비낙),신신제약(주),2024-11-01,"신신펠비낙로오션의 제조사인 제뉴원사이언스와 단가 및 원료제조원에 대한 논의를 진행하며 공급이 부족해져 일시적은 품절상태가 되었습니다. 현재 새로운 제조원을 찾아 제뉴원사이언스에 연결중이며, 가능한 빠른 시일내 허가변경 진행 및 완제품 공급이 이루어질 수 있도록 노력하겠습니다.","본 제품은 일반의약품으로서 관절염, 근육통 등에 효능효과가 있는 대체제품들이 판매되고 있어 일시적인 공급부족으로 인한 환자치료에 미치는 영향은 적을 것으로 판단 됩니다.","제조사와 새로운 원료제조원을 연결하여 빠른 완제품 생산을 진행하겠습니다. 5월20일을 목표로 업무를 진행하고자 하며, 빠른 시일 내에 품목 공급이 정상화 될 수 있도록 노력하겠습니다.",2025-12-31,2025-01-24,0,8806438012910
2025-01-24,마플러스나잘스프레이,(주)유한양행,2025-02-24,"마플러스나잘스프레이의 원개발사인 독일 STADA사와 허가변경에 대한 논의를 진행해 오고있는 중이며, 현재 관련 변경 자료 입수가 다소 지체되고 있습니다. 가능한 빠른 시일내 허가변경 진행 및 완제품 수입이 이루어질 수 있도록 노력하겠습니다.",본 제품은 일반의약품으로서 유사한 효능효과의 대체 제품들이 판매되고 있어 일시적 공급부족으로 인한 환자치료에 미치는 영향은 적을 것으로 판단됩니다.,"원개발사와 허가변경 진행예정이며, 변경 완료 후 완제품에 대한 수입통관을 진행하겠습니다. 3월말을 목표로 업무를 진행하고자 하오며, 빠른 시일 내에 품목 공급이 정상화될 수 있도록 노력하겠습니다.",2025-03-31,2025-01-23,"1,027","8806421004809,8806421004816"
2025-01-17,산텐미드린피점안액,한국산텐제약(주),2025-03-31,공급 및 수입 지연,"대체의약품으로 트로페린점안액(트로픽아미드,페닐레프린)(1회용)이 허가되어 있음",최대한 빠른 시일 내에 수입 및 공급 재개 예정,2025-07-31,2025-01-16,46188,8806656002410
2025-01-17,배리셀라주(수두생바이러스백신),(주)녹십자,2025-01-01,국내 수요 증가에 따른 공급 부족,"타 사의 수두백신이 공급중인 바, 환자 치료에 큰 영향을 미치지 않을 것으로 판단됩니다. 다만, 해당 품목의 빠른 공급 안정화를 도모하여 장기적으로 공급에 영향을 미치지 않도록 만전을 기하겠습니다.",국내 수요 증가에 따라 해당 품목의 내수 공급 물량을 증대할 것을 계획 중에 있으며 빠른 생산을 통해 공급에 차질이 없도록 하겠습니다.,2025-04-15,2024-01-31,0,8806436059108
2025-01-15,콘서타OROS서방정18밀리그램(메틸페니데이트염산염),(주)한국얀센,2025-03-03,"원료 수급과 관련된 생산량 제약, 여러 시장에서 콘서타OROS서방정의 새로운 허가승인 및 수요 증가 등 여러 가지 상황이 복합적으로 발생하여 일시적 공급 부족이 예상됩니다.","현재 당사 제품과 동일한 함량(18mg) 및 제형(OROS 서방정)으로 허가된 제품은 없으나, ‘메틸페니데이트염산염’을 주성분으로 하는 다양한 함량 및 제형의 제품이 허가 승인되어 시판 중에 있습니다. 상기 기재한 공급부족 발생 예상일자 2025년 3월 3일은 재고 수준이 낮은 지역에서 수요가 최대치일 경우를 가정하여 보수적으로 추산한 일정입니다.",수입 및 국내 출하시험 일정을 가능한 빠른 일정으로 조율하여 공급 정상화에 주력할 예정입니다.,2025-05-08,2025-01-15,75766,8806469023619
2025-01-10,라이트징크시럽(황산아연일수화물),(주)라이트팜텍,2025-05-29,기존 위탁제조처의 생산중단,기존 위탁제조처의 생산중단,신규 위탁제조처로 허가변경 진행 중,2026-06-01,2025-01-08,200,8806903036823
2025-01-08,조프란자이디스정8밀리그램(온단세트론),삼일제약(주),2024-10-31,제조원의 생산 지연 (24년 보고 대상으로 최초 포함됨),"한미약품의 온단트정 등 다수의 제네릭 제품이 유통 중으로, 환자의 불편은 적을 것으로 판단 됨 (24년 보고 대상으로 최초 포함됨)",2025년 05월 05일 이후 정상 공급 가능 (24년 보고 대상으로 최초 포함됨),2025-10-01,2025-01-08,0,"8806439040905,8806500011001,8806536027809,8806439040912,8806500011018,8806536027816"
2025-01-08,조프란자이디스정4밀리그램(온단세트론),삼일제약(주),2024-10-31,제조원의 생산 지연 (24년 보고 대상으로 최초 포함됨),"한미약품의 온단트정 등 다수의 제네릭 제품이 유통 중으로, 환자의 불편은 적을 것으로 판단 됨 (24년 보고 대상으로 최초 포함됨)",2025년 05월 05일 이후 정상 공급 가능 예상 (24년 보고 대상으로 최초 포함됨),2025-10-01,2025-01-08,0,"8806439041001,8806500010905,8806536028806,8806439041018,8806500010912,8806536028813"
2025-01-08,로페시콘츄정,한미약품(주),2025-01-20,완제의약품 주성분인 시메티콘의 원료수급 이슈로 공급 차질 발생,"유사 적응증(급성, 만성설사) 보유한 품목 다수 판매 중이므로 시장 공급 부족 발생에 영향을 미치지 않을 것으로 예상","’25.1월 원료 허가변경신청, ‘25.4월 완제품 제조 후 6월 공급 계획",2025-06-30,2025-01-08,150,"8806435069009,8806435069016,8806435069023,8806435069030"
2024-12-17,타코실,대한적십자사,2025-01-06,제조사 수급 불안정으로 인한 공급부족,본 제품과 구성성분이 동일하지만 좀 더 큰 사이즈인 라지 사이즈(45.6cm2) 제품으로 일부 변경되어 사용 가능하여 환자 치료에 문제가 발생될 가능성은 없을 것으로 판단됨,추가 수입을 통해 25년 2월 21일 정상화 예정,2025-02-21,2024-12-06,0,8806553002421
2024-12-17,콘서타OROS서방정54밀리그램(메틸페니데이트염산염),(주)한국얀센,2025-04-21,"원료 수급과 관련된 생산량 제약, 여러 시장에서 콘서타OROS서방정의 새로운 허가승인 및 수요 증가 등 여러 가지 상황이 복합적으로 발생하여 일시적 공급 부족이 예상됩니다.","현재 당사 제품과 동일한 함량(54mg) 및 제형(OROS 서방정)으로 허가된 제품은 없으나, ‘메틸페니데이트염산염’을 주성분으로 하는 다양한 함량 및 제형의 제품이 허가 승인되어 시판 중에 있습니다. 상기 기재한 공급부족 발생 예상일자 2025년 2월 17일은 재고 수준이 낮은 지역에서 수요가 최대치일 경우를 가정하여 보수적으로 추산한 일정입니다.",수입 및 국내 출하시험 일정을 가능한 빠른 일정으로 조율하여 공급 정상화에 주력할 예정입니다.,2025-06-09,2025-03-17,36902,8806469020717
2024-12-13,유시락스시럽(히드록시진염산염),한국유씨비제약(주),2024-12-23,"유시락스의 공급계획은 이전 5개년도의 실제 수요를 반영하여 안정적인 공급할 수 있도록 계획되어 있으나, 동일 성분의 타 회사 제품의 공급 불안정 및 용량표기 오기로 인한 영업자 회수조치로 인하여 통상적인 판매량을 훨씬 상회한 급격한 시장수요가 발생하고 있으며, 이로 인해 일시적으로 유시락스시럽의 재고가 필요수준의 재고를 하회하게 되었습니다.",동일 성분의 타 회사 제품이 시장에서 판매되고 있기 때문에 환자 치료에는 큰 영향이 없을 것으로 예상됩니다,"프랑스의 위탁제조사에서 생산되어 수입되는 완제 수입의약품의 특성상 유시락시스럽의 수입량 변경은 6개월 이후의 물량에 대해서 가능하며, 6개월 이내의 수입예정 수량은 변경되기 어려운 상황입니다. 이에 따라 유시락스시럽의 일시공급중단이 예상되나, 현재 추가 수입이 2024년 12월 23일 예정 되어 품질검사를 마친 후 2025년 1월말-2월초 시장에 공급될 예정입니다.",2025-02-03,2024-12-11,0,8806541000910
2024-12-11,콘서타OROS서방정36밀리그램(메틸페니데이트염산염),(주)한국얀센,2025-05-05,"원료 수급과 관련된 생산량 제약, 여러 시장에서 콘서타OROS서방정의 새로운 허가승인 및 수요 증가 등 여러 가지 상황이 복합적으로 발생하여 일시적 공급 부족이 예상됩니다.","현재 당사 제품과 동일한 함량(36mg) 및 제형(OROS 서방정)으로 허가된 제품은 없으나, ‘메틸페니데이트염산염’을 주성분으로 하는 다양한 함량 및 제형의 제품이 허가 승인되어 시판 중에 있습니다. 상기 기재한 공급부족 발생 예상일자 2025년 1월 13일은 재고 수준이 낮은 지역에서 수요가 최대치일 경우를 가정하여 보수적으로 추산한 일정입니다.",수입 및 국내 출하시험 일정을 가능한 빠른 일정으로 조율하여 공급 정상화에 주력할 예정입니다.,2025-05-26,2025-03-17,"77,721",8806469020618
2024-12-11,류케란정(클로람부실),에이징생명과학(주),2024-02-12,"당사는 현재 의약품변경등록 (접수번호 : 20240224083 / 접수일 : 2024.12.10)을 신청하여, 식약처에서 검토단계중에 있습니다. 변경승인 신청사항은 아래와 같습니다. 1. 주성분 제조원 (수입의 경우) : 제조소명 : Ampac Fine chemicals LLC 소재지 : US Highway 50 and Hazel Avenue Rancho Cordova California 95670 USA 2. 주성분 제조원 'AMPAC Fine chemicals' 변경으로 인한 CTD Substance part 그리고 Product part 제출합니다. CTD 전환대상해당으로 CTD 전환합니다. 완제연계 보완진행 시간과, 변경등록 완료 후 제조원과의 포장 artwork 작업을 위한 시간 8개월을 고려하였을 때, 최소 공급예상일자는 2026.08.31로 예상됩니다. 이에, 공급부족보고를 보고합니다.","당사는 현재 첨부와 같이 변경등록을 진행중에 있습니다. 이에, 한국필수.희귀의약품에서 수입하여 유통되고 있어 환자치료에 미치는 영향은 없을 것으로 사료됩니다.","첨부와 같이 당사는 현재 변경허가 진행중에 있습니다. 허가진행을 조속히 완료하여, 공급원활화에 최선을 다하겠습니다.",2026-08-31,2024-12-11,0,8806261001419
2024-12-05,디티부스터주(프리필드시린지)(성인용 흡착 디프테리아 및 파상풍 혼합백신),(주)엑세스파마,2024-12-09,2024년8월19일에 수입된 디티부스터주의 국가출하승인이 2024년12월10일 예정이었으나 일정이 지연되어 공급량이 부족한 상황입니다.,타사의 대체 제품이 있어 환자 치료에 미치는 영향은 크지 않을 것으로 예상되지만 대체 제품의 생산량이 제한적인 것으로 파악하고 있습니다.,2025년 1월 중으로 국가출하승인이 완료되도록 식약처와 협의 중입니다.,2025-01-27,2024-12-05,0,8806731000423
2024-12-03,카디옥산주500밀리그램(덱스라족산),클리니젠코리아(유),2025-01-13,제조사(Cenexi)의 생산설비 문제로 인한 일시 생산중단,첨부된 허가증 상에 효능효과 참조,"1. 2024년 11월30일까지 정상적으로 거래처 공급완료 2. 2024년 12월 02일 카디옥산주 3,910팩 수입 완료 및 QC TEST 진행 중 3. 2024년 12월 29일 ~ 2025년 01월 10일까지 보유 재고 (약 3,815팩) 거래처 공급예정 4. 2025년 1월 13일이후 카디옥산주 일시 품절 5. 2025년 4월 카디옥산주 수입예정 6. 2025년 5월~6월 중으로 카디옥산주 정상 공급예정",2025-06-16,2024-12-03,3895,8800761000118
2024-11-14,액틱구강정800마이크로그램(펜타닐시트르산염),현대약품(주),2024-12-12,수입 지연에 따른 일시적 공급 차질,본 제품의 구성성분은 효능효과가 동일한 약제가 많이 처방되어 있어 환자 치료에 문제가 발생될 가능성은 없을 것으로 판단됨.,추가 생산 및 공급을 통해 2025년 2월 19일 정상화 예상됨.,2025-02-19,2024-11-14,449,8806420008013
2024-11-13,콘서타OROS서방정18밀리그램(메틸페니데이트염산염),(주)한국얀센,2024-12-16,"원료 수급과 관련된 생산량 제약, 여러 시장에서 콘서타OROS서방정의 새로운 허가승인 및 수요 증가 등 여러 가지 상황이 복합적으로 발생하여 일시적 공급 부족이 예상됩니다.","‘메틸페니데이트염산염’을 주성분으로 하는 다양한 함량 및 제형의 제품이 허가 승인되어 시판 중에 있습니다. 다만, 현재 당사 제품과 동일한 함량(18mg) 및 제형(OROS 서방정)으로 허가된 제품은 없습니다. 상기 기재한 공급부족 발생 예상일자 12월 16일은 재고 수준이 낮은 지역에서 수요가 최대치일 경우를 가정하여 가장 보수적으로 추산한 일정으로, 실제 제품 공급 부족 상황은 발생하지 않을 수 있습니다. 12월 31일 경 추가 물량의 시장공급이 예상됨에 따라 실제 공급 부족 예상 기간은 15일 수준으로, 환자 치료에 미치는 영향은 제한적일 것으로 생각됩니다.",수입 및 국내 출하시험 일정을 가능한 빠른 일정으로 조율하여 공급 정상화에 주력할 예정입니다.,2024-12-31,2024-11-12,"18,555",8806469023619
2024-11-13,베시보정(베시포비르디피복실말레산염),일동제약(주),2024-11-13,원료(글리세롤디스테아레이트) 유효기한 도래로 긴급 재입고 후 생산 진행 중,대체 의약품 존재로 영향 미비,원료 적합 후 긴급생산진행하여 2024년 11월 27일 공급예정,2024-11-27,2024-11-13,5,8806429058118
2024-11-07,타가메트주사(시메티딘),(주)유한양행,2024-12-06,"폐사의 ‘타가메트주사’는 시메티딘을 주성분으로 함유한 소화성궤양용제로서, 주성분 원료 수급 지연 및 JW중외제약 '에취투주' 공급이 중단됨에 따라 의약품 공급부족보고를 하고자 합니다.","현재 타가메트주사는 소화성궤양용제 중 H2-RAs(H2-Receptor Antagonists)에 속하는 제품으로, 동 품목의 대체 가능한 H2-Ras 계열의 파모티딘 주사제가 시중에 유통되고 있습니다. 또한, 타가메트주사가 공급된 도매상, 병원 등에 일부 제품 재고가 있으므로 제품 공급의 일시 중단이 시장에 미치는 영향은 적을 것으로 판단됩니다.",원료 입고 후 조속히 완제품 생산 진행하여 해당 품목 공급이 정상화될 수 있도록 조치하고자 합니다.,2024-12-20,2024-11-07,64,"8806421024203,8806421024210,8806421024227"
2024-11-05,리소드렌정500밀리그람(미토테인),리퓨어헬스케어(주),2024-11-18,재정상의 사유로 인한 수입 지연,"단기적으로 도매상 재고 수량 확보 및 공급 조절을 통해 환자 치료에 미치는 영향을 최소화할 수 있도록 노력하겠습니다. 다만, 아직 수입 일정이 정확히 정해지지 않아 수입 지연이 장기화 될 경우 환자의 치료에 영향을 줄 수 있을 것으로 생각됩니다.",아직 정확한 수입 일정이 정해지지 않았습니다. 최대한 빠르게 수입 및 공급 정상화 할 수 있도록 노력하겠습니다.,2024-12-31,2024-11-05,4,8806797004410
2024-11-01,발싸이트액제용분말(발간시클로비르염산염),(주)종근당,2024-08-27,제조소에서 2024년 10월 1일 출하 예정이었으나 12월 13일로 변경되어 잔여 재고 소진 후 일시적인 공급 부족이 발생,제네릭 1품목 및 유사 제품 존재,변경된 출하 일정 F/U을 통해 예상한 일자에 정상 공급될 수 있도록 만전을 기하겠습니다.,2025-02-03,2024-10-28,0,8806433091316
2024-10-31,중외옥시토신주,제이더블유중외제약(주),2024-11-01,"주원료(옥시토신) 제조처 생산 지연으로 옥시토신주 제품 생산․공급 지연 (원료 제조처(Piamal, 인도) 해당 원료 캠페인 생산 진행 통보에 따른 생산 지연)",동일성분 대체제로 대체 가능 (유한양행 옥시톤주사액),원료 입고 후 휴온스에 위탁생산 일정 단축 요청을 통해 빠른 공급이 될 수 있도록 계획 중,2024-12-04,2024-10-30,10,8806449032938
2024-10-29,듀악겔5%,(주)글락소스미스클라인,2024-11-29,제조소 공급 지연으로 인해 듀악 5% 제품의 공급 부족이 발생하였습니다.,같은 유효 성분 및 용량의 대체 의약품이 있으므로 환자에게 미치는 영향을 미미할 것으로 예상됩니다. (듀케이겔),"최대한 빠르게 듀악 5% 공급을 재개할 예정이며, 2025년 3월 초 경부터는 재공급 될 예정입니다.",2025-03-01,2024-10-29,2087,8806500024605
2024-10-28,옥시톤주사액5아이유(옥시토신),(주)유한양행,2024-10-28,옥시톤주사액은 10월 판매량 급증에 따라 2024.10.28. 공급부족상황 발생하였습니다.,"옥시톤주사액은 자궁수축 유발, 촉진 및 자궁출혈의 치료에 사용되는 약제로 동일 성분으로 품목허가된 중외옥시토신주 또한 공급중단 상황인 바, 동일성분 대체 의약품 없어 일정기간 시장에 공급 부족예상되나, 24년 11월 14일 공급 예정입니다.","옥시톤주사액이 신속히 시장에 공급재개될 수 있도록, 제조하여 2024년 11월 14일 공급 재개 예정입니다.",2024-11-14,2024-10-28,0,"8806421012705,8806421012712,8806421012729"
2024-10-17,아지탑스주사500밀리그램(아지트로마이신수화물),일동제약(주),2024-10-17,판매증가로 인한 품절 발생,대체 의약품 존재로 영향 미비,긴급생산진행하여 현재 QC 시험분석중 2024년 11월 5일 공급예정,2024-11-05,2024-10-17,0,8806429028319
2024-10-15,사메주(S-아데노실-L-메티오닌황산토실산염),대한뉴팜(주),2024-07-30,"원료 시험법(KP) 개정 이후 해당 시험법으로는 원료가 부적합하여, 지속적으로 식약처에 개정 검토를 요청하고 있었으며, 다른 대안으로 원료 시험법 변경(KP→USP) 검토를 병행하고자 하였으나, 시험에 필요한 컬럼 입고가 계속해서 지연되어 검토가 불가한 상황으로 생산 지연 및 공급 부족이 발생하였음. (첨부. 사유서 및 근거자료)","동일 제형(주사제)은 2품목으로 모두 자사에서 제조하고 있어 공급이 불가한 상황이나, 동일 성분, 동일 적응증을 보유한 경구제(정제)로는 2품목이 유통 중인 것으로 확인됨.(첨부. 경구제 생산실적) 또한, 사메주는 히스타민증후군에 off-label로 주로 처방되고 있어 환자 치료에 미치는 영향은 미미하다고 사료됨.","USP 규격 컬럼 입고 즉시 시험법 변경 가능 여부를 검토할 예정이며, 기존 시험법 개정에 대한 의견도 지속적으로 식약처에 제기할 예정임. 원료 문제 해결 즉시 제품이 원활하게 공급될 수 있도록 생산을 재개할 것임.",2026-12-31,2024-10-15,0,8806699071923
2024-10-08,세노바액(세티리진염산염),일동제약(주),2024-10-08,판매증가 및 위탁처 생산 Capa 부족으로 인한 품절,대체 의약품 존재로 영향 미비,위탁처 긴급 생산 진행하여 2024년 11월 11일 공급 정상화 예정,2024-11-11,2024-10-08,576,8806429007017
2024-09-30,알타민캡슐250밀리그램(디-페니실라민),일동제약(주),2024-09-26,8월 판매증가로 인한 품절 발생,대체 의약품 존재로 영향 미비,긴급생산 진행하여 2024.10.21 공급정상화 예정,2024-10-21,2024-09-30,0,8806429012516
2024-09-25,싸이크로질1%점안액(시클로펜톨레이트염산염),한국알콘(주),2025-01-01,원료의약품 수급이슈로 인한 생산지연,"시클로펜톨레이트염산염 성분을 이용한 진단 및 치료를 목적으로 하는 산동 및 조절마비 치료에 영향, 동일 성분의 대체품이 없어 중단 기간 동안 시장에 공급 부족 예상됩니다.","1만7천개 제품을 10월부터 공급할 예정입니다만 이후 수입물량이 확보되지 못해 2025년 1월부터 또 다시 공급부족 예견되는 바, 재차 공급부족보고합니다. 폐사에서는 최선을 다해 공급 정상화를 추진하여 환자 치료에 차질이 없도록 노력할 예정입니다. 월 출하량은 매월 수술 건수에 따라 출하량의 변동이 심하여 예측이 어렵습니다.",2026-01-01,2024-09-25,12514,"8806524003600,8806524003617"
2024-09-24,산텐가리유니점안액(피레녹신),한국산텐제약(주),2024-09-24,제품의 수입 시험 지연으로 인한 출하 지연,"동일 성분의 대체품은 없으나, “노인성 백내장 초기증상으로서의 렌즈혼탁”에 사용 가능한 대체가능 약제는 다른 업체에서 생산하고 있습니다.",자사에서는 최선을 다해 공급 정상화를 추진하여 환자 치료에 차질이 없도록 노력할 예정입니다. 유관부서와의 논의에 따라 공급 재개 목표일을 10월 초순 경으로 조정하였습니다.,2024-10-11,2024-09-23,290,8806656002113
2024-09-12,녹십자-수두사람면역글로불린주,(주)녹십자,2024-06-20,"이번 공급부족보고는 특수혈장을 사용하여 제조하는 품목으로, 현재 특수혈장 공급은 전량 수입에 의존하고 있습니다. 기존 혈장공급업체의 사업적 사정으로, 혈장 공급을 위해서는 신규 혈장제조업소 식약처 등록이 필요한 상황이었으며, 식약처의 도움하에 23년 24년에 걸쳐 2개 공급업체 등록을 완료하였습니다. 이후 수두혈장을 24년 초에 수입하여, 5월부터 제조를 시작하함에 따라, 완제품 출하 전까지 공급이 부족하게 되었습니다.","해당 품목은 타사 동일 성분 및 동일 함량의 제품이 존재하지 않은 의약품이나 수두에 노출된 감수성 높은 면역결핍 소아의 수동면역을 위한 의약품으로 주로 대형 병원으로 납품되고 있으며 대부분 “분만 5일 이전 또는 분만 후 48시간 이내에 수두에 감염된 산모로부터 태어난신생아”에 해당하는 환자에게 사용되고 있습니다. 따라서, 해당 품목의 경우 환자의 특성 상 실질적으로 사용되는 양보다 해당하는 환자가 있을 경우를 대비하여 구비하고 있는 경우가 많기 때문에 유효기한이 도래한 제품의 반품 또는 교환을 하는 경우가 더 많습니다. 다만 최근 마지막 제조 의약품의 유효기간이 만료됨에 따라 환자치료에 미치는 영향을 최소화 하기 위해 “공급 정상화추진 계획”에서 언급한 바와 같이 해당 품목의 빠른 공급 안정화를 도모하여 장기적으로 환자 치료에 영향을 미치지 않도록 하겠습니다.","수두특수혈장으로 2024년 5월부터 제조 시작하였으며 9월 중 국검 신청 후 11월 8일 국검 승인을 예상하고 있어 11월 11일부터 출하 및 공급을 목표로 하고 있습니다. 국검 진행 중에 특이사항 발생하지 않도록 노력하여, 해당 품목의 빠른 공급 안정화를 도모하도록 하겠습니다.",2024-11-11,2024-09-12,0,8806436004108
2024-09-04,펜브렉스주500mg(암피실린나트륨),영진약품(주),2024-09-13,전공정위탁제조원(신풍제약(주))의 공장 공사일정으로 인함.,대체의약품 존재하여 영향 미비,전공정위탁제조원(신풍제약(주)) 생산일정 단축 관련 협조 요청하여 공급정상화 예정,2024-11-14,2024-09-04,955,"8806424016205,8806424016212,8806424016229"
2024-08-29,하이캄틴주4밀리그램(토포테칸염산염),삼일제약(주),2024-09-16,제조소의 생산 지연,한국유나이티드제약의 토포칸주(토포테칸염산염)가 유통되고 있어 환자에게 미치는 영향은 크지 않을 것으로 보임,2025년 05월 05일 이후 정상 공급 가능,2025-05-05,2024-08-29,0,"8806439041803,8806500015504,8806536027908,8806500015511,8806536027915,8806439041827,8806500015528,8806536027922,8806439041810"
2024-08-20,젤로빅정500밀리그램(카페시타빈),일동제약(주),2024-08-20,원료 입고 및 원료 QC지연으로 인한 품절,대체 의약품 존재로 영향 미비,"긴급생산 진행하여 8월21일 포장진행예정, 9월11일 공급예정",2024-09-11,2024-08-20,1,8806429049017
2024-08-20,엘칸액(엘-카르니틴),일동제약(주),2024-08-20,위탁처(제뉴원) 납기 지연으로 품절 발생,대체 의약품 존재로 영향 미비,위탁처(제뉴원) 설비 교체 및 Capa 확보를 위한 공사 진행(8월 중순~10월 초) 후 생산진행하여 10월31일 공급예정,2024-10-31,2024-08-20,3,8806429013711
2024-08-19,아지탑스주사500밀리그램(아지트로마이신수화물),일동제약(주),2024-08-19,판매증가로 인한 품절 발생,대체 의약품 존재로 영향 미비,"판매 증대로 인하여 추가생산 진행중(8월21일 포장예정)이며, 8월26일 공급예정",2024-08-26,2024-08-19,512,8806429028319
2024-08-01,알타민캡슐250밀리그램(디-페니실라민),일동제약(주),2024-08-01,판매증가로 인한 품절 발생,대체 의약품 존재로 영향 미비,포장작업완료 후 QC 시험 중 (8월14일 입고예정),2024-08-14,2024-08-01,48,8806429012516
2024-07-24,세노바액(세티리진염산염),일동제약(주),2024-07-24,판매증가 및 위탁처 생산 Capa 부족,대체 의약품 존재로 영향 미비,포장완료 시험분석 대기 중 8월 중순(8/14) 공급정상화 예정,2024-08-14,2024-07-24,330,8806429007017
2024-07-17,"사이람자주10밀리그램/밀리리터(라무시루맙,유전자재조합)",한국릴리(유),2024-07-27,예정되었던 선적 일정 및 생산 지연으로 생산 및 수입일정 문제로 공급 부족이 예상됨.,"부족기간동안 동일 농도의 용량만 다른 포장단위(500mg/mL 바이알)을 처방할 수 있도록 할 예정으로, 환자치료에 미치는 영향은 없을 것으로 예상함.",제조소에서의 포장 작업 및 출하가 완료되어 한국릴리 수입자 창고에 7월 16일 입고되었음. 즉각적으로 출하시험을 진행하여 최대한 빠른 공급을 계획하고 있음.,2024-08-05,2024-06-30,377,8806708010110
2024-07-12,휴마로그주100단위/밀리리터(인슐린라이스프로),한국릴리(유),2024-07-25,제조소의 제조 및 출하 일정 지연으로 7월 25일부터 공급부족이 발생할 것으로 예상됩니다.,"자사 동일 성분 제품인 휴마로그퀵펜주100단위/밀리리터(인슐린라이스프로, 유전자재조합)로 대체 가능합니다.","휴마로그주의 공급부족을 지속적으로 모니터링하고 해당 내용을 도매상에 알려 의료 현장에서 미리 대비할 수 있도록 조치할 예정입니다. 제조원과 제조 완료 후 지체 없이 수입이 진행될 수 있도록 긴밀히 협조하고 있으며, 다음 선적물량 7월 26일에 선적 예정임을 확인하였습니다. 동 선적 일정에 국내 품질 시험 기간을 고려한 공급 정상화 예상 일자는 8월 21일입니다.",2024-08-21,2024-06-28,811,"8806708003501,8806708003518"
2024-07-12,"씨뮬렉트주사(바실릭시맙)(단클론항체,유전자재조합)",한국노바티스(주),2025-04-15,원료의약품 글로벌 수급 이슈로 인하여 다음 공급 가능일까지 공급 부족이 예상됩니다. 현재 예상되는 공급부족 기간을 최소화하기 위해 생산 사이트와 현 시점에도 논의가 계속 이어지고 있으며 남은 기간 동안 해소할 수 있는 방안을 마련하는데 노력하겠습니다.,"장기 이식 치료제 종류 중 유도요법의 대표적인 약제인 씨뮬렉트는 신장, 심장, 간장 , 폐, 소장이식, 췌장 및 췌도 이식에 투여 시 급여를 인정하고 있으며 유도치료 약제로서 매우 큰 비중을 차지하고 있습니다.",빠른 시일내에 원료 수급을 안정화하기 위해 노력하고 있으며 예상되는 공급부족 기간에도 이식 수술 환자에 영향이 없도록 재고를 적시적재하여 관리하는 노력도 함께 하고 있습니다,2025-08-01,2024-07-11,4392,8806536006705
2024-07-10,비사진나잘스프레이(덱스판테놀),동아제약(주),2024-07-08,판매증가로 인한 일시적인 품절,본제와 적응증이 유사한 품목이 다수 존재하므로 대체 가능할 것으로 사료됨,생산 진행으로 9월 공급재개 예정,2024-09-02,2024-07-08,1714,"8806265001705,8806425067602,8806265001712,8806425067619,8806265001729"
2024-07-08,"씨뮬렉트주사(바실릭시맙)(단클론항체,유전자재조합)",한국노바티스(주),2025-04-15,원료의약품 글로벌 수급 이슈로 인하여 다음 공급 가능일까지 공급 부족이 예상됩니다. 현재 예상되는 공급부족 기간을 최소화하기 위해 생산 사이트와 현 시점에도 논의가 계속 이어지고 있으며 남은 기간 동안 품절 기간을 최소화할 수 있는 방안을 마련하는데 노력하겠습니다.,"장기 이식 치료제 중 유도요범의 대표적인 약제인 씨뮬렉트는 신장, 심장, 간장, 폐, 소장이식, 췌장 및 췌도 이식에 투여시 급여를 인정하고 있으며 유도치료 약제로서 매우 큰 비중을 차지하고 있습니다.",빠른 시일내에 원료 수급을 안정화하고 추후 예상되는 공급부족 기간에도 이식 수술 환자에 영향이 없도록 재고를 적시적재 관리하는 노력도 함께 하도록 하겠습니다.,2025-08-01,2024-07-11,4392,8806536006705
2024-06-27,훼리탑캡슐(글루콘산제이철나트륨착염),일동제약(주),2024-06-27,판매증가로 인한 일시적인 품절,대체 의약품 존재로 영향 미비,현재 포장 완료 후 QC 시험 중 7월 19일 공급예정,2024-07-10,2024-06-27,68,8806429026544
2024-06-27,"고날-에프펜150IU주(폴리트로핀알파, 유전자재조합)",머크(주),2024-07-30,제조소 생산 일정의 사유로 인한 일시적인 공급 지연 발생으로 인한 당사 공급 지연 발생,"고날에프펜 150IU(폴리트로핀알파, 유전자재조합)제제는 Clomiphene citrate로 치료되지 않은 여성의 무배란증과 보조생식 프로그램 실시 중 다수의 난포를 성숙시키기 위한 조절된 난소과자극 요법 치료제로써 필요한 경우 당사의 고날-에프® 펜 300/450/900 IU 의 동일 제제 이므로 이의 치료 대체가 가능하기 때문에 공급 중단으로 환자에게 미치는 영향은 없거나 미미할 것으로 사료가 됩니다.","폐사에서는 제품의 원활한 공급을 위해 모든 사전 조치를 취하고 있으며, 제조소에서의 생산이 원활해지면, 2025년 1월 1일 이후부터 정상적인 국내 공급이 예상됩니다.",2025-01-01,2024-06-27,7,8806617007515
2024-06-20,싸이크로질1%점안액(시클로펜톨레이트염산염),한국알콘(주),2024-06-20,원료의약품 수급이슈로 인한 생산지연,"시클로펜톨레이트염산염 성분을 이용한 진단 및 치료를 목적으로 하는 산동 및 조절마비 치료에 영향, 동일 성분의 대체품이 없어 중단 기간 동안 시장에 공급 부족 예상됩니다.",자사에서는 최선을 다해 공급 정상화를 추진하여 환자 치료에 차질이 없도록 노력할 예정입니다. 월 출하량은 매월 수술 건수에 따라 출하량의 변동이 심하여 예측이 어렵습니다. 2022년에 처리완료된 의약품공급부족보고 당시의 공급재개예정일에 변동이 생겨 갱신 보고합니다.,2024-10-01,2024-06-20,0,"8806524003600,8806524003617"
2024-06-19,세노바액(세티리진염산염),일동제약(주),2024-06-19,판매증가 및 위탁처 생산 Capa 부족,대체 의약품 존재로 영향 미비,포장완료 후 QC시험중으로 6/26 공급예정,2024-06-26,2024-06-19,473,8806429007017
2024-06-18,헤르페시드안연고(아시클로버),삼일제약(주),2024-08-20,행정처분으로 인한 판매 정지,삼천당제약의바이클로버안연고(아시클로버)가 유통되고 있어 환자에게 미치는 영향은 크지 않을 것으로 보임,2024년 9월 11일 정상 공급 가능,2024-09-10,2024-06-10,0,"8806439018201,8806439018218"
2024-06-18,팔로델정(브로모크립틴메실산염),삼일제약(주),2024-06-19,제조처 생산지연으로 인한 공급부족,-,2025년 2분기,2025-04-01,2024-06-18,0,"8806439041506,8806536012003,8806536012010,8806439041513,8806536012027"
2024-06-18,듀악겔5%,(주)글락소스미스클라인,2024-07-15,공급 일정 지연,대체 치료 의약품이 있어 환자에 큰 영향 없을 것으로 예상됨,9월 중 공급 재개 예정,2024-09-30,2024-06-18,3291,8806500024650
2024-06-10,카프렐사정300밀리그램(반데타닙),(주)사노피-아벤티스코리아,2024-06-26,"증가한 수요 대비 국제적 물량 공급이 부족하여, 공급부족이 예상됩니다.","갑상선 수질암은 방사선 치료 및 화학 항암요법에 효과가 없어 수술 이외 적절한 치료법이 없고 수술을 하더라도 재발이 빈번한 질환으로, 특히 진행성 또는 전이성 갑상선 수질암의 경우 10년 생존률이 약 40% 이하로 매우 낮은 예후를 가진 암종입니다. 이러한 수술이 불가능한 국소 진행성 또는 전이성 갑상선 수질암의 1차 치료제로써 NCCN(National Comprehensive Cancer Network) 가이드라인 및 ESMO(European Society for Medical Oncology) 가이드라인에서는 해당 질환에 대해 카보잔티닙과 반데타닙을 권고하고 있으나, 현재 국내에서 해당 적응증(갑상선 수질암 치료)으로 급여를 받은 허가된 품목은 카프렐사정이 유일합니다.","카프렐사정 300밀리그램정의 공급부족에 대해 심각성을 인지하고 있으며, 9월 10일 공급재개를 목표로 하며 공급부족 예상 기간동안의 영향을 최소화하고자 영국측의 물량 (국내와 동일한 스펙, 1차 및 2차 포장이 영문으로 작성됨)을 예외수입하고자 준비중에 있습니다. 해당 의약품의 품절로 인해 환자들에게 미치는 영향을 최소화하기 위하여 의료기관 및 도매상과 긴밀하게 소통하고 있으며, 공급을 최대한 신속하게 재개할 수 있도록 본사 및 제조소와도 최선의 노력을 다하겠습니다.",2024-09-10,2024-06-07,21,"8806507008202,8806520012309,8806934002101,8806507008219,8806520012316,8806934002118"
2024-06-10,카프렐사정100밀리그램(반데타닙),(주)사노피-아벤티스코리아,2024-07-19,"증가한 수요 대비 국제적 물량 공급이 부족하여, 공급부족이 예상됩니다.","갑상선 수질암은 방사선 치료 및 화학 항암요법에 효과가 없어 수술 이외 적절한 치료법이 없고 수술을 하더라도 재발이 빈번한 질환으로, 특히 진행성 또는 전이성 갑상선 수질암의 경우 10년 생존률이 약 40% 이하로 매우 낮은 예후를 가진 암종입니다. 이러한 수술이 불가능한 국소 진행성 또는 전이성 갑상선 수질암의 1차 치료제로써 NCCN(National Comprehensive Cancer Network) 가이드라인 및 ESMO(European Society for Medical Oncology) 가이드라인에서는 해당 질환에 대해 카보잔티닙과 반데타닙을 권고하고 있으나, 현재 국내에서 해당 적응증(갑상선 수질암 치료)으로 급여를 받은 허가된 품목은 카프렐사정이 유일합니다.","카프렐사정 100밀리그램정의 공급부족에 대해 심각성을 인지하고 있으며, 9월 10일 공급재개를 목표로 하며 공급부족 예상 기간동안의 영향을 최소화하고자 영국측의 물량 (국내와 동일한 스펙, 1차 및 2차 포장이 영문으로 작성됨)을 예외수입하고자 준비중에 있습니다. 해당 의약품의 품절로 인해 환자들에게 미치는 영향을 최소화하기 위하여 의료기관 및 도매상과 긴밀하게 소통하고 있으며, 공급을 최대한 신속하게 재개할 수 있도록 본사 및 제조소와도 최선의 노력을 다하겠습니다.",2024-09-10,2024-06-07,48,"8806507008103,8806520012200,8806934002002,8806507008110,8806520012217,8806934002019"
2024-06-10,"세브론시럽(아세틸시스테인)(수출명:뮤시스틴시럽,스파탐시럽)",(주)서울제약,2024-06-11,수탁사의 자재업체 변경으로 생산일정이 지연되어 공급이 부족할 것으로 예상됩니다.,대체 의약품 존재로 영향 없음,"공급정상화를 위해 수탁사와 긴밀히 논의하고 있으며, 최대한 빠르게 공급될 수 있도록 노력하겠습니다.",2024-09-20,2024-06-10,1,8806529009119
2024-06-05,시클펜정(시클로벤자프린염산염),영풍제약(주),2024-12-05,현재 사용하고 있는 원료제조원에서 생산 중단 되어 원료공급을 더 이상 받을 수 없는 상황입니다. 현재 진행 단계상 공급정상화 예상 시점을 정확히 보고 드리기는 어려운 점 양해 부탁드립니다. 추후 새로운 제조원을 선택하여 허가 변경 진행할 예정입니다.,본 제품은 근골격계 질환에 복용하는 약물로 대체 가능한 유사한 기전의 약물이 존재하므로 환자치료에 미치는 영향은 미미할 것으로 판단하고 있습니다.,새로운 제조원을 확인하여 허가 변경 진행할 예정입니다.,2026-12-31,2024-06-05,169900,8806619007506
2024-06-05,사미온정(니세르골린),일동제약(주),2024-06-05,안전재고 부족으로 인한 일시적인 품절(생산 Capa 부족),동일 성분 의약품 존재로 영향 미비,긴급생산 진행하여 QC분석 중 2024.06.12. 공급예정,2024-06-12,2024-06-05,29,"8806429006713,8806429006720"
2024-06-04,벤토린네뷸2.5mg(살부타몰황산염),(주)글락소스미스클라인,2024-08-01,"벤토린네뷸의 기존 공급처인 GSK 보로니아(호주) 제조소 가동 중단에 따라, 신규 제조소 제품의 공급이 가능할 때까지 필요한 수량을 비축한 바 있습니다. 그러나 국내 수요 증가 및 신규 제조소 허가변경 이후 공급 일정 지연으로, 예상했던 시점보다 재고 소진시점이 당겨지게 되었습니다.","벤토린네뷸과 동일성분/적응증/투여경로의 자사제품 ‘벤토린흡입액’을 대체약제로 사용할 수 있습니다. 벤토린흡입액은 생리식염수에 희석해서 사용해야 하므로 환자 및 보호자에 다소 불편함이 발생할 수 있으나, 동일성분 및 적응증을 보유하고 있어 전 연령대에서 대체약제로 사용할 수 있습니다 (벤토린 네뷸(4세~12세/성인 구분됨) ,벤토린 흡입액(12세미만/성인 구분됨)으로 모든 연령에서 대체가 가능). 또한 벤토린네뷸을 대체할 수 있는 자사 벤토린흡입액의 경우 타사 동일제제 1품목이 존재하는 상황이며, 기존 시장점유율을 고려했을 시 벤토린네뷸의 부족 수량을 일부 대체할 수 있을 것으로 사료됩니다 하지만 벤토린흡입액 또한 전세계적 공급 부족으로 추가 수량을 받기 어려운 상황입니다. 벤토린네뷸 및 흡입액 모두 품절 발생 시 현장의 혼란을 미연에 방지하고자 살부타몰 성분이 모두 품절일 경우의 대안에 대해 관련 학회와 긴밀히 논의 중에 있습니다.","신규 제조소의 허가 및 공급 일정을 앞당기기 위해 최선의 노력을 다하고 있습니다. 현재 진행 단계 상 공급 정상화 예상 시점을 정확히 말씀드리기 어려운 점 양해 부탁드리고, 진행 상황에 따라 업데이트 될 예정입니다. 추후 신규 제조소에서 물량이 준비되는 대로, 가능한 범위의 신속한 운송 및 긴급 테스트를 통해 최대한 빨리 공급이 정상화될 수 있도록 진행할 예정입니다.",2025-05-12,2024-06-04,127682,8806500004539
2024-05-29,나보타주50단위(클로스트리디움보툴리눔독소A형),(주)대웅제약,2024-05-31,"기존 판매예상량 대비 2023년 6월 이후 판매물량이 증가하였으며, 이후 재심사결과에 따른 허가사항 변경명령을 적용하여 판매 가능한 시점이 2024년 6월로 예상되어 2024.06.01~2024.06.21 간 일시적 공급 부족이 발생할 것으로 예상","나보타주(클로스트리디움보툴리눔독소A형), 나보타주150단위(클로스트리디움보툴리눔독소A형), 나보타주200단위(클로스트리디움보툴리눔독소A형) 품목의 경우, 정상 공급으로 인하여 환자에게 미치는 영향은 미비할 것으로 예상","나보타주50단위(클로스트리디움보툴리눔독소A형) X23147 Batch에 대하여 식약처 국가출하승인 검정 진행 중으로 2024.06.21 시점에 출하가 가능할 것으로 예상되며, 2024년 4월 3배치를 추가 생산함에 따라 공급부족 없이 지속적으로 제품 공급할 예정",2024-06-21,2024-05-27,7,8806416059302
2024-05-27,트리세녹스주2mg/mL(삼산화비소)(바이알),리퓨어헬스케어(주),2024-05-27,수입 지연에 따른 공급 부족 발생,동일 성분의 제품(아시트리주)이 사용될 수 있어 환자 치료에 미치는 영향은 낮을 것으로 예상됩니다.,6월 중 수입하여 공급 정상화 예정입니다.,2024-06-17,2024-05-24,30,"8806797005004,8806797005028,8806797005011"
2024-05-27,아티반주사(로라제팜),일동제약(주),2024-05-28,생산 Capa 대비 지속적인 판매증가로 인한 품절,"최근 3개월 간 작년 생산량 대비 생산량 증대하여 생산하였으며, 현재도 긴급생산 중(QC 품질검사 중)","최근 3개월 간 작년 생산량 대비 생산량 증대하여 생산하였으며, 현재도 긴급생산 진행 중(QC 품질검사 중)이며 6월10일 공급예정",2024-06-10,2024-05-27,49,8806429011823
2024-05-10,볼루라이트주6%,프레지니우스카비코리아(주),2024-05-09,홍해 사태로 유럽 제조공장에서 한국으로 배송되는 선박 운항 일정 지연,"현재 국내 시판 중인 유사 성분의 대체약제 (볼루벤, 펜타스판)로 일시적인 사용 예상",일시적인 공급량 부족으로 6월부터 정상 공급 예정,2024-06-03,2024-05-10,0,"8806509017004,8806509017011,8806509017110,8806509017103"
2024-05-09,일동엑소데릴액(나프티핀염산염),일동제약(주),2024-05-10,판매증가 및 위탁처 생산Capa 부족으로 인한 품절,대체 의약품 존재로 영향 미비,긴급 생산으로 5월 말(5/29) 정상화 예정,2024-05-29,2024-05-09,930,8806429017726
2024-05-09,세노바액(세티리진염산염),일동제약(주),2024-05-10,판매증가 및 위탁처 생산 Capa 부족으로 인한 품절,대체 의약품 존재로 영향 미비,긴급 생산 진행으로 5월 말(5/23) 정상화 예정,2024-05-23,2024-05-09,552,8806429007017
2024-05-07,퍼고베리스주,머크(주),2024-05-25,사용량 급증에 따른 재고 소진으로 인한 공급 지연,"퍼고베리스(폴리트로핀알파, 루트로핀알파)는 난포자극호르몬(FSH)과 황체형성호르몬(LH)이 결핍된 여성에서 태반성성선자극호르몬(hCG) 투여 후에 난포의 발달 및 그에 이른 최종 성숙을 촉진시키는 것을 목적으로 합니다. 대체 가능한 약물로는 본사의 고날-에프(폴리트로핀알파)와 루베리스(루트로핀알파) 제제가 있어 시판 중에 있어 환자 치료에는 큰 영향이 없을 것으로 예상됩니다. .","폐사에서는 제품의 원활한 공급을 위해 모든 사전 조치를 취하고 있으며, 수입 배치 품목의 국내 품질 검사가 종료 되는 2024년 7월 15일 이후부터 정상적인 국내 공급이 예상됩니다.",2024-07-15,2024-05-07,1029,8806617005924
2024-05-07,오비드렐펜주(코리오고나도트로핀알파),머크(주),2024-05-10,제조소 생산 일정의 사유로 인한 일시적인 공급 지연 발생으로 인한 당사 공급 지연 발생,"오비드렐펜주는 체외수정(IVF)과 같은 보조생식술에 앞서 과배란을 유도하는 여성에서 난포성장을 자극한 후 최후의 난포성숙 및 황체화 유발을 위한 약제로써, 오비드렐 리퀴드주(프리필드시린지)로 치료 대체가 가능하기 때문에 공급 중단으로 환자에게 미치는 영향은 없거나 미미할 것으로 사료가 됩니다.","폐사에서는 제품의 원활한 공급을 위해 모든 사전 조치를 취하고 있으며, 제조소에서의 생산이 원활해지면, 2024년 6월 30일 이후부터 정상적인 국내 공급이 예상됩니다.",2024-06-30,2024-05-07,7,8806617006815
2024-04-30,프랄런트펜주150mg(알리로쿠맙),(주)사노피-아벤티스코리아,2024-05-01,수입 완제품의 국내 출하 시험 지체에 따른 공급부족 예상,"프랄런트펜주는 전구단백질 전환 효소 섭틸리신 켁신 9형(PCSK9)에 특이적이고 높은 친화도로 결합하는 인간 단클론 항체(mAb) PCSK9억제제로, 국내에서 다음 적응증에 허가되어 사용되고 있습니다: 1) 원발성 고콜레스테롤혈증 및 혼합형 이상지질혈증, 2) 죽상경화성 심혈관계 질환. 현재 국내 본 의약품과 동일 주성분(알리로쿠맙)을 함유한 허가된 타 제품은 없으나 동일한 작용기전의 PCSK9억제제 레파타주(에볼로쿠맙)가 프랄런트펜주의 허가 적응증에도 사용될 수 있습니다. 다만, 프랄런트펜주와 동일 주성분이 아니고 molecule상 차이가 있어 해당 약물에 대한 반응은 환자마다 다를 수 있으며 프랄런트펜주와 동일하지 않을 수 있습니다.","신규 입고한 물량의 국내 출하 시험 지연에 따른 출고 불가 문제로 시장 수요 대비 공급이 부족하며, 06월 01일에는 원활한 공급을 재개하는 것을 목표로 하고 있습니다. 프랄런트펜주를 필요로 하는 환자들에게 미치는 영향을 최소화하기 위해 아사는 의료기관 및 도매상과 긴밀히 소통할 것입니다. 국내 공급을 최대한 빠르게 재개할 수 있도록 최선의 노력을 다하겠습니다.",2024-06-17,2024-04-29,46,8806520009712
2024-04-30,타코실,대한적십자사,2024-06-03,현지 제조원 인수 지연으로 타코실 공급부족 예정,"본 제품과 구성성분이 동일한 타코실 미디움 사이즈로 일부 변경되어 사용 가능하며 티씰 등 대체품이 사용될 수 있으나, 출혈이 심한 환자 치료의 경우 수술 시간이 일부 지연될 가능성도 있을 것으로 판단됨","2024년 8월 수입 예정 (제휴사 선적일정에 따라 변동 가능, 2024년 9월 30일 공급 정상화 추진을 목표로 진행 예정)",2024-09-30,2024-04-25,0,8806553002421
2024-04-24,옵티레이320울트라젝트주사(이오버솔),이미징솔루션코리아(주),2024-04-23,원자재 수급과 생산 및 해와 운송이 불안정,125mL 프리필드시린지는 중단되나 100mL 프리필드시린지는 지속적으로 수입되므로 의약품 사용에 미치는 영향은 크지 않을 것으로 사료됩니다.,125mL 프리필드시린지는 중단되나 100mL 프리필드시린지는 지속적으로 수입되므로 의약품 사용에 미치는 영향은 크지 않을 것으로 사료됩니다. 더불어 동일 농도의 옵티레이320주사(이오버솔)은 정상적으로 공급되어 충분히 대체가 가능합니다.,2024-05-20,2024-04-23,0,8806260001014
2024-04-08,젤로빅정500밀리그램(카페시타빈),일동제약(주),2024-04-08,판매증가로 인한 품절,대체의약품 존재로 영향 미비,긴급생산 진행하여 2024.05.07 공급예정,2024-05-07,2024-04-08,0,8806429049017
2024-04-08,젤로빅정150밀리그램(카페시타빈),일동제약(주),2024-04-08,판매증가로 인한 품절,대체의약품 존재로 영향 미비,긴급생산 진행하여 2024.05.07 공급 예정,2024-05-07,2024-04-08,2,8806429049413
2024-04-03,비스코트점안액,한국알콘(주),2024-05-01,원료의약품 수급이슈로 인한 생산지연,백내장 수술 및 인공 수정체 이식을 포함한 각종 전방부 안과 수술의 보조제로 사용됩니다. 자사 제품(프로비스크주)를 포함하여 대체재는 여러 종류가 있습니다. 허나 특정 수술 케이스에서는 비스코트주를 사용하는 것이 환자의 시력에 더 나은 영향을 미친다는 연구 결과가 있습니다.,폐사에서는 최선을 다해 공급 정상화를 추진하여 환자 치료에 차질이 없도록 노력할 예정입니다. 월 출하량은 매월 수술 건수에 따라 변동이 심하여 예측이 어렵습니다. 기존 공급 정상화 예상일자(2024년 5월 1일)에 변동이 생겨 갱신 보고합니다.,2024-10-01,2024-04-03,573,"8806524002306,8806524002313,8806524002405,8806524002412"
2024-04-03,마카이드주(트리암시놀론아세토니드),한미약품(주),2024-04-22,API 제조/공급 일정 지연으로 인한 국내 공급용 마카이드주 제조 및 공급 계획 차질 발생이 발생하였습니다.,"마카이드주의 허가받은 효능효과인 당뇨병성 황반부종의 경우, 재투여가 필요할 경우에는 환자의 상태에 따라 최소 3개월 이상의 간격을 두고 시행하도록 하고 있으며, 동일 질환의 치료를 위한 다양한 항체의약품 및 그들의 동등생물의약품 그리고 마카이드주와 성분은 다르나 동일 스테로이드 계열의 의약품이 허가 및 시판 중에 있습니다. 또 다른 효능효과인 유리체 수술 시의 유리체 가시화의 경우, 특정 질환의 직접적 치료가 아닌 수술의 보조적인 역할로 사용합니다. 위와 같은 사유로 마카이드주의 공급 부족에 따라 환자 치료에 미치는 영향은 미미할 것으로 사료됩니다.","API 공급 지연에 따른 국내 공급용 마카이드주의 완제품 제조 지연 및 공급 부족 발생을 인지한 뒤, 동 품목의 원개발사, API 제조소 및 완제품 제조소와 긴밀한 논의를 진행하였으며, '24년 7월 API 제조/공급, '24년 9월 완제품 제조 및 '24년 11월 국내 공급하는 계획을 수립하였습니다. 폐사는 앞으로도 관련 업체와 지속적인 논의를 진행하여 신속하게 공급이 정상화 될 수 있도록 최선을 다할 것입니다.",2026-05-15,2024-04-03,900,"8806435071002,8806435071019"
2024-04-03,디스코비스크주,한국알콘(주),2024-04-03,원료의약품 수급이슈로 인한 생산지연,백내장 수술 및 인공 수정체 이식을 포함한 각종 전방부 안과 수술의 보조제로 사용됩니다. 자사 제품(프로비스크주)를 포함하여 대체재는 여러 종류가 있습니다. 허나 특정 수술 케이스에서는 디스코비스크주를 사용하는 것이 환자의 시력에 더 나은 영향을 미친다는 연구 결과가 있습니다.,폐사에서는 최선을 다해 공급 정상화를 추진하여 환자 치료에 차질이 없도록 노력할 예정입니다. 월 출하량은 매월 수술 건수에 따라 출하량의 변동이 심하여 예측이 어렵습니다.,2024-08-01,2024-04-03,0,"8806524000609,8806524000616"
2024-04-02,쿠파린정5밀리그램(와파린나트륨),하나제약(주),2024-04-05,쿠파린정5밀리그램과 동일제품 생산처 중 한 곳이 제품 생산을 중단하여 자사 제품의 판매량 급증,"1. 정맥혈전증의 예방 및 치료 2. 색전성 심방세동의 치료 3. 폐동맥색전증의 예방 및 치료 4. 관상동맥폐색의 보조제 – 동일 성분, 동일 적응증을 보유한 제품이 허가 및 생산되고 있어 실제 환자에게 미치는 영향은 적을 것으로 사료됨",2024년 3월 28일 생산 시작하여 2024년 5월 제품 공급 예상됨,2024-05-12,2024-03-25,119700,8806578019114
2024-03-26,아티반정1밀리그람(로라제팜),일동제약(주),2024-03-26,판매증가로 인한 품절,대체 의약품 존재로 영향 미비,"긴급 생산 진행 중이며, 4/11(4월 중순) 공급 예정",2024-04-11,2024-03-26,75,8806429011625
2024-03-11,"고날-에프펜900IU주(폴리트로핀알파,유전자재조합)",머크(주),2024-03-15,제조소 생산 일정의 사유로 인한 일시적인 공급 지연 발생으로 인한 당사 공급 지연 발생,"고날에프 300/450/900 IU(폴리트로핀알파, 유전자재조합)제제는 Clomiphene citrate로 치료되지 않은 여성의 무배란증과 보조생식 프로그램 실시 중 다수의 난포를 성숙시키기 위한 조절된 난소과자극 요법 치료제로써 필요한 경우 고날-에프® 펜 150IU 으로 치료 대체가 가능하며 현재 허가 후 시판 중인 유전자재조합 폴리트로핀알파 제제로도 대체가 가능하기 때문에 공급 중단으로 환자에게 미치는 영향은 없거나 미미할 것으로 사료가 됩니다.","폐사에서는 제품의 원활한 공급을 위해 모든 사전 조치를 취하고 있으며, 제조소에서의 생산이 원활해지면, 2024년4월 30일 이후부터 정상적인 국내 공급이 예상됩니다.",2024-04-30,2024-03-01,2487,8806617000714
2024-03-11,"고날-에프펜450IU주(폴리트로핀알파, 유전자재조합)",머크(주),2024-03-15,제조소 생산 일정의 사유로 인한 일시적인 공급 지연 발생으로 인한 당사 공급 지연 발생,"고날에프 300/450/900 IU(폴리트로핀알파, 유전자재조합)제제는 Clomiphene citrate로 치료되지 않은 여성의 무배란증과 보조생식 프로그램 실시 중 다수의 난포를 성숙시키기 위한 조절된 난소과자극 요법 치료제로써 필요한 경우 고날-에프® 펜 150IU 으로 치료 대체가 가능하며 현재 허가 후 시판 중인 유전자재조합 폴리트로핀알파 제제로도 대체가 가능하기 때문에 공급 중단으로 환자에게 미치는 영향은 없거나 미미할 것으로 사료가 됩니다.","폐사에서는 제품의 원활한 공급을 위해 모든 사전 조치를 취하고 있으며, 제조소에서의 생산이 원활해지면, 2024년 4월 30일 이후부터 정상적인 국내 공급이 예상됩니다.",2024-04-30,2024-03-01,697,8806617000615
2024-03-11,"고날-에프펜300IU주(폴리트로핀알파, 유전자재조합)",머크(주),2024-03-15,제조소 생산 일정의 사유로 인한 일시적인 공급 지연 발생으로 인한 당사 공급 지연 발생,"고날에프 300/450/900 IU(폴리트로핀알파, 유전자재조합)제제는 Clomiphene citrate로 치료되지 않은 여성의 무배란증과 보조생식 프로그램 실시 중 다수의 난포를 성숙시키기 위한 조절된 난소과자극 요법 치료제로써 필요한 경우 고날-에프® 펜 150IU 으로 치료 대체가 가능하며 현재 허가 후 시판 중인 유전자재조합 폴리트로핀알파 제제로도 대체가 가능하기 때문에 공급 중단으로 환자에게 미치는 영향은 없거나 미미할 것으로 사료가 됩니다.","폐사에서는 제품의 원활한 공급을 위해 모든 사전 조치를 취하고 있으며, 제조소에서의 생산이 원활해지면, 2024년 4월 30일 이후부터 정상적인 국내 공급이 예상됩니다.",2024-04-30,2024-03-01,3139,8806617000516
2024-03-04,엘카닌주20아이유(엘카토닌),하나제약(주),2024-07-16,원료 공급 지연에 따른 공급 부족,"현재 국내에 공급중인 Elcatonin 성분의 주사제는 엘카닌주, 엘카닌주20IU가 유일하기 때문에, 공급 부족시 증상에 따른 다른 약물의 투여가 필요","원료 제조사 생산계획에 따라 2024년 7~8월 원료 생산을 시작할 경우, 2024년 11월 원료 공급이 예상되어 2025년 1월에 제품 공급 예상",2025-01-31,2024-02-22,42520,8806578014225
2024-03-04,엘카닌주(엘카토닌),하나제약(주),2024-03-25,원료 공급 지연에 따른 공급 부족,"현재 국내에 공급중인 Elcatonin 성분의 주사제는 엘카닌주, 엘카닌주20IU가 유일하기 때문에, 공급 부족시 증상에 따른 다른 약물의 투여가 필요","원료 제조사 생산계획에 따라 2024년 7~8월 원료 생산을 시작할 경우, 2024년 11월 원료 공급이 예상되어 2025년 1월에 제품 공급 예상",2025-01-31,2024-02-22,24530,8806578014126
2024-03-04,세트로타이드주0.25밀리그램(세트로렐릭스아세트산염),머크(주),2024-03-04,제조소 생산 process 중 일부 공정 자재 사유로 인한 식약처 권고 사항으로 일시적 공급 부족 발생,'세트로타이드주0.25밀리그램‘은 세트로렐릭스아세트산염으로서 난모세포 채취 및 보조 생식술을 수반하는 체외수정 시술시 과배란 유도(Controlled Ovarian Stimulation)에서 미성숙 난자의 배란방지를 효능효과로 하는 의약품입니다. 대체 가능한 약물로서 (주)베키오바이오젠의 `유레릭스주0.25밀리그램‘ 이 시판중에 있어 일시적인 환자 치료에는 영향이 적을 것으로 예상됩니다.,"폐사에서는 제품의 원활한 공급을 위해 모든 사전 조치를 취하고 있고, 이의 조속한 이행을 위하여 식약처와 지속적인 논의를 통해 최대한 빠른 공급 재개를 위해 협의 하고 있습니다.",2024-03-15,2024-03-04,0,8806617002022
2024-02-28,후로목스정100밀리그램(세프카펜피복실염산염수화물),일동제약(주),2024-02-29,하절기 미생산 품목 및 설비이슈 이후 지속적인 공급지연(수요 대비 공급 부족),3세대 세파항생재 대체의약품 존재로 영향미비,긴급생산 진행 중으로 2024년 3월말 공급 정상화 예정,2024-03-31,2024-02-28,176,8806429025714
2024-02-21,조프란정8밀리그램(온단세트론염산염수화물),삼일제약(주),2024-04-05,제조처 생산지연으로 인한 공급부족,온단세트론 성분 의약품이 17개가 유통되고 있어 환자의 불편함은 없을 것으로 판단 됨,2024년 7월 15이후 정상 공급 계획,2024-07-15,2024-02-21,0,"8806439041100,8806439041117"
2024-02-14,가스트로그라핀,바이엘코리아(주),2024-02-29,"소화관 검사를 위한 조영제로서, 경구 또는 관장으로 투여할 수 있는 약제로서, 사용 환자 수가 적은 상황에서, 생산 공장의 생산/수급 문제가 발생하였습니다","소화관 검사를 위해서, 황산바륨을 사용하고 있고, 황산바륨을 사용하지 못할시, 해당 약제를 사용하기 때문에, 해당 약제에 대한 다른 대체 의약품 공급이 가능할 것으로 판단되어, 환자에 미치는 위험은 적을 것으로 사료됩니다","환자에게 미치는 영향을 최소화하기 위해 의료기관 및 도매상에 공급지연 관련 내용을 고지할 예정이며, 3 월 15 일 경 일시 품절 후 정상 공급할 예정입니다. 약 1.5 개월 간의 제품 품절이 예상됩니다. 신속한 공급 정상화를 위해 물량을 항공화물로 운송하고, 국내에서 QC Test 를 최대한 빨리 진행하겠습니다",2024-05-02,2024-02-14,2365,8806411004116
2024-02-13,피지오머비강세척액 스프레이 노즐(멸균등장해수)/피지오머비강세척액 젯 노즐(멸균등장해수),(주)유유제약,2024-02-29,"생산업체 공장 설비 개선으로 인한 공급량 제한 조치로 인해, 23년 이후 지속적인 공급량 부족 현상 발생","대체할 수 있는 다른 제품이 시판 중에 있기 때문에, 환자 치료에 미치는 영향은 크지 않을 것으로 사료됩니다.","24년 3분기 이후 품목 공급이 정상화될 예정이나, 생산 업체와 공급 일자를 지속 협의 중입니다.",2024-08-01,2024-02-13,827,"8806445012316,8806445012323"
2024-02-13,아티반주사(로라제팜),일동제약(주),2024-02-14,생산 capa 부족으로 인한 공급지연,대체 의약품 존재로 영향 미비,긴급생산 진행 : 2024.03.08 공급정상화 예정,2024-03-08,2024-02-13,52,8806429011823
2024-02-13,아티반정1밀리그람(로라제팜),일동제약(주),2024-02-13,판매증가로 인한 품절,대체 의약품 존재로 영향 미비,긴급 생산 진행 중 : 2024.03.08 공급정상화 예정,2024-03-08,2024-02-13,61,8806429011625
2024-02-13,세노바액(세티리진염산염),일동제약(주),2024-02-14,위탁처(제뉴원) 생산중단이슈로 인한 공급지연,대체 의약품 존재로 영향 미비,긴급 생산 진행 : 2024.02.28 공급정상화 예정,2024-02-29,2024-02-13,160,8806429007017
2024-02-07,벤토린흡입액(살부타몰황산염),(주)글락소스미스클라인,2024-03-01,제조처의 공급 지연으로 인해 재고가 부족하게 되었습니다.,"벤토린흡입액의 경우 동일한 주성분의 자사 제품(벤토린네뷸, 벤토린에보할러)이 있으며, 벤토린흡입액과 제형 및 주성분 함량이 동일한 타사 제품(품목기준코드 200607690)이 있는 것으로 확인하였습니다. 이에 따라 소정의 불편함이 발생할 가능성을 배제할 수 없으나, 크지는 않을 것으로 사료됩니다.","공급정상화를 위해 최선의 노력을 기울이고 있으며, 제조처에서 제품 출하가 준비되는 대로 항공 수입, 국내시험 절차를 긴급하게 진행할 예정입니다.",2024-04-10,2024-02-07,7802,8806500004911
2024-02-05,듀악겔3%,(주)글락소스미스클라인,2024-03-01,제조원 공급 일정 지연,대체 치료 의약품이 있어 환자에 큰 영향 없을 것으로 예상됨,7월 초 경부터 공급 재개 예정,2024-07-01,2024-02-05,1636,8806500029815
2024-02-02,아프타치정(트리암시놀론아세토니드),동화약품(주),2024-05-01,"* 수입의약품 제조원 변경에 따른 허가 변경 진행 중 - 변경신청 : 2023.11.17 (동등성-GMP(완제), 대전청 접수번호: 20230179097) - 대전청, 의약품품질과(GMP), 의약품규격과(DMF 연계심사), 약효동등성과(동등성) 검토 - 심사 완료 (2024년 12월 현재) - 처리예정일 : 2025.02.19 (현재기준이며 품질과, 규격과 보완에 따라 추가 연장 가능성 있음) * [붙임1] 참조",유사한 효능효과를 가진 품목이 존재하나 해당 제형(부착정)으로서는 단일품목임. - [붙임2] 참조,25/07/19,2025-07-19,2024-01-24,"177,789",8806427041815
2024-02-01,후루오레사이트주사10%(플루오레세인나트륨)(바이알),한국알콘(주),2024-03-02,2023년11월~2024년 1월 장기 수요 폭증으로 인한 공급부족,"혈관조영, 혈관검사 등의 진단용 검사 시 다른 제품을 사용해야 합니다.",자사에서는 최선을 다해 공급 정상화를 추진하여 환자 치료에 차질이 없도록 노력할 예정입니다. 월 출하량은 매월 수술 건수에 따라 출하량의 변동이 심하여 예측이 어렵습니다.,2024-05-01,2024-01-31,"10,428","8806524007301,8806524007318,8806524007325"
2024-02-01,타코실,대한적십자사,2024-01-26,"2023년 11월 약가 인상 전 매출 증가함. (현재 국가출하승인 대기 중인 수입량이 있어, 2024.02.10. 정상 공급 예상)",타코실 미디 규격을 말아서 사용하는 번거로움이 있을 수 있음.,2024.02.10. 국가출하승인 대기 물량 출고로 공급 정상화 예상,2024-02-10,2024-02-01,0,8806553004012
2024-01-31,데카펩틸-데포(트립토렐린아세트산염),한국페링제약(주),2024-01-18,생산공정 안정화 과정 중 일시적인 생산량 감소,동일 성분의 대체의약품이 시판중이므로 환자 치료에 미치는 영향은 크지 않을 것으로 판단됨,"2024년 하반기 공급 정상화 목표이며, 공급 정상화까지 출하량을 조정하여 관리할 예정임.",2024-07-01,2024-01-24,18132,8806525000219
2024-01-30,아티반주사(로라제팜),일동제약(주),2024-01-30,설비이슈 및 생산capa 부족으로 인한 공급지연,대체 의약품 존재로 영향 미비,긴급 생산진행으로 2월 21일 공급정상화 예정,2024-02-21,2024-01-30,60,8806429011922
2024-01-30,아티반정0.5밀리그람(로라제팜),일동제약(주),2024-01-30,판매증가로 인한 품절,대체 의약품 존재로 영향 미비,긴급생산 진행으로 2/20일 공급정상화 예정,2024-02-20,2024-01-30,21,8806429011526
2024-01-19,아티반주사(로라제팜),일동제약(주),2024-01-19,설비이슈 및 생산capa 부족으로 인한 공급지연,대체 의약품 존재로 영향 미비,긴급생산 진행중이며 2024년 2월말 이전에 공급 정상화 예정임.,2024-02-29,2024-01-19,10,8806429011823
2024-01-17,아이비글로불린에스엔주5%[말토즈 첨가 사람 면역글로불린(pH4.25)],(주)녹십자,2023-12-19,국내의 원료혈장 감소 및 수입혈장의 가격 급상승으로 혈장 수급에 많은 애로사항이 있습니다. 또한 팬데믹 이후 면역글로불린 제제 수요 또한 증가하여 여유 재고를 확보하기 어려워 안정적 공급이 어려운 상황입니다. 또한 제품의 특성상 제조 시작부터 출하 전까지 많은 시간이 소요되어 즉각적인 공급량 증가가 어려운 상황입니다.,경쟁사의 대체품 사용이 가능하기에 환자 치료에 큰 영향을 미치지 않을 것으로 판단됩니다.,"환자에게 미치는 영향을 최소화하기 위해 의료기관 및 도매상에 공급 부족 관련 내용을 공유하고 있으며, 정상적인 공급을 재개할 수 있도록 최선을 다할 것입니다.",2025-01-02,2024-01-11,0,8806436046412
2024-01-17,아이비글로불린에스엔주10%(글리신 첨가 사람면역글로불린[pH4.8]),(주)녹십자,2024-01-17,국내의 원료혈장 감소 및 수입혈장의 가격 급상승으로 혈장 수급에 많은 애로사항이 있습니다. 또한 팬데믹 이후 면역글로불린 제제 수요 또한 증가하여 여유 재고를 확보하기 어려워 안정적 공급이 어려운 상황입니다. 또한 제품의 특성상 제조 시작부터 출하 전까지 많은 시간이 소요되어 즉각적인 공급량 증가가 어려운 상황입니다.,경쟁사의 대체품 사용이 가능하기에 환자 치료에 큰 영향을 미치지 않을 것으로 판단됩니다.,"환자에게 미치는 영향을 최소화하기 위해 의료기관 및 도매상에 공급 부족 관련 내용을 공유하고 있으며, 정상적인 공급을 재개할 수 있도록 최선을 다할 것입니다.",2025-01-02,2024-01-12,14484,8806436053915
2024-01-16,카프렐사정300밀리그램(반데타닙),(주)사노피-아벤티스코리아,2024-01-10,"증가한 수요 대비 생산이 부족하여, 공급부족이 예상됩니다.","카프렐사는 VEGFR (Vascular Endothelial Growth Factor)과 EGFR (Epidermal Growth Factor Receptor)을 표적으로 하는 thyrosine kinase 억제제로 절제 불가능한 국소 진행성 또는 전이성 갑상선 수질암의 치료제로 사용 되고 있습니다. 여러 문헌에서는 대체약물로 cabozantinib을 언급하고 있지만, 해당 약제는 국내에서 갑상선수질암 치료제로 허가 받지 않아, 동일 적응증에 허가받은 약제 및 치료적 위치가 동등한 약제는 없습니다. 가이드라인 및 문헌에 의하면, Vandetanib 또는 cabozantinib이 없는 경우 다른 TKI 약제 (sunitinib, lenvatinib등) 사용이 가능하지만, 이 역시 동일 적응증에 허가받은 약제는 아니며 vandetanib또는 cabozantinib 사용 후 질병이 진행이 되는 경우Dacarbazine 요법을 고려할 수 있습니다. 현재 국내에서는fluorouracil + dacarbazine 요법이 급여 인정되고 있습니다.","반데타닙 성분의 완제의약품의 공급부족에 대해 심각성을 인지하고 있으며, 2월 14일에는 원활한 공급을 재개하는 것을 목표로 하고 있습니다. 카프렐사정300밀리그램(반데타닙)을 필요로 하는 환자들에게 미치는 영향을 최소화하기 위해 의료기관 및 도매상과 긴밀하게 소통하고 있으며, 국내 카프렐사정300밀리그램(반데타닙)의 공급을 최대한 신속하게 재개할 수 있도록 본사 및 제조소와 함께 최선의 노력을 다하겠습니다.",2024-04-22,2024-01-12,0,"8806507008202,8806520012309,8806934002101,8806507008219,8806520012316,8806934002118"
2024-01-16,카프렐사정100밀리그램(반데타닙),(주)사노피-아벤티스코리아,2024-01-10,"증가한 수요 대비 생산이 부족하여, 공급부족이 예상됩니다.","카프렐사는 VEGFR (Vascular Endothelial Growth Factor)과 EGFR (Epidermal Growth Factor Receptor)을 표적으로 하는 thyrosine kinase 억제제로 절제 불가능한 국소 진행성 또는 전이성 갑상선 수질암의 치료제로 사용 되고 있습니다. 여러 문헌에서는 대체약물로 cabozantinib을 언급하고 있지만, 해당 약제는 국내에서 갑상선수질암 치료제로 허가 받지 않아, 동일 적응증에 허가받은 약제 및 치료적 위치가 동등한 약제는 없습니다. 가이드라인 및 문헌에 의하면, Vandetanib 또는 cabozantinib이 없는 경우 다른 TKI 약제 (sunitinib, lenvatinib등) 사용이 가능하지만, 이 역시 동일 적응증에 허가받은 약제는 아니며 vandetanib또는 cabozantinib 사용 후 질병이 진행이 되는 경우Dacarbazine 요법을 고려할 수 있습니다. 현재 국내에서는fluorouracil + dacarbazine 요법이 급여 인정되고 있습니다.","반데타닙 성분의 완제의약품의 공급부족에 대해 심각성을 인지하고 있으며, 2월 14일에는 원활한 공급을 재개하는 것을 목표로 하고 있습니다. 카프렐사정100밀리그램(반데타닙)을 필요로 하는 환자들에게 미치는 영향을 최소화하기 위해 의료기관 및 도매상과 긴밀하게 소통하고 있으며, 국내 카프렐사정100밀리그램(반데타닙)의 공급을 최대한 신속하게 재개할 수 있도록 본사 및 제조소와 함께 최선의 노력을 다하겠습니다.",2024-02-14,2024-01-12,8,"8806507008103,8806520012200,8806934002002,8806507008110,8806520012217,8806934002019"
2024-01-15,알카인0.5%점안액(푸로파라카인염산염),한국알콘(주),2024-01-22,원료의약품 수급이슈,안과용 국소마취제로 하기 치료에서 다른 성분의 국소마취제를 사용해야 합니다. (단시간의 각막 마취 및 간단한 각막 및 결막 처치),당사에서는 최선을 다해 공급 정상화를 추진하여 환자 치료에 차질이 없도록 노력할 예정입니다. 월 출하량은 매월 수술 건수에 따라 출하량의 변동이 심하여 예측이 어렵습니다.,2024-02-29,2024-01-11,0,"8806524004409,8806524004416"
2024-01-15,류케란정(클로람부실),에이징생명과학(주),2024-02-12,류케란정은 해외제조원에서 생산되어 수입되는 완제품으로 현재 제조원에서의 생산일정지연으로 수입 잠정 중단딥니다. 재공급일정은 2025년 상반기부터 재수입되어 공급이 가능할 것으로 예정됩니다.,류케란정은 해외제조원에서 생산되어 수입되는 완제품으로 현재 제조원에서의 생산일정지연으로 수입 잠정 중단딥니다. 재공급일정은 2025년 상반기부터 재수입되어 공급이 가능할 것으로 예정됩니다.,"류케란정은 해외제조원에서 생산되어 수입되는 완제품으로 현재 제조원에서의 생산일정지연으로 수입 잠정 중단딥니다. 당사는 현재 변경허가 진행중에 있습니다. 허가진행을 조속히 완료하여, 공급원활화에 최선을 다하겠습니다.",2026-08-31,2024-01-11,94,8806261001419
2024-01-15,디스코비스크주,한국알콘(주),2024-03-02,원료의약품 수급이슈,"백내장 수술 및 인공 수정체 이식을 포함한 각종 전방부 안과 수술의 보조제로 사용 됩니다. 자사 제품(비스코트점안액, 프로비스크주)을 포함하여 대체재는 여러 종류가 있습니다. 허나 특정 수술케이스에서는 디스코비스크주를 사용하는 것이 환자의 시력에 더 나은 영향을 미친다는 연구 결과가 있습니다.",당사에서는 최선을 다해 공급 정상화를 추진하여 환자 치료에 차질이 없도록 노력할 예정입니다. 월 출하량은 매월 수술 건수에 따라 출하량의 변동이 심하여 예측이 어렵습니다.,2024-04-30,2024-01-11,4262,"8806524000609,8806524000616"
2024-01-12,레비도즈프리필드펜44마이크로그램(재조합인터페론베타1a),머크(주),2024-01-12,제조소 사정으로 인한 일시적 공급 지연,"레비도즈프리필드펜44마이크로그램(재조합인터페론베타1a)은 임상적 독립증후군(Clinically Isolated Syndrome, CIS, First clinical demyelinating event)의 치료, 다른 질환으로 진단되지 않으며, 임상적 확진 다발성 경화증 (Clinically Definite Multiple Sclerosis, CDMS)으로 진행될 위험이 높은 경우의 치료를 효능효과로 하는 의약품 입니다. 대체의약품으로는 레비프® 프리필드주사 44 마이크로그램이 시판 중에 있어 환자 치료에 큰 영향이 없을 것으로 예상 됩니다.","폐사에서는 제품의 원활한 공급을 위해 모든 사전 조치를 취하고 있으며, 2024년 1월 30일 이후부터 정상적인 국내 공급이 예상됩니다.",2024-01-30,2024-01-12,0,8806617006327
2024-01-11,조믹정2.5밀리그램(졸미트립탄),한국아스트라제네카(주),2024-01-02,"이전 조믹정 공급 부족으로 인해 지속적으로 사재기 현상이 발생하고 있고, 그 결과로 2024.01.02 일자로 공급 부족이 발생하여 보고 드립니다.","조믹정 2.5밀리그램은 선택적 5-HT 수용체 작용제로서 다음의 동효제제가 존재합니다: 나라믹정(Naratriptan), 이미그란정(Sumatriptan), 미가드정(Frovatriptan), 알모그란정(Almotriptan) 위의 의약품들은 모두 조믹정과 동일 혹은 유사한 효능효과를 가지고 있으며, 복용방법에서도 큰 차이를 보이지 않습니다. 따라서, 조믹정의 생산.수입.공급 부족 시 환자에게 미칠 것으로 예상되는 큰 우려사항은 없습니다.","빠른 수입과 공급량을 늘릴 수 있도록 제조소에 요청하였으며, 향후 공급 부족 발생을 최소화하기 위하여 노력하겠습니다.",2024-01-17,2024-01-10,0,"8806507004709,8806507004716"
2024-01-11,몬테루칸속붕해정10밀리그램(몬테루카스트나트륨),일동제약(주),2024-01-11,11월 12월 판매급증으로 인한 품절,대체 의약품 존재로 미비,긴급으로 생산 진행하여 1/26 공급 정상화 계획,2024-01-26,2024-01-11,0,8806429043725
2024-01-08,"세브론시럽(아세틸시스테인)(수출명:뮤시스틴시럽,스파탐시럽)",(주)서울제약,2024-02-26,최근 감기약 등 생산이 급격히 늘어남에 따라 수탁사의 생산일정이 지연되어 공급이 부족할 것으로 예상됩니다.,대체 의약품 존재로 영향 없음,"공급정상화를 위해 수탁사와 긴밀히 논의하고 있으며, 최대한 빠르게 공급될 수 있도록 노력하겠습니다.",2024-03-11,2024-01-08,0,8806529009119
2024-01-04,"트루리시티 0.75밀리그램/0.5밀리리터(둘라글루타이드,유전자재조합) 일회용 펜",한국릴리(유),2023-12-18,"GLP-1 수용체 작용제의 치료 권고수준이 높아짐에 따라 전세계적으로 수요가 급격히 증가하여 수요량 대비 수입 물량 부족이 이어지고 있습니다. 상반기부터 계속된 물량 부족으로 도매상 및 약국에 공급되는 재고 소진 시점의 예측이 어려우나, 최종 수입된 물량은 2024년 12월 내 소진된 것으로 예상됩니다.","공급 부족 상황이 환자 치료에 미치는 영향을 최소화하고자 반드시 투여 유지가 필요한 환자에 공급될 수 있도록 노력하고 있습니다. 또한, 환자 신규 처방 후 치료를 지속하지 못하는 경우가 발생하지 않도록 의료진 및 유관기관에 공문을 발송하여 상황을 공유하고 있습니다.",1월 수입 일정은 제조소와 긴밀히 논의 중입니다. 아직 1월 중 수입 일정이 확정되지 않아 공급정상화 예상일자는 (안)으로 작성하였습니다. 1월 중 수입일정이 확인되는 대로 공급 정상화 예상 일자를 업데이트 할 예정입니다.,2024-03-25,2024-01-03,0,"8806708010301,8806708010318,8806708010325"
2023-12-22,아티반정0.5밀리그람(로라제팜),일동제약(주),2023-12-23,자재 불량으로 인한 공급지연,대체 의약품 존재로 미비,2024년 1월 11일 공급 예정,2024-01-11,2023-12-22,16,8806429011526
2023-12-21,아티반주사(로라제팜),일동제약(주),2023-12-22,설비이슈 및 생산 capa 부족,대체 의약품 존재로 미비,2024년 1월 2주까지 공급 예정,2024-01-12,2023-12-21,11,8806429011823
2023-12-21,아지탑스주사500밀리그램(아지트로마이신수화물),일동제약(주),2023-12-22,12월 판매 급증(마이코플라즈마 폐렴 이슈),대체 의약품 존재로 영향 미비,2024년 1월 1주까지 공급 예정,2024-01-05,2023-12-21,1,8806429028319
2023-12-21,소아용후로목스세립(세프카펜피복실염산염수화물),일동제약(주),2023-12-22,12월 판매 급증 및 생산 Capa 부족,3세대 세파항생재 대체의약품 존재로 영향미비,2024년 2월 말까지 공급예정,2024-02-29,2023-12-21,5,8806429007925
2023-12-15,하나페닐레프린염산염주사1%,하나제약(주),2023-12-29,허가증에 등록된 주성분 제조원의 화재발생으로 인해 공급이 중단됨에 따라 신규 주성분 제조원 추가에 따른 허가 변경(처리예정일: 24년 2월 6일)에 의한 공급부족,국내 해당 제품과 동일성분의 제품이 없으므로 공급부족시 증상에 따른 다른 약물투여 필요함,주성분 제조원 추가에 따른 허가 변경 후 빠른시일내에 입고예정,2024-03-29,2023-12-12,14430,8806578027324
2023-12-15,서바릭스프리필드시린지[인유두종바이러스백신(유전자재조합)],(주)글락소스미스클라인,2023-09-30,시험기술이전에 따른 시험장비 입고 지연으로 인해 2024년 7월 31일까지 공급 부족이 예상됩니다.,현재 한국에 공급되고 있는 HPV 백신은 아래와 같습니다. 1. 한국엠에스디(주) - 가다실프리필드시린지,아사는 공급 부족 정상화를 위해 최선의 노력을 다 하겠습니다. 현재 한국에 공급되고 있는 HPV 백신은 아래와 같습니다. 1. 한국엠에스디(주) - 가다실프리필드시린지,2024-07-31,2023-12-15,0,"8806500018802,8806500018819,8806500018826"
2023-12-14,"프리오릭스주(홍역,유행성이하선염및풍진혼합생바이러스백신)",(주)글락소스미스클라인,2021-10-26,기 허가된 완제의약품의 실험법 변경과 국내 수입 제품의 한국 내 출하시험을 수행하기 위한 추가 시험 기술 이전에 기간이 기존의 예상보다 길어짐에 따라 이를 완료할때까지의 추가 시간이 필요합니다.,일시적 공급 중단 조치로 인하여 GSK 백신 공급에 일정 기간 차질이 예상됩니다. 현재 한국에 공급되고 있는 MMR 백신은 아래와 같습니다. 1. 한국엠에스디(주) - 엠엠알Ⅱ주,현재 한국에 공급되고 있는 MMR 백신은 아래와 같습니다. 1. 한국엠에스디(주) - 엠엠알Ⅱ주,2024-12-31,2023-12-14,0,"8806500014200,8806500014217,8806500014224,8806500014231,8806500014309,8806500014316,8806500014408,8806500014415,8806500014248"
2023-12-12,후로목스정100밀리그램(세프카펜피복실염산염수화물),일동제약(주),2023-12-13,하절기 미생산 품목 및 설비이슈에 따른 지속적인 공급지연(수요 대비 공급 부족),3세대 세파항생재 대체의약품 존재로 영향미비,2024년 1월 말 정상 공급 예정,2024-01-31,2023-12-12,1160,8806429025714
2023-11-20,아지탑스주사500밀리그램(아지트로마이신수화물),일동제약(주),2023-11-16,8월~9월 판매급증으로 인한 공급지연,대체 의약품 존재로 영향 미비,긴급생산 진행하여 2023년 12월 10일까지 공급 예정,2023-12-10,2023-11-20,0,8806429028319
2023-11-17,아서프릴정4밀리그램(페린도프릴-t-부틸아민),일동제약(주),2023-11-16,불순물 이슈에 따른 행정처분 여부 확인중,대체 의약품 존재로 영향 미비,2024년 1월말,2024-01-31,2023-11-17,0,8806429011328
2023-11-15,"엠엠알II(홍역,유행성이하선염및풍진혼합생바이러스백신)",한국엠에스디(주),2024-01-01,"수입자 시험검정을 위한 세포 주 배양 시, 세포의 오염이 발생하여 재배양 절차가 필요하게 되었고, 이로 인해 수입자 시험 완료 일정이 한달 간 지연되어 공급 부족이 예상됨","1) MMR의 공급부족으로 인해 2024년 1월에 품절 발생 예상되어 환자와 병원에 혼선 발생 예상됨 2) 엠엠알II 백신과 동일 성분을 가진 백신은 자사 제품 외에 한 품목 (GSK, 프리오릭스)이 더 있으나, 해당 타사 백신은 공급 중단 상황으로 폐사의 엠엠알II 백신이 현재 유일하게 공급되고 있음. 최근 수요 증가에 따라서, 현재 출하 승인된 폐사 보유 재고는 2023년 12월 중에 모두 소진될 것으로 예상되어 MMR도 품절 발생 시 소아NIP 접종이 아예 어려운 상황",백신 안정공급을 위한 행정지원 요청,2024-01-19,2023-11-14,11490,8806555002726
2023-11-14,명인탄산리튬정150밀리그램,명인제약(주),2024-01-10,리튬 수요 급등으로 인한 원가 상승으로 주성분 원료의약품의 수급에 어려움이 있는 상황입니다.,"동일 성분의 약제가 시판 중으로 분할처방이 가능한 점을 고려하면 의료현장에 중대한 영향을 미치지는 않을 것으로 사료됩니다. 다만, 동일 성분 제제 중 유일한 함량으로 기존 사용 중인 환자의 불편함이 예상되므로 공급부족 기간을 최소화 하도록 노력하겠습니다.",최대한 신속히 원료의약품을 수배하여 공급에 차질이 없도록 노력하겠습니다.,2024-03-10,2023-11-10,1142,"8806519042607,8806519042614"
2023-11-14,명인탄산리튬정,명인제약(주),2024-01-10,리튬 수요 급등으로 인한 원가 상승으로 주성분 원료의약품의 수급에 어려움이 있는 상황입니다.,"동일 성분의 대체가능한 약제가 시판 중이므로 의료현장에 중대한 영향을 미치지는 않을 것으로 사료됩니다. 다만, 동일 성분 제제 중 시장 점유율이 다소 높은 점 등 기존 사용 중인 환자의 불편함이 예상되므로 공급부족 기간을 최소화 하도록 노력하겠습니다.",최대한 신속히 원료의약품을 수배하여 공급에 차질이 없도록 노력하겠습니다.,2024-03-10,2023-11-10,849,"8806519008801,8806519008818,8806519008825"
2023-11-13,아티반주사(로라제팜),일동제약(주),2023-11-13,설비이슈 및 생산 capa 부족으로 인한 공급지연,대체 의약품 존재로 미비,긴급 생산 진행하여 2023년 11월말 공급 예정,2023-11-30,2023-11-13,4,8806429011823
2023-11-10,엘칸액(엘-카르니틴),일동제약(주),2023-11-09,위탁처 생산 capa 부족으로 인한 공급지연,미비,12월말 공급 예정,2023-12-29,2023-11-09,0,8806429013711
2023-11-08,벤클렉스타정100밀리그램(베네토클락스),한국애브비(주),2023-12-04,해외제조원에서 포장공정이 보류되고 있습니다. 이로 인해 일시적으로 제품의 수입 지연 및 재고 부족이 예상되고 있습니다.,"동일 용량(100mg)의 3가지 포장 단위 중 한 포장단위 제품 (7정/pack)의 공급부족이 약 1개월 예상됩니다. 이 기간 동안 다른 포장단위 (14정/pack, 120정/pack) 및 저용량(10mg, 50mg)의 재고가 가능합니다.",당사는 공급 정상화를 위해 제조원과 긴밀히 연락하고 있습니다. 본 제품을 투여하는 환자들의 치료에 미치는 영향을 최소화하기 위해 가능한 빨리 공급 재개할 수 있도록 최선을 다 할 것입니다.,2024-01-25,2023-11-08,34,8806249003312
2023-11-07,마이오자임주(알글루코시다제알파),(주)사노피-아벤티스코리아,2023-11-08,최근 마이오자임 주문이 예상보다 증가됨,"당사는 동일한 계열의 폼페병 치료제인 ‘넥스비아자임주(아발글루코시다제알파)’ 품목허가를 보유하고 있어 시장에 원활히 제품을 공급하고 있습니다. 넥스비아자임주는 마이오자임주와 동일한 계열의 주성분을 가지고 있으며 마이오자임주에 비해 개선된 치료 효과를 보이는 개량생물의약품으로, 2023년 9월 1일 이후 건강보험 급여를 적용받아 기존 마이오자임주로 치료를 받던 환자들은 넥스비아자임주로 치료제를 순차적으로 변경하고 있는 상황입니다. 따라서, 본 제의 품절 시 환자 치료에 미치는 영향은 최소화 될 것으로 사료됩니다.",2023년 12월 29일에는 마이오자임주의 원활한 공급을 재개하는 것을 목표로 하고 있습니다. 환자들에게 미치는 영향을 최소화하기 위해 아사는 의료기관 및 도매상과 긴밀히 소통할 것입니다. 국내 공급을 최대한 신속하게 재개할 수 있도록 본사 및 제조소와 함께 최선의 노력을 다하겠습니다.,2023-12-29,2023-11-06,138,8806520013016
2023-11-03,타미플루캡슐75밀리그램(인산오셀타미비르),(주)한국로슈,2023-11-08,"올 해 ㈜한국로슈에서 보유하고 있던 타미플루 75mg 10만명분의 양이 10월 중순 경 3주동안에 급작스러운 수요로 인해 90% 이상이 소요되었습니다. 현재 계절성 독감유행은 최근 5년 내 최고점(*)에 도달하며, 급격하게 증가하고 있습니다. 이에 공급 대비 수요가 급증한 상황입니다. (*) ‘23년 12월 2주 인플루엔자 의사환자 표본감시 결과, 외래환자 1,000명당 61.3명으로 최근 5년간 최고 수준에 도달함. 최근 5년 최고점: 최근 5년 최고점: (‘19년) 49.8명, (’20년) 2.8명, (‘21년) 4.8명, (’22년) 60.7명","해당 제품과 동일한 성분으로 국내 허가된 제네릭 제품이 다수 출시되어 있으며, 동일한 적응증을 가지고 국내 허가 및 공급되어 있습니다. 또한, 주사제로 유사한 적응증을 가진 약제도 허가 및 공급 되어 있습니다. 위와 같은 동일 성분의 제네릭, 유사 성분의 약제들이 현재 공급되고 있는 상황이라 환자 치료에 미치는 영향은 미미할 것으로 판단됩니다.","추가 수입 일정은 23년 12월로 예정되어 12월 말 부터 공급 정상화가 될 것으로 예상됩니다. 아울러, 질병청과 논의를 통해 빠른 시일 내에 정부 비축분도 시장에 공급할 예정입니다.",2023-11-30,2023-11-03,1756,"8806450004603,8806450004610"
2023-11-01,후로목스정100밀리그램(세프카펜피복실염산염수화물),일동제약(주),2023-11-03,하절기 미생산 품목 및 설비이슈,3세대 세파항생재 대체의약품 존재로 영향미비,연속 생산을 통한 재고 확보,2023-11-29,2023-11-01,766,8806429025714
2023-10-27,알타질주(주사용아스피린리신90%),일양바이오팜(주),2023-12-20,원료 의약품(주성분) 수급 지연으로 인한 위탁 제조원 생산지연으로 인해 알타질주(주사용아스피린리신90%)의 공급 부족이 예상됩니다.,"알타질주(주사용아스피린리신90%)는 암성동통, 수술 후 동통의 효능·효과를 가지고 있어 비마약성 진통제로 사용되고 있습니다. 동일성분, 동일투여경로의 약물은 국내에 시판 중이지는 않고 알타질주(주사용아스피린리신90%)가 유일합니다. 동일 계열의 타 성분의 대체가능한 약제는 시판 중이며, 장기간 동안의 품절은 아니므로 의료현장에 중대한 영향을 미치지는 않을 것으로 사료됩니다. 다만, 해당 성분, 해당 투여경로로 유일한 품목이므로, 처방 및 치료에 불편함이 예상되므로 품절 기간을 최소화 하도록 노력하겠습니다.","폐사는 원료 의약품(주성분) 수입 및 위탁 생산처의 빠른 생산을 위해 해외 원료사 및 위탁생산처와 긴밀하게 논의하고 있습니다. 현재 상황을 고려하여, 가능한 빠른 다음 수입 일정은 12월 중순으로 예상되며, 이후 위탁생산처와 일정 조율을 통해 24년 2월 말에서 3월 초에 공급이 다시 가능할 수 있을 것으로 사료 됩니다. 수입 및 위탁생산처 생산 일정을 당기기 위해 노력하여 신속하게 공급정상화 될 수 있도록 최선을 다하겠습니다.",2024-03-04,2023-10-26,936,8806966018934
2023-10-27,리소드렌정500밀리그람(미토테인),리퓨어헬스케어(주),2023-11-20,수입 지연,도매상 재고 수량 확보 및 공급 조절 예정으로 환자 치료에 미치는 영향은 거의 없을 것으로 생각됩니다.,12월 초 수입 및 12월 중순 공급,2023-12-21,2023-10-27,25,8806797004410
2023-10-24,크리논겔8%(프로게스테론),머크(주),2023-11-01,글로벌 공급망 이슈로 인한 공급 지연,크리논겔8%(프로게스테론)'은 프로게스테론 결핍으로 인한 불임여성의 ART(AssistedReproductiveTechnique) 치료의 한 부분으로서 프로게스테론의 보충 및 대체를 효능효과로 하는 의약품입니다. 대체 가능한 약물로서 제이텍바이오젠의 '타이유프로게스테론주' 가 시판 중에 있어 환자 치료에는 큰 영향이 없을 것으로 예상됩니다.,"폐사에서는 제품의 원활한 공급을 위해 모든 사전 조치를 취하고 있으며, 제조소에서의 생산이 원활해지면, 2024년 3월 01일 이후부터 정상적인 국내 공급이 예상됩니다.",2024-03-01,2023-10-23,158,8806617004101
2023-10-24,알타민캡슐250밀리그램(디-페니실라민),일동제약(주),2023-10-25,설비 고장 (캡슐충전기) 및 생산 지연,대체 의약품 존재로 영향 미비,생산 진행 중으로 11/3일 이후 문제 없음 (영향력 미비),2023-11-03,2023-10-24,182,8806429012516
2023-10-20,녹십자-알부민주5%(사람혈청알부민),(주)녹십자,2023-10-18,"생물학적제제 특성 상 혈장분획제제는 생산에 소요되는 lead-time이 3~4개월 정도 소요됩니다. 따라서, 의료현장에서의 갑작스러운 수요 증가에 즉각적으로 공급량을 증가시킬 수 없는 특성이 있습니다. 국내·외의 원료혈장 감소로 혈장분획제제의 안정적 공급이 어려워지고 있는 것도 원인입니다. 데믹 이후 알부민의 수요는 증가한 반면, GC녹십자는 혈장배분비율 변경 등으로 수입 혈장 의존도는 더욱 증가되고 있습니다. 팬데믹으로 인한 전 세계적인 혈장 품귀 현상으로 수입 혈장 수급에도 많은 애로사항이 있으며, 제 산업 특성 상 완제의약품을 출하하기 까지의 행정절차에 시간이 소요되어 즉각적인 공급량 가가 어려운 상황입니다. 하지만 알부민등 혈장분획제제는 현재 일시적으로 수급이 불안정한 상황이며, 22년 대비 23년의 알부민은 동일한 수준 이상으로 공급 중이라는 점 알려드립니다.","이번 공급부족보고는 해당 품목 중 100mL에 해당하는 사항으로, 타사의 동일 성분 및 동일 함량의 제품이 공급중인 바, 환자 치료에 큰 영향을 미치지 않을 것으로 판단됩니다.","GC녹십자는 알부민 등 혈장분획제제의 수요 증가에 빠르게 대응하기 위해 수입혈액원 추가 등록 및 수입 혈장의 종류 다각화 등 다양한 방법을 계획, 실행하고 있으며, 생산 시설 증설 계획도 병행하여 진행하고 있습니다. 국가필수의약품인 알부민 등 혈장분획제제의 특성을 고려하여 생명과 직결이 되는 의약품을 안정적으로 공급할 수 있도록 최대한 노력하여 현재의 공급부족상황을 해소하기 위해 정부기관과의 긴밀한 협조도 진행하여 나가겠습니다",2023-11-30,2023-10-18,0,8806436004917
2023-10-15,사미온정(니세르골린),일동제약(주),2023-10-11,설비 이슈로 인한 일시적인 공급 지연,대체 의약품 존재로 영향 미비,QC 진행 중으로 10/20일 이후 문제 없음 (영향력 미비),2023-10-19,2023-10-15,0,8806429006720
2023-10-13,"렘트라다주(알렘투주맙)(단클론항체,유전자재조합)",(주)사노피-아벤티스코리아,2023-10-31,기존 재고의 사용기한 만료 (2023년 10월)로 인해 공급이 약 1개월 가량 부족할 예정입니다.,"렘트라다는 고활동성 재발 완화형 다발성 경화증 성인 환자에 대한 단독요법 치료제로, 상세 적응증은 아래와 같습니다. 다만 투여 간격이 12개월이므로, 기존 투여 환자의 치료 일정을 예측했을 때 2024년 1분기까지는 수요가 없을 것으로 예상됩니다. 투여가 필요한 신규 환자가 생기더라도, 약 1개월의 공급 부족이 예상되므로, 투여 일정 조정으로 관리 가능할 것으로 사료됩니다. - 한 가지 이상의 질병 조절 치료제로 적절하게 치료했음에도 불구하고 고활동성을 보이는 환자, 또는 - 1년에 2회 이상 기능적 손상을 동반한 재발을 보이는 빠르게 진행하는 중증의 재발 완화형 다발성 경화증 환자 및 최근의 뇌 MRI 측정 결과와 비교했을 때 1개 이상의 가돌리늄(Gadolinium) 증강 병변이 있거나 T2 병변의 현저한 증가가 있는 환자","기존 재고의 사용기한 만료 (2023년 10월)로 신규 물량 수입까지 공급이 약 1개월 가량 부족하며, 12월 8일에는 원활한 공급을 재개하는 것을 목표로 하고 있습니다. 렘트라다를 필요로 하는 환자들에게 미치는 영향을 최소화하기 위해 아사는 의료기관 및 도매상과 긴밀히 소통할 것입니다. 국내 공급을 최대한 빠르게 재개할 수 있도록 본사 및 제조소와 함께 최선의 노력을 다하겠습니다.",2024-02-29,2023-10-13,10,8806520013610
2023-10-11,에르위나제주(엘-아스파라기나제),클리니젠코리아(유),2023-12-11,"에르위나제 제품에 대한 제조원 변경이 예정되어 있으며, 제조원 변경 완료 시 까지 수입 예정되어 있지 않아 공급 부족이 예상됨.","급만성 백혈병, 악성 임파종","제조원 변경 신청 하였으며, 최대한 빠르게 승인 받아 2024년 5월 또는 6월 중으로 국내 공급할 계획임.",2024-06-11,2023-10-11,60,8800761000224
2023-09-27,훼리탑캡슐(글루콘산제이철나트륨착염),일동제약(주),2023-10-04,9월 판매 증가로 인한 일시적인 품절,대체 의약품 존재로 영향 미비,QC 진행 중으로 10월초 입고 예정 (영향력 미비),2023-10-06,2023-09-27,1341,8806429026544
2023-09-27,베시보정(베시포비르디피복실말레산염),일동제약(주),2023-10-05,설비 문제 이슈로 인한 생산 지연,대체 의약품 존재로 영향 미비,긴급 생산 중으로 10월 중순 입고 예정 (영향력 미비),2023-10-19,2023-09-27,390,8806429058118
2023-09-25,아지탑스주사500밀리그램(아지트로마이신수화물),일동제약(주),2023-09-20,판매 증가에 따른 일시적 품절 (8/21일 입고 후 계획 대비 3배 이상 판매),"긴급 생산 진행 중, 도매 거래처 재고 보유 및 기타 마크로라이드 대체 항생제 처방 가능으로 영향력 적음",긴급 생산 중으로 10월말 입고 예정 (영향력 미비),2023-10-25,2023-09-25,0,8806429028319
2023-09-19,마이오스타트주사(카바콜),한국알콘(주),2023-12-01,사용기간 관련 허가변경 진행 중,"마이오스타트주사는 아래와 같은 상황에서 사용이 권장되어 집니다. 1. 안과수술 중 홍채가 창상에 끼이는 경우 2. 백내장 수술에서 인공수정체가 정확히 삽입되지 못하는 경우 인공수정체의 위치를 안정화 하기 위해 3. 안과수술에서 유리체 이탈을 막기 위해 4. 녹내장 수술에서 축동을 하기 위해 5. 이차 인공수정체 삽입술을 할 경우 6. 홍채성형술을 할 경우 안과수술에서 일상적으로 사용되는 약품은 아니지만, 위와 같은 특별 케이스에서 사용이 되어져야 하는 약품입니다. 없을 시에는 안과수술에서 유리체 이탈에 의한 안압 상승 또는 인공수정체의 움직임 등을 유발할 수 있고, 수술 시간이 길어짐에 따라 수술 결과에도 영향을 미칠 수 있습니다. 또한 특정 환자들에게는 안압 상승으로 인해 안과적 합병증이 유발 될 수 있습니다.",2024년 1월 1일,2024-01-01,2023-09-12,9792,"8806524001002,8806524001019,8806524001026"
2023-09-15,줄토피플렉스터치주,노보노디스크제약(주),2023-08-30,"전세계적인 수요와 공급의 불균형으로 인해 발생하였으며, 의약품의 원활한 공급을 위해 글로벌 노보노디스크는 48억 USD 달러 규모의 생산 설비 투자를 하는 등 빠른 공급의 정상화를 위해 노력하고 있습니다.","노보 노디스크는 환자 보호를 위해 환자 문의 안내 등을 위한 콜센터를 운영중이며, 공급부족 가능성 확인 후 의료진 및 각 병/의원, 도매공급처 등에 공문을 발송하여 공급부족 발생 사전 고지 및 대체 의약품을 안내하는 등 환자와 의료진의 혼선을 최소화 하고자 노력해 왔습니다. 줄토피플렉스터치주는 동일 급여 기준내에 총 11개의 대체 약제가 있으며, 환자의 상황에 따라 적절한 판단을 하실 수 있도록 약제와 관련한 정보를 제공하고 있습니다.",빠른 공급정상화를 위해 가능한 재고를 확보하고자 글로벌 노보노디스크와 다방면에서 논의하였고 이에 공급정상화 일정 예상에 시일이 소요되었습니다. 공급정상화 예상일자는 2023년 11월 1일(거래도매상 출하일 기준)입니다.,2023-11-01,2023-09-15,0,"8806544006001,8806544006025,8806544006018,8806544006032"
2023-09-14,지트람엑스엘서방정200밀리그람(트라마돌염산염),한국먼디파마(유),2023-12-10,"2023년 6월 말에 입고된 수량 대비, 7월부터 시장 출고량이 현저히 높아져서 부득이하게 재고 수량이 부족하게 되었음","동일 성분 기 허가 품목이 시중에 많이 있으므로, 해당 품목의 일시적인 제품 공급 부족에 따른 환자 치료에 미치는 영향은 미미할 것으로 판단됨.","공급 부족을 해결하기 위하여 제품 생산 업체와 긴밀한 논의를 진행 중이며, 변동 가능성은 있지만 2024년 1월 말 공급 정상화가 가능할 것으로 사료됨.",2024-01-30,2023-09-08,1965,8806780001518
2023-09-14,지트람엑스엘서방정150밀리그람(트라마돌염산염),한국먼디파마(유),2023-10-10,"2023년 6월 말에 입고된 수량 대비, 7월부터 시장 출고량이 현저히 높아져서 부득이하게 재고 수량이 부족하게 되었음.","동일 성분 기 허가 품목이 시중에 많이 있으므로, 해당 품목의 일시적인 제품 공급 부족에 따른 환자 치료에 미치는 영향은 미미할 것으로 판단됨.","공급 부족을 해결하기 위하여 제품 생산 업체와 긴밀한 논의를 진행 중이며, 변동 가능성은 있지만 2024년 1월 말 공급 정상화가 가능할 것으로 사료됨.",2024-01-30,2023-08-28,2862,8806780001419
2023-09-13,벤토린흡입액(살부타몰황산염),(주)글락소스미스클라인,2023-10-01,제조처의 공급지연으로 인해 공급이 부족한 상황입니다.,"벤토린흡입액의 경우 동일한 주성분의 자사 제품(벤토린네뷸, 벤토린에보할러)이 있으며, 벤토린흡입액과 제형 및 주성분 함량이 동일한 타사 제품(품목기준코드 200607690)이 있는 것으로 확인하였습니다. 이에 따라 소정의 불편함이 발생할 가능성을 배제할 수 없으나, 크지는 않을 것으로 사료됩니다.","공급정상화를 위해 최선의 노력을 기울이고 있으며, 제조처에서 제품이 준비되는 대로 수입, 국내시험 절차를 긴급하게 진행할 예정입니다.",2024-01-02,2023-09-13,4208,8806500004911
2023-09-12,일동후루마린주사0.5그램(플로목세프나트륨),일동제약(주),2023-09-12,판매 초과 및 설비 문제 이슈,대체 가능한 세파계 항생제 존재로 영향력 미비,9월 26일 입고 이후 정상화 예정,2023-09-26,2023-09-12,0,8806429019522
2023-09-08,아이비글로불린에스엔주5%[말토즈 첨가 사람 면역글로불린(pH4.25)],(주)녹십자,2023-09-11,"국내·외의 원료혈장 감소로 혈장분획제제의 안정적 공급이 어려워지고 있습니다. 팬데믹 이후 수요는 증가한 반면, (주)녹십자는 혈장배분비율 변경 등으로 수입 혈장 의존도는 더욱 증가되고 있습니다. 팬데믹으로 인한 전 세계적인 혈장 품귀 현상으로 수입 혈장 수급에도 많은 애로사항이 있으며, 규제 산업 특성 상 완제의약품을 출하하기 까지의 행정절차에 시간이 소요되어 즉각적인 공급량 증가가 어려운 상황입니다.","이번 공급부족보고는 해당 품목 중 50 mL에 해당하는 사항입니다. 해당용량 외 공급 가능한 용량 (10 mL) 이 있으며, 경쟁사의 대체품 사용이 가능하기에 환자 치료에 큰 영향을 미치지 않을 것으로 판단됩니다.","9월 충전을 시작, 10월 국검신청, 11월 국검 완료를 목표 일정으로 진행하여, 12월 15일에 출하 승인 및 물류 입고가 기대됩니다.",2023-12-15,2023-09-08,9540,8806436046627
2023-09-08,아이비글로불린에스엔주10%(글리신 첨가 사람면역글로불린[pH4.8]),(주)녹십자,2023-09-08,"국내·외의 원료혈장 감소로 혈장분획제제의 안정적 공급이 어려워지고 있습니다. 팬데믹 이후 수요는 증가한 반면, (주)녹십자는 혈장배분비율 변경 등으로 수입 혈장 의존도는 더욱 증가되고 있습니다. 팬데믹으로 인한 전 세계적인 혈장 품귀 현상으로 수입 혈장 수급에도 많은 애로사항이 있으며, 규제 산업 특성 상 완제의약품을 출하하기까지의 행정절차에 시간이 소요되어 즉각적인 공급량 증가가 어려운 상황입니다.","본 공급부족보고는 아이비글로불린에스엔주10% 10ml에 관한 것이지만, 현재 아이비글로불린에스엔주10%는 전 용량 공급부족보고가 되어있는 상황입니다. 동일 유효성분의 아이비글로불린에스엔주5% 및 경쟁사제품이 대체품으로 사용될 수 있지만, 장기적으로 환자의 위험도를 최소화하기 위해서 최대한 생산일정을 조율하여 의료현장에 미치는 영향을 최소화할 수 있도록 최선을 다하겠습니다.","23년 9월에 충전을 시작, 10월 국검신청, 11월에 국검 완료를 목표일정으로 진행하여, 12월에 출하 승인 및 물류 입고가 기대됩니다. (국검/자검 동시 신청을 통한 공급 일정 단축 계획)",2023-12-15,2023-09-08,25,8806436053915
2023-09-06,조믹정2.5밀리그램(졸미트립탄),한국아스트라제네카(주),2023-09-01,조믹정의 제조소의 생산 지연 및 예상치 못한 과다 판매로 인하여 공급 부족이 발생하였습니다.,"조믹정 2.5밀리그램은 선택적 5-HT 수용체 작용제로서 다음의 동효제제가 존재합니다: 나라믹정(Naratriptan), 이미그란정(Sumatriptan), 미가드정(Frovatriptan), 알모그란정(Almotriptan) 위의 의약품들은 모두 조믹정과 동일 혹은 유사한 효능효과를 가지고 있으며, 복용방법에서도 큰 차이를 보이지 않습니다. 따라서, 조믹정의 생산.수입.공급 부족 시 환자에게 미칠 것으로 예상되는 큰 우려사항은 없습니다.",수입 후 제품 출하시험을 최대한 앞당겨 신속하게 수행 하여 공급 부족 기간을 최소화 하기 위하여 노력하겠습니다.,2023-09-18,2023-08-28,1910,"8806507004709,8806507004716"
2023-09-06,세노바액(세티리진염산염),일동제약(주),2023-08-30,위탁 업체 생산 지연에 따른 품절 발생,대체 의약품 존재로 영향 미비,위탁 업체에서 1LOT 생산 진행 중으로 납품 즉시 QC 시험 진행 예정 (추가 생산 일정 조율 중),2023-09-22,2023-09-06,0,8806429007017
2023-09-04,영풍다나졸200mg캡슐,영풍제약(주),2023-11-04,"주성분 DMF 원료 등록관련 하여 비대면 실태조사 일정(23.12.11~23.12.13)로 예정되어 있으며. 이에 따라 처리 완료예정일자는 2024.02.15이므로, 해당 제조원의 DMF 등록완료후 생산 재개 하여 공급하고자 합니다.",적응증과 관련하여 다른 약물로 대체 가능함.,DMF 완료 후 허가 변경 하여 2024년 6월 생산공급 재개 하고자 합니다.,2024-06-30,2023-09-04,"141,590",8806619010001
2023-08-30,"트루리시티 1.5밀리그램/0.5밀리리터(둘라글루타이드,유전자재조합) 일회용 펜",한국릴리(유),2023-09-01,"GLP-1 수용체 작용제의 치료 권고수준이 높아짐에 따라 전세계적으로 수요가 급격히 증가하였습니다. 이에 대응하기 위해 생산량 및 한국에 수입되는 물량을 확대하고자 노력하고 있으나 높은 수요량 대비 수입 물량이 부족한 상황입니다. 현 재고량 및 기 수입 물량 등을 고려하여 예측되는 공급부족 발생 일자는 9월 23일이나, 상반기부터 계속된 물량 부족으로 도매상 및 약국에 공급되는 재고 소진 시점의 예측이 어려우며 동시에 발생한 공급 불안정에 따라 재고 소진 속도가 급격히 증가함에 따라 공급부족 발생 예상일자를 현재 수입된 물량이 시장에 공급되기 전인 2023년 9월 1일으로 예상합니다.","환자 치료에 미치는 영향을 최소화하고자 도매상 및 병원, 약국의 재고가 반드시 투여 유지가 필요한 환자에 공급될 수 있도록 노력하고 있습니다. 다만, 재고 소진 속도가 공급 속도를 상회하고 있음에 따라 약제를 구하지 못하여 치료를 지속하지 못하는 경우가 발생하지 않도록 의료진 및 유관기관에 공문을 발송하여 상황을 지속적으로 공유하고 있습니다.","기 2023년 8월 22일 수입된 27,696개의 물량은 품질시험을 거쳐 2023년 9월 13일에 공급될 예정이나 해당 물량 또한 빠르게 소진될 것으로 예측되어 공급 정상화에는 충분하지 않은 수량으로 예상합니다. 공급 정상화는 8월 22일 이후 추가 수입 물량이 제조소 출하일자인 9월 20일에 출하되어 수입통관 및 품질시험이 완료되어 국내 유통이 예상되는 2023년 10월 18일로 예상합니다. 다만, 현재 재고 소진 속도가 예측치를 상회하고 있으므로 수입 일정 지연 또는 수입 물량 부족 시 공급 부족이 올해 하반기 내까지 장기화될 수 있습니다.",2023-11-03,2023-08-30,0,"8806708010509,8806708010523,8806708010516"
2023-08-21,튜베르쿨린피피디AJV(정제튜베르쿨린(PPD)),(주)엑세스파마,2023-08-28,의료기관 종사자의 잠복결핵 의무 검진 기한이 2023년 6월에서 9월까지로 연장됨에 따라 동 약제의 소요량이 증가되어 현재 공급량이 부족한 상황입니다.,"튜베르쿨린피피디는 잠복결핵검사에 필요한 약제이며, 특히 18세 미만 소아청소년의 잠복결핵 검사시 동 약제를 이용한 TST 검사가 원칙이므로 잠복결핵 검사에 영향이 있을 수 있습니다.","현재 백신검정과에서 동 약제의 국가출하승인을 위해 검토 중이며, 승인을 위해 필요한 자료는 당사가 이미 제출(2023.08.17)하였습니다. 국가출하승인이 금주 내로 완료된다면 2023년 8월말부터 공급이 정상화될 것으로 사료됩니다.",2023-08-28,2023-08-21,0,8806731000140
2023-08-18,"씨뮬렉트주사(바실릭시맙)(단클론항체,유전자재조합)",한국노바티스(주),2023-10-16,"현재 씨뮬렉트주사의 첨부용제(주사용수)는 프랑스 소재의 수탁제조원인 Delpharm Dijon에서 생산하여 노바티스로 공급되고 있습니다. 해당 제조원에서 아직 시장으로 출고되지 않은 주사용수의 일탈을 조사하던 중에 일부 출고된 배치의 앰플에서 공정관련 입자가 확인 되었고, 국내에는 2개의 배치가 해당 불순물 검출 앰플과 함께 포장되어 공급 되었음을 확인하였습니다. 당사는 주사용수 앰플에서 발견된 불순물 검출과 관련하여 식약처에 보고, 현재 영업자 회수를 진행하고 있습니다. 불순물 조사 결과로 그 근본 원인은 해당 이슈 앰플을 제조한 제조사 Schott사에 있음을 확인하였고, 지난 4월 이후부터 앰플 수급 불가로 완제품 제조 공장에서의 생산 중지, 이미 일부 국가에서는 품절이 발생하고 있는 상황입니다.","장기 이식 치료제 종류 중 유도 요법의 대표적인 약제인 씨뮬렉트는 신장, 심장, 간장, 폐, 소장이식, 췌장 및 췌도 이식에 투여 시 급여을 인정하고 있으며 유도 치료 약제로서 매우 큰 비중을 차지하고 있습니다. 전체 이식건의 약 70%에 해당하는 생체 이식의 경우 단기간은 병원과 장기이식관리 센터에서 스케줄을 조절하여 잠시 미룰 수는 있겠지만 수술이 지연되는 동안 공여자와 수여자의 신체 상태의 변화가 생길 수도 있어서 이식이후의 결과에 대해 영향을 미칠 수 있으며 잡혀있던 모든 수술이 다 미루어질 것입니다. 반면 약 30%에 해당하는 사체 이식의 경우 공여자의 특성상 타이밍이 매우 중요하여 수술이 빠르게 이루어져야 하지만 유도치료 없이는 수술이 거의 불가하기 때문에 장기를 공여할 수도 없으며 더불어 수술 자체가 이루어질 수 없는 상황입니다. 매년 약 1,500 건 이상 이루어지는 간이식에는 허가 및 급여가 안되는 상황이며 씨뮬렉트 없이는 간이식 수술을 못하는 상황이 이루어질 수 있습니다.","본사 차원에서 장기적인 공급 중단을 예방하기 위해 씨뮬렉트 제품에서 첨부용제(주사용수 앰플)의 제외를 신속하게 적용하기 위한 계획을 하고 있습니다. 따라서 당사에서는 국내 씨뮬렉트주 품목허가증 상 첨부용제가 기술되어 있는 모든 항목에 대한 변경허가를 진행하고자 하며 예상되는 변경허가 승인 날짜는 23년 11월 중순으로 예상하고 있습니다. 변경허가 승인 이후 제품을 수입하고 국내 품질 시험까지 완료되는 시장에 공급 가능한 예상일은 12월 말로 예상되며, 이에 10월 중순부터 12월 말까지 약 11주간의 제품 공급 부족이 예상됩니다.",2023-12-29,2023-08-09,1239,8806536006705
2023-08-18,비트락비액(라로트렉티닙황산염),바이엘코리아(주),2023-09-13,희귀의약품으로 사용 환자 수가 매우 적은 상황에 예상 보다 많은 환자가 발생하였으며 더불어 제형 변경된 신규 제품 도입으로 인해 일시적으로 공급 부족이 발생하였습니다.,전신치료 항암제/경구액제로 NTRK 양성 소아 환자에게 대체가능한 약제가 없어 공급이 중단된다면 질병 진행의 위험이 매우 크다고 볼 수 있습니다.,환자에게 미치는 영향을 최소화하기 위해 의료기관 및 도매상에 공급지연 관련 내용을 고지할 예정이며 일시 품절 후 정상 공급 예정입니다. 더불어 신규 제형 제품의 조기 도입을 추진하는 등 본사 및 제조소와 함께 최선의 노력을 다할 것입니다.,2023-09-30,2023-08-18,9,"8806411061102,8806411061119,8806411061126"
2023-08-14,스타마릴주(약독황열생바이러스백신)(관납용),사노피파스퇴르(주),2023-09-13,"시험법기술이전에 예상계획보다 지연이 되고있으며, 코로나-19 정상화 이후 증가한 수요와 (해외여행 등) 맞물려 공급 부족이 조기 발생 되게 되었습니다.","첨부파일의 '5. 국내 공급 부족현황 및 영향'을 참고하여 주시고, 해군본부의 상황은 의무실 보건운영과 측에서 '보건운영과-6484' 공문을 통해 식품의약품안전처 바이오의약품품질관리과, 바이오의약품정책과, 식품의약품안전평가원 백신검정과로 발신하였습니다.","자사는 공급정상화를 위해 해당 시험실 및 제조원과 긴밀히 협조하고 있습니다. 현재로서는 2023년 11월 20일주부터 공급 재개를 정상화 하는 것을 목표로 하고 있습니다. 또한, 공급부족으로 인한 영향을 최소화하기 위해 의료기관(관납기관)과 긴밀히 소통하여 혼란을 최소화 할 수 있도록 협조하겠습니다.",2023-11-23,2023-08-14,0,"8806659001700,8806659001717,8806659001724,8806659001731"
2023-08-10,프리마코주(밀리논),(주)사노피-아벤티스코리아,2023-08-07,제조소에서 라벨링 및 포장 단계가 지연됨에 따라 프리마코주(밀리논)의 공급부족이 예상됩니다.,"프리마코주(밀리논)은 아래와 같은 적응증에 사용되는 의약품입니다. 공급부족으로 인하여 아래 해당하는 환자들에 대한 영향이 있을 것으로 예상됩니다. ○ 성인: - 다른 약물(경구용 디기탈리스류 강심제, 이뇨제, 혈관이완제)에 반응하지 않는 중증의 울혈심부전의 단기 치료 - 심장수술 후 저심박출량을 포함한 급성 심부전 ○ 13세 미만 소아: - 다른 약물(경구용 디기탈리스류 강심제, 이뇨제, 혈관이완제)에 반응하지 않는 중증의 울혈심부전의 단기 치료(35시간까지) - 심장수술 후 저심박출량을 포함한 급성 심부전의 단기 치료(35시간까지) 국내 밀리논 성분의 완제의약품은 당사의 프리마코주가 유일하며, 공급이 정상화될 때 까지 프리마코주를 대체할 적절한 치료 방법과 약제를 의료진과 상담을 통하여 확인해야 할 것으로 생각됩니다.","밀리논 성분의 완제의약품이 아사가 유일한만큼 아사에서는 프리마코주(밀리논)의 공급부족에 대해 심각성을 인지하고 있으며, 9월 7일에는 원활한 공급을 재개하는 것을 목표로 하고 있습니다. 프리마코주(밀리논)을 필요로 하는 환자들에게 미치는 영향을 최소화하기 위해 아사는 의료기관 및 도매상과 긴밀히 소통할 것입니다. 국내 프리마코주(밀리논)의 공급을 최대한 신속하게 재개할 수 있도록 본사 및 제조소와 함께 최선의 노력을 다하겠습니다.",2023-09-13,2023-08-10,37,"8806520005608,8806520005615,8806520005622"
2023-08-09,서바릭스프리필드시린지[인유두종바이러스백신(유전자재조합)],(주)글락소스미스클라인,2023-09-30,현재 보유 재고의 유효기한 만료 및 수입 일정 지연으로 인해 2023년 9월 부터 2024년 1월 까지 공급 부족이 예상됩니다.,현재 한국에 공급되고 있는 HPV 백신은 아래와 같습니다. 1. 한국엠에스디(주) - 가다실프리필드시린지,현재 한국에 공급되고 있는 HPV 백신은 아래와 같습니다. 1. 한국엠에스디(주) - 가다실프리필드시린지,2024-01-31,2023-08-09,14961,"8806500018802,8806500018819,8806500018826"
2023-08-08,세노바액(세티리진염산염),일동제약(주),2023-08-03,판매 증가 및 위탁 업체 생산 지연에 따른 품절 발생,대체 의약품 존재로 영향 미비,1LOT 입고되어 현재 QC 시험 진행 중 (추가 생산 일정 조율 중),2023-08-18,2023-08-08,0,8806429007017
2023-08-07,"트루리시티 0.75밀리그램/0.5밀리리터(둘라글루타이드,유전자재조합) 일회용 펜",한국릴리(유),2023-08-14,GLP-1 수용체 작용제의 치료 권고수준이 높아짐에 따라 전세계적으로 수요가 급격히 증가하였습니다. 이에 대응하기 위해 생산량을 확대하고 있으나 수요에 따른 일시적 물량 부족이 이어져 8월 14일부터 공급 부족이 발생할 것으로 예상됩니다.,"환자 치료에 미치는 영향을 최소화하고자 수입물량 확보에 최선을 다하였으나 10월 중순까지 공급이 부족할 가능성이 있어, 공급 정상화 예상일자까지 도매상 및 병원/약국에서 보유하고 있는 재고가 반드시 투여 유지가 필요한 환자에 공급될 수 있도록 유통 판매원과 긴밀히 논의할 예정입니다.",공급 정상화 예상 일자는 2023년 10월 18일로 동 예상일자는 현재 예측되는 제조소 출하일자인 9월 30일에 출하되어 수입통관 및 품질시험이 완료되어 국내에 유통이 예상되는 일자입니다,2023-11-10,2023-08-04,0,"8806708010301,8806708010318,8806708010325"
2023-08-01,노보래피드주100단위/밀리리터(인슐린아스파트),노보노디스크제약(주),2023-09-08,"한국 노보 노디스크는 2023년도 노보래피드주 공급 계획에 맞춰 2-3개월의 재고를 사전에 확보하는 시스템으로 관리해 왔습니다. 그러나 현재 동일 계열의 타사 속효성 인슐린 제품의 공급 불안정으로 인해 노보래피드주의 수요가 최근 2-3달간 2배 이상 증가하게 되었으며, 이에 일시적 공급부족이 예상되고 있습니다.",자사 동일성분 제품인 노보래피드플렉스펜주100단위/밀리리터(인슐린아스파트)로의 대체 또는 속효성 인슐린 계열 내 다른 제품의 바이알의 사용을 고려할 수 있습니다. 참고로 노보래피드플렉스펜주의 재고에는 문제 없음을 알려드립니다.,"당사는 안정적인 재고 확보를 위해 글로벌 노보 노디스크와 긴밀히 협의하고 있으며, 10월 중에는 공급 정상화될 것으로 예상됩니다.",2023-10-10,2023-08-01,607,8806544000719
2023-07-24,아지탑스주사500밀리그램(아지트로마이신수화물),일동제약(주),2023-07-25,판매 증가에 따른 일시적 품절,"긴급 생산 진행 중, 도매 거래처 재고 보유 및 기타 마크로라이드 대체 항생제 처방 가능으로 영향력 적음",긴급 생산 중으로 8월 입고 예정 (영향력 미비),2023-08-11,2023-07-24,210,8806429028319
2023-07-24,시카플루이드점안겔(카보머),삼일제약(주),2023-08-14,"주원료인 카보머의 공급지연으로 해당 왼제품의 제조 지연, 일부 도매상에서 품절 발생 가능","바슈헬스코리아의 ""리포직점안겔"" 및 넥스팜 코리아 ""시카포스겔""이 유통중에 있어 환자의 불편은 적을 것으로 예상됨",9월 중 공급 예정,2023-09-18,2023-07-24,0,"8806439007908,8806439007915"
2023-07-21,"세브론시럽(아세틸시스테인)(수출명:뮤시스틴시럽,스파탐시럽)",(주)서울제약,2023-08-11,원료 수급의 문제,대체 의약품 존재로 영향 없음,신속한 원료 확보 및 우선 생산,2023-09-15,2023-07-21,0,8806529009119
2023-07-20,후루오레사이트주사10%(플루오레세인나트륨)(바이알),한국알콘(주),2023-09-20,원료의약품 수급이슈,"혈관조영, 혈관검사 등의 진단용 검사 시 다른 제품 사용 가능합니다.",폐사에서는 최선을 다해 공급 정상화를 추진하여 환자 치료에 차질이 없도록 노력할 예정입니다. 월 출하량은 매월 수술 건수에 따라 출하량의 변동이 심하여 예측이 어렵습니다. 공급 부족 우려에 따른 제품 사재기를 방지하기 위해 사전에 공급 부족 보고를 합니다,2023-11-01,2023-07-11,15288,"8806524007301,8806524007318,8806524007325"
2023-07-20,후로목스정100밀리그램(세프카펜피복실염산염수화물),일동제약(주),2023-07-19,판매 증가에 따른 보유 재고 소진,기타 3세대 항생제로 대체 처방 가능,연속 생산을 통한 재고 확보,2023-10-30,2023-07-20,0,8806429025714
2023-07-20,알콘아트로핀황산염1%점안제(아트로핀황산염수화물),한국알콘(주),2023-09-20,원료의약품 수급이슈,"단시간의 각막 마취(예: 안압 측정, 우각검사, 각막의 이 물 및 봉합사 제거) 및 간단한 각막 및 결막 처치를 위한 국소마취에 다른 제품을 사용해야 합니다.",폐사에서는 최선을 다해 공급 정상화를 추진하여 환자 치료에 차질이 없도록 노력할 예정입니다. 월 출하량은 매월 수술 건수에 따라 출하량의 변동이 심하여 예측이 어렵습니다. 공급 부족 우려에 따른 제품 사재기를 방지하기 위해 사전에 공급 부족 보고를 합니다,2023-12-01,2023-07-11,14692,"8806524007509,8806524007516,8806524007523"
2023-07-17,후로목스정75밀리그램(세프카펜피복실염산염수화물),일동제약(주),2023-07-17,판매 증가에 따른 보유 재고 소진 (원료 수급 지연 포함),후로목스정100MG 재고 보유 및 기타 3세대 항생제로 대체 처방 가능,연속 생산을 통한 재고 확보,2023-10-30,2023-07-17,0,8806429025813
2023-07-17,중외옥시토신주,제이더블유중외제약(주),2023-08-31,원가 채산성 부족으로 인한 공급중단 (~24년 1월까지 예상) 보험약가 인상 진행중으로 인상 후 재생산하여 공급 예정,동일성분 대체제로 대체 가능함 (유한양행 옥시톤주사액5IU),거래처에 공급중단 예정사항 안내공문을 사전 발송하여 혼선이 없도록 조치 예정,2024-01-02,2023-07-13,2060,8806449032938
2023-07-17,오코돈서방정40밀리그램(옥시코돈염산염),하나제약(주),2023-07-31,타사 제품 공급부족에 따른 판매량 증가 및 원료부족(3분기 배정으로 7월말 입고 예정),"Oxycodone 성분의 마약성 진통제로 20mg, 10mg의 배수 처방이 가능하므로 환자에게 미치는 영향은 크지 않을 것으로 사료됨",추가 생산 Lot를 빠른 시일내에 공급 예정,2023-10-31,2023-07-13,"16,408",8806578052111
2023-07-13,젤로다정500밀리그램(카페시타빈),(주)보령,2023-07-20,해외제조소의 제품생산 및 공급에 차질 발생,환자들에게 미치는 영향을 최소화하기 위해제조사와 긴밀히 협의하여 환자 치료 공백을 최소화하고자 합니다.,"환자들의 치료공백이 발생하지 않도록, 제조소의 제품생산 일정을 지속적으로 모니터링하여 빠르게 공급할 수 있도록 노력하겠습니다.",2023-08-20,2023-07-12,2114,8806419081119
2023-07-12,지스로맥스건조시럽(아지트로마이신수화물),한국화이자제약(주),2022-10-18,제조원의 생산일정 지연,동일 성분/용량을 함유한 타사 제품으로 대체 가능하여 환자 치료에 미치는 영향은 크지 않을 것으로 사료됩니다.,"국내 공급 시점(2023년 12월 말)에서 공급 재개 예정이며, 공급 중단 논의는 없습니다.",2023-12-29,2022-10-20,0,"8806489008719,8806489008726"
2023-07-12,엘칸액(엘-카르니틴),일동제약(주),2023-07-13,일시적인 판매 증가에 따른 품절,긴급 생산 중으로 7월 말 입고 예정 (영향력 미비),긴급 생산 중으로 7월 말 입고 예정 (영향력 미비),2023-07-28,2023-07-12,80,8806429013711
2023-07-12,알카인0.5%점안액(푸로파라카인염산염),한국알콘(주),2023-09-01,자사 내부 사정(제조소 이전 준비중 공급 부족 발생),안과용 국소마취제로 하기 치료에서 다른 성분의 국소마취제 사용 가능합니다.(단시간의 각막 마취 및 간단한 각막 및 결막 처치),폐사에서는 최선을 다해 공급 정상화를 추진하여 환자 치료에 차질이 없도록 노력할 예정입니다. 월 출하량은 매월 수술 건수에 따라 출하량의 변동이 심하여 예측이 어렵습니다. 공급 부족 우려에 따른 제품 사재기를 방지하기 위해 사전에 공급 부족 보고를 합니다.,2023-11-01,2023-07-10,1822,"8806524004409,8806524004416"
2023-07-12,비스코트점안액,한국알콘(주),2023-08-21,자사내부 사정(제조소 이전 준비중 공급 부족 발생),"백내장 수술 및 인공 수정체 이식을 포함한 각종 전방부 안과 수술의 보조제로 사용됩니다. 자사제품(디스코비스크, 프로비스크)을 포함하여 대체재는 여러 종류가 있습니다.",폐사에서는 최선을 다해 공급 정상화를 추진하여 환자 진료에 차질이 없도록 노력할 예정입니다. 월 출하량은 매월 수술 건수에 따라 변동이 심하여 예측이 어렵습니다. 공급 부족 우려에 따른 제품 사재기를 방지하기 위해 사전에 공급 부족 보고를 합니다.,2023-11-01,2023-07-12,2273,"8806524002306,8806524002313,8806524002405,8806524002412"
2023-07-06,후릭소타이드주니어에보할러50마이크로그램(플루티카손프로피오네이트(미분화)),(주)글락소스미스클라인,2023-07-31,제조처의 공급지연으로 인해 공급이 부족한 상황입니다.,"성인 및 청소년의 경우 동일 적응증을 가진 자사 및 타사 대체약제가 있으며, 1세 이상의 유소아의 경우 타 제형, 다른 성분이지만 동일 적응증을 가진 타사 대체약제가 있어 환자에게 미치는 영향은 미미할 것으로 판단됩니다.","공급재개를 위해 최선의 노력을 기울이고 있으며, 추후 공급이 재개되는 대로 수입, 국내 시험을 긴급하게 진행할 예정입니다.",2023-11-15,2023-07-06,4299,8806500017317
2023-06-29,젤독스캡슐60밀리그램(염산지프라시돈일수화물),비아트리스코리아(주),2023-06-28,포장용 자재 등 구성품 수급 지연으로 인한 해외제조원 생산지연으로 인해 젤독스캡슐 60mg의 공급 부족이 예상됩니다.,"젤독스는 조현병 치료 및 양극성 장애 1형의 치료에 적응증이 있으며, 조현병 1단계 치료에서 1차 비정형 항정신병 약물 중 하나로 선호됩니다. 극심한 체중 증가로 인한 신체 합병증이 발생되었거나 또는 발생할 가능성이 높은 경우, 기존 신체 질환이 악화될 가능성이 있는 경우, 극심한 체중 증가로 인해 약물 순응도가 극도로 불량해진 경우, 비교적 체중증가가 적은 약물(젤독스 등)로 교체를 고려할 수 있습니다. 동일성분의 제네릭 약물은 국내에 시판 중이지는 않습니다. 동일 계열의 타 성분의 대체가능한 약제는 시판 중이며, 장기간 동안의 품절은 아니므로 의료현장에 중대한 영향을 미치지는 않을 것으로 사료됩니다. 다만, 두 용량 모두 캡슐제로 분할 복용이 불가하고, 기존 젤독스 캡슐 60mg을 복용 중인 환자에게 타 제제로의 변경 등의 불편함이 예상되므로 품절 기간을 최소화 하도록 노력하겠습니다.","폐사는 수입 및 가용화 정상화를 위해 공급처와 긴밀하게 논의하고 있습니다. 현재로서 가능한 빠른 다음 수입 일정은 8월 말로 예상되며, 이에 따라서 긴급 시험 후 9월 11일 주에 공급이 다시 가능할 수 있을 것으로 사료 됩니다. 수입 및 가용화 일정을 앞당기기 위해 노력하여 신속하게 공급정상화 될 수 있도록 최선을 다하겠습니다.",2023-09-15,2023-06-29,0,8800734001012
2023-06-26,"트루리시티 1.5밀리그램/0.5밀리리터(둘라글루타이드,유전자재조합) 일회용 펜",한국릴리(유),2023-07-15,GLP-1 수용체 작용제의 치료 권고수준이 높아짐에 따라 전세계적으로 수요가 급격히 증가하였습니다. 이에 대응하기 위해 생산량을 확대하고 있으나 수요에 따른 물량 공급은 아직 부족하여 7월 15일부터 공급 부족이 발생할 것으로 예상됩니다.,"동 제품은 주 1회 투여하는 약제이며, 포장단위가 2프리필드펜/상자로 도매상에서 보유하고 있는 재고 외 이미 병원 및 약국에 유통되고 있는 재고를 고려하였을 때 공급부족 발생일자부터 공급 정상화 예상일자까지의 기간 동안 약제가 환자에게 공급되지 못하여 치료를 지속하지 못하는 경우는 매우 제한적일 것으로 예상합니다. 또한 유통 판매원과 긴밀히 논의하여 재고가 부족한 곳에 제품이 공급되도록 할 예정입니다.",7월 중 트루리시티 1.5밀리그램/0.5밀리리터가 공급될 예정입니다. 공급 정상화예상 일자는 2023년 7월 18일로 동 예상일자는 2023년 6월 23일에 제조소로부터 출하되어 수입통관 및 품질시험이 완료되어 국내에 유통이 예상되는 일자입니다.,2023-07-18,2023-05-31,45224,"8806708010509,8806708010523,8806708010516"
2023-06-26,"트루리시티 0.75밀리그램/0.5밀리리터(둘라글루타이드,유전자재조합) 일회용 펜",한국릴리(유),2023-07-03,GLP-1 수용체 작용제의 치료 권고수준이 높아짐에 따라 전세계적으로 수요가 급격히 증가하였습니다. 이에 대응하기 위해 생산량을 확대하고 있으나 수요에 따른 물량 공급은 아직 부족하여 7월 3일부터 공급 부족이 발생할 것으로 예상됩니다.,"동 제품은 주 1회 투여하는 약제이며, 포장단위가 2프리필드펜/상자로 도매상에서 보유하고 있는 재고 외 이미 병원 및 약국에 유통되고 있는 재고를 고려하였을 때 공급부족 발생일자부터 공급 정상화 예상일자까지의 기간 동안 약제가 환자에게 공급되지 못하여 치료를 지속하지 못하는 경우는 매우 제한적일 것으로 예상합니다. 또한 유통 판매원과 긴밀히 논의하여 재고가 부족한 곳에 제품이 공급되도록 할 예정입니다.",7월 중 트루리시티 0.75밀리그램/0.5밀리리터가 공급될 예정입니다. 공급 정상화예상 일자는 2023년 7월 18일로 동 예상일자는 2023년 6월 26일에 제조소로부터 출하되어 수입통관 및 품질시험이 완료되어 국내에 유통이 예상되는 일자입니다.,2023-07-18,2023-05-31,9877,"8806708010301,8806708010318,8806708010325"
2023-06-22,싸이메빈정주(간시클로버),(주)종근당,2023-08-07,"글로벌 판권 보유사의 제조소 변경 통지에 따라 관련 변경허가 신청하였으며, 해당 건 현재 검토 중입니다. (기존 제조소를 통한 추가 생산은 어려운 상황)",제네릭의약품을 1개사에서 공급하고 있습니다.,"현재 검토 중인 변경허가 신청 건이 처리되는 대로, 빠른 시일 내에 공급 재개할 예정입니다.",2025-09-01,2023-06-22,11265,"8806433082802,8806433082819"
2023-06-21,이소켓스프레이(이소소르비드이질산염),에리슨제약(주),2023-06-30,"해외 기존 API 제조소의 생산중단으로 API 제조소 변경을 위한 허가변경을 진행중이었으나, 보완자료 미흡으로 허가변경이 지연되고 있습니다. 허가변경 후 즉시 API 제조소 변경된 제품을 수입하기 위해 준비중이나, 현재 허가변경 미완료로 제품 수입이 지연되고 있어 품절 상태입니다.","대체할 수 있는 다른 제품이 시판 중에 있기 때문에, 환자 치료에 미치는 영향은 크지 않을 것으로 사료됩니다.",폐사는 공급재개를 앞당기기 위해 허가변경 민원의 신속한 승인을 목표로 공급 안정화를 위해 노력하겠습니다.,2023-12-29,2023-06-20,0,"8806205001703,8806541003201,8806678001606,8806205001710,8806541003218,8806678001613"
2023-06-20,알타민캡슐150밀리그램(디-페니실라민),일동제약(주),2023-06-21,일시적인 판매증가에 따른 품절,긴급생산 중으로 6월 말 입고 예정 (영향력 미비),긴급생산 중으로 6월 말 입고 예정 (영향력 미비),2023-06-30,2023-06-20,16,8806429012417
2023-06-19,아이비글로불린에스엔주5%[말토즈 첨가 사람 면역글로불린(pH4.25)],(주)녹십자,2023-06-30,동일성분 타제품(10%) 공급 부족으로 인한 대체 물량 소진으로 계획 대비 초과 판매 및 제조 공급 lead time으로 인함,"이번 공급부족보고는 해당 품목 중 20mL에 해당하는 사항입니다. 본 용량 및 기 공급부족 보고된 50mL를 제외하고도 공급 가능한 용량이 있어 (10, 100, 200mL) 대체품 사용이 가능합니다. 다만, 동일 성분의 10%제품 또한 부족한 상황이어서 시장 공급이 시급하므로, 최대한 생산일정 조율을 통하여 의료현장에 미치는 영향을 최소화할 수 있도록 빠른 대응을 위해 노력하겠습니다.","10월 5일에 충전을 시작, 11월 23일 국검신청, 2024년 1월 10일 국검 완료를 목표 일정으로 진행하여, 24년 1월 12일에 출하 승인 및 물류 입고가 기대됩니다.",2024-01-12,2023-06-16,1295,8806436046511
2023-06-19,아이비글로불린에스엔주10%(글리신 첨가 사람면역글로불린[pH4.8]),(주)녹십자,2023-06-23,타 용량 품절로 인한 초과 판매 및 제조 공급 lead time 소요,"현재 아이비글로불린에스엔주10%는 전 용량 공급보고가 되어있는 상황입니다. 동일 유효성분의 아이비글로불린에스엔주5%를 대체품으로 사용할 수 있을 것으로 예상하고 있지만, 장기적으로 환자의 위험도를 최소화하기 위해서 최대한 생산일정을 조율하여 의료현장에 미치는 영향을 최소화할 수 있도록 최선을 다하겠습니다.","7월 12일에 충전을 시작, 8월 24일 국검신청, 10월 13일 국검 완료를 목표 일정으로 진행하여, 10월 17일에 출하 승인 및 물류 입고가 기대됩니다.",2023-10-17,2023-06-16,586,8806436053915
2023-06-14,딜라트렌에스알캡슐64밀리그램(카르베딜롤),(주)종근당,2023-06-20,주성분 제조원에서 발생한 화재로 인한 원료수급 불안정,딜라트렌정 일반제제 4개용량 공급에는 차질이 없으므로 서방제제를 일반제제로 대체하면 환자치료에 큰 영향이 없을 것으로 사료됨.,복구에 총력을 기울이겠습니다. -첨부파일 참고,2024-06-03,2023-05-17,192960,"8806433059200,8806433059217,8806433059224,8806433059231"
2023-06-13,카디옥산주500밀리그램(덱스라족산),클리니젠코리아(유),2023-06-14,기존 예상을 초과한 수량의 요청으로 인한 공급 부족이 발생함.,"카디옥산은 안트라사이클린계열 항암제 치료에 있어서 일정 수준의 용량을 초과하는 경우 심장독성을 방지하기 위해 사용되는 약물입니다. 따라서, 관련 항암 치료를 받는 환자들의 치료 protocol의 변경을 가져 올 수 있고 결과적으로 치료의 outcome에 영향을 미칠 가능성이 있습니다.","06/13 (화) 보유 재고는 없으며 카디옥산주 2,500 vial 수입통관 완료하여 06/14 (수) 입고 예정입니다. 참고로 QC TEST 의뢰 예정입니다. 6월 ~7월 약 9,800 vial / 8월 17,000 vial 수입 예정입니다.",2023-07-28,2023-06-13,0,8800761000118
2023-06-09,아이비글로불린에스엔주5%[말토즈 첨가 사람 면역글로불린(pH4.25)],(주)녹십자,2023-06-16,"이번 공급부족보고는 해당 품목 중 50mL에 해당하는 사항입니다. 해당용량 외 공급 가능한 용량이 있어 (10, 20, 100, 200mL) 대체품 사용이 가능하기에, 환자 치료에 큰 영향을 미치지 않을 것으로 판단됩니다.","계획 대비 초과 판매, 작업실 일부 환경변화 및 원료 수급상황에 따른 생산 일정 변경 및 공급 lead-time 소요에 따른 부족현상 발생","6월 15일에 충전을 시작, 7월 27일 국검신청, 9월 12일 국검 완료를 목표 일정으로 진행하여, 9월 15일에 출하 승인 및 물류 입고가 기대됩니다.",2023-09-15,2023-06-08,319,8806436046627
2023-06-09,아이비글로불린에스엔주10%(글리신 첨가 사람면역글로불린[pH4.8]),(주)녹십자,2023-06-10,"계획 대비 초과 판매, 작업실 일부 환경변화 및 원료 수급상황에 따른 생산 일정 변경 및 공급 lead-time 소요에 따른 부족현상 발생","이번 공급부족보고는 해당 품목 중 25mL에 해당하는 사항입니다. 현재 25mL 외에 50, 100 및 200mL 또한 공급부족보고가 되어있지만, 단기적으로는 10mL를 대체품으로 사용하여 환자 치료에 미치는 영향을 최소화 할 수 있을 것으로 예상합니다. 하지만 장기적으로 환자의 위험도를 최소화하기 위해서 현 재고가 완전히 소진되기 전에, 최대한 생산일정을 조율하여 의료현장 미치는 영향을 최소화할 수 있도록 최선을 다하겠습니다.","7월 25일에 충전을 시작, 9월 7일 국검신청, 10월 27일 국검 완료를 목표 일정으로 진행하여, 10월 31일에 출하 승인 및 물류 입고가 기대됩니다.",2023-10-31,2023-06-08,"8,849",8806436053922
2023-06-08,녹십자-알부민주5%(사람혈청알부민),(주)녹십자,2023-06-08,"생물학적제제 특성 상 혈장분획제제는 생산에 소요되는 lead-time이 3~4개월 정도 소요됩니다. 따라서, 의료현장에서의 갑작스러운 수요 증가에 즉각적으로 공급량을 증가시킬 수 없는 특성이 있습니다. 국내·외의 원료혈장 감소로 혈장분획제제의 안정적 공급이 어려워지고 있는 것도 원인입니다. 팬데믹 이후 알부민의 수요는 증가한 반면, GC녹십자는 혈장배분비율 변경 등으로 수입 혈장 의존도는 더욱 증가되고 있습니다. 팬데믹으로 인한 전 세계적인 혈장 품귀 현상으로 수입 혈장 수급에도 많은 애로사항이 있으며, 규제 산업 특성 상 완제의약품을 출하하기 까지의 행정절차에 시간이 소요되어 즉각적인 공급량 증가가 어려운 상황입니다. 하지만 알부민등 혈장분획제제는 현재 일시적으로 수급이 불안정한 상황이며, 22년 대비 23년의 알부민은 동일한 수준 이상으로 공급 중이라는 점 알려드립니다.","이번 공급부족보고는 해당 품목 중 100mL에 해당하는 사항으로, 타사의 동일 성분 및 동일 함량의 제품이 공급중인 바, 환자 치료에 큰 영향을 미치지 않을 것으로 판단됩니다.","GC녹십자는 알부민 등 혈장분획제제의 수요 증가에 빠르게 대응하기 위해 수입혈액원 추가 등록 및 수입 혈장의 종류 다각화 등 다양한 방법을 계획, 실행하고 있으며, 생산 시설 증설 계획도 병행하여 진행하고 있습니다. 국가필수의약품인 알부민 등 혈장분획제제의 특성을 고려하여 생명과 직결이 되는 의약품을 안정적으로 공급할 수 있도록 최대한 노력하여 현재의 공급부족상황을 해소하기 위해 정부기관과의 긴밀한 협조도 진행하여 나가겠습니다.",2023-07-18,2023-06-07,96,8806436004917
2023-06-07,지스로맥스주사500㎎(아지트로마이신수화물),한국화이자제약(주),2023-06-12,제조원 측 생산 지연,지스로맥스주사로 치료하는 감염의 경우 1-2일간의 정맥 투여 후 경구제로 전환i하여 투약합니다. 짧은 기간이지만 필요한 경우 지스로맥스주사 500mg과 동일한 성분 및 제형을 가진 대체제가 급여로서 대체 가능하여(품목명 아지탑스주 500mg)ii 이로 인한 임상에서 환자에게 미치는 영향은 미미할 것으로 사료됩니다.,지속 공급 예정,2023-12-04,2023-06-02,404,8806489008924
2023-06-07,녹십자-수두사람면역글로불린주,(주)녹십자,2023-06-23,내수용 수두사람면역글로불린주의 원료는 특수혈장으로 전량 수입에 의존하고 있습니다. 그러나 현재 원료 혈장의 공급이 원활하지 않아 해당 품목의 생산이 불가능한 상황입니다.,"해당 품목은 타사의 동일 성분 및 동일 함량의 제품이 존재하지 않은 의약품이나 수두에 노출된 감수성 높은 면역결핍 소아의 수동면역을 위한 의약품으로 주로 대형 병원으로 납품되고 있으며 대부분 “분만 5일 이전 또는 분만 후 48시간 이내에 수두에 감염된 산모로부터 태어난 신생아”에 해당하는 환자에게 사용되고 있습니다. 따라서, 해당 품목의 경우 환자의 특성 상 실질적으로 사용되는 양보다 해당하는 환자가 있을 경우를 대비하여 구비하고 있는 경우가 많기 때문에 유효기한이 도래한 제품의 반품 또는 교환을 하는 경우가 더 많습니다. 이에 환자의 치료가 필요한 경우 각 기관에서 보유하고 있는 재고량으로 치료가 가능한 바, 단기적으로는 환자 치료에 큰 영향을 미치지 않을 것으로 판단됩니다. 이후 “공급 정상화 추진 계획”에서 언급한 바와 같이 해당 품목의 빠른 공급 안정화를 도모하여 장기적으로 환자 치료에 영향을 미치지 않도록 하겠습니다.","이번 공급부족보고는 특수혈장을 사용하여 제조하는 품목으로, 현재 특수혈장 공급은 전량 수입에 의존하고 있습니다. 따라서, 현재 예정된 A사의 특수혈장 공급을 위하여 6월 경 신규 혈액원 실태조사를 진행할 예정입니다. 신규 혈액원 등록 관련 실태조사 이후 보완사항 이행 및 바이러스 시험 면제 등 민원처리를 신속히 완료하여 해당 품목의 빠른 공급 안정화를 도모하도록 하겠습니다.",2024-05-17,2023-06-07,46,8806436004108
2023-06-02,아노렉스캡슐25밀리그램(단트롤렌나트륨수화물),(주)유영제약,2023-06-02,원료 제조처의 생산 지연으로 인한 공급 부족 발생입니다.,"본 제품은 경직증상에 사용되는 약제로, 치료현장에서 대체되어 사용할 수 있는 의약품들이 다수 존재하므로, 시장공급부족이 발생할 가능성이 없다고 판단됩니다.",원료 생산 이슈가 해결됨에 따라 생산 재개 예정입니다.,2023-09-01,2023-06-02,0,8806482009409
2023-06-01,후로목스정100밀리그램(세프카펜피복실염산염수화물),일동제약(주),2023-05-26,판매증가,대체의약품 있어서 영향력 미비,연속 생산을 통한 재고 확보,2023-06-13,2023-06-01,0,8806429025714
2023-05-26,아이비글로불린에스엔주10%(글리신 첨가 사람면역글로불린[pH4.8]),(주)녹십자,2023-05-26,생산량 대비 급증한 수요로 인해 부득이하게 공급부족이 발생하였습니다.,"이번 공급부족보고는 해당 품목 중 50mL에 해당하는 사항이며, 현재 100 및 200mL 또한 공급부족보고가 되어 있는 상황입니다. 다만, 현재 동일제품의 10mL 제품이 원활히 공급중이고, 25mL 또한 5월 31일부터 공급 재개될 예정입니다. 해당 두 용량을 대체품으로 사용 가능하다고 생각되며, 이에 환자 치료에는 큰 영향을 미치지 않을 것으로 판단됩니다.","5월 14일에 추가 제조가 시작되었고, 7월 20일 국검신청, 9월 4일 국검 완료를 목표 일정으로 하여, 9월 5일에 출하 승인이 기대됩니다. 현재 예상되는 물류 입고일은 9월 6일입니다.",2023-09-06,2023-05-25,150,8806436053939
2023-05-26,라프렌연질캡슐50밀리그램(클로파지민),(주)태준제약,2023-06-20,"라프렌연질캡슐은 ㈜알피바이오에 위탁생산하며, 도매상 ㈜위캔케어에 납품 진행하고 있습니다. 통상적으로 생산 요청이 있을 경우 납품까지 약 6개월 정도의 일정이 소요되지만, 최근 감기약 등 생산이 급격히 늘어나게 되면서, 수탁제조원인 ㈜알피바이오가 타 생산 일정으로 밀려있는 상황에서 기인하였습니다.",라프렌연질캡슐50mg은 동품목 2개 이하의 국가필수의약품으로 나병종나병과 중간나병 등 한센병 치료에 사용됩니다. 공급이 지연됨에 따라 장기적으로 투여 중인 환자가 의약품을 사용할 수 없는 문제가 발생합니다.,22년 11월에 발주하였습니다. 생산은 자사에 자체적인 캡슐 생산설비가 없는 관계로 현재 (주)알피바이오에 위탁하여 진행하고 있습니다. 수탁제조원 알파바이오의 일정에 따라 23년 11월에 정상적으로 공급이 재개될 예정입니다.,2023-11-28,2023-05-22,0,"8806501002008,8806501002015,8806501002022,8806501002039,8806501002046,8806501002053,8806501002060"
2023-05-23,후로목스정100밀리그램(세프카펜피복실염산염수화물),일동제약(주),2023-05-17,판매 초과,유사성분 항생제 보유로 영향력 미미,연속 생산을 통한 재고 확보,2023-09-25,2023-05-23,0,8806429025714
2023-05-23,욘델리스주사1.0밀리그램(트라벡테딘),(주)메디팁,2023-05-31,본 품목의 DS 및 DP 기준 및 시험방법이 변경됨에 따라 현재 DMF 변경 등록 및 완제의약품 기준 및 시험방법 변경 민원 진행 중 변경 후 수입이 가능하므로 일시적인 수입 불가 상태로 공급 부족이 예상됨,"연조직 육종의 치료에 있어 1군 항암제 단독 또는 병용요법으로서 Doxorubicin, Dacarbazine, Ifosfamide 등이 고려될 수 있음","허가 변경 절차로 인한 일시적 공급 부족(예정)이므로, 완료 후 수입을 통해 국내 공급이 신속히 이루어지도록 조치 예정",2023-09-01,2023-05-23,0,8806948001817
2023-05-23,소아용후로목스세립(세프카펜피복실염산염수화물),일동제약(주),2023-05-17,판매초과,유사성분 항생제 보유로 영향력 미미,연속생산을 통한 재고 확보,2023-09-25,2023-05-23,0,8806429007925
2023-05-22,아이비글로불린에스엔주10%(글리신 첨가 사람면역글로불린[pH4.8]),(주)녹십자,2023-05-26,"해당 제품의 수요가 급증하여 계획 대비 초과 판매되었으며, 일시적 작업장 보수 등으로 생산량이 감소 하였습니다.","이번 공급부족보고는 해당 품목 중 100mL에 해당하는 사항입니다. 동일제품의 10mL이 현재 원활히 공급중이고, 25mL은 5월31일부터 다시 원활히 공급 재개될 예정입니다. 해당 두 용량을 대체품으로 사용 가능하다고 생각되며, 이에 환자 치료에는 큰 영향을 미치지 않을 것으로 판단됩니다.","급증한 수요 대비 일시적 작업장 보수 등으로 인해 생산량이 감소하게 되어 부득이하게 올해 중에는 공급부족 상황이 지속될 것이 예상되지만, 최대한 신속하게 대응하여 정상화 시킬 수 있도록 하겠습니다.",2024-01-31,2023-05-22,566,8806436053946
2023-05-19,현대하이파딜점안액(니프라딜롤),현대약품(주),2023-06-01,수입 지연에 따른 일시적 공급 차질,본 제품의 구성성분은 효능효과가 동일한 약제가 많이 처방되어 있어 환자 치료에 문제가 발생될 가능성은 없을 것으로 판단됨.,추가 생산 및 공급을 통해 2023년 7월 31일 정상화 예상됨.,2023-07-31,2023-05-19,200,8806420013819
2023-05-10,몬테루칸속붕해정5밀리그램(몬테루카스트나트륨),일동제약(주),2023-05-11,생산 지연,대체의약품 존재로 영향 미비,연속 생산을 통한 재고 확보,2023-05-19,2023-05-10,86,8806429039315
2023-05-10,몬테루칸속붕해정4밀리그램(몬테루카스트나트륨),일동제약(주),2023-05-11,생산 지연,대체의약품 존재로 영향 미비,연속 생산을 통한 재고 확보,2023-05-19,2023-05-10,5,8806429039414
2023-04-21,아이비글로불린에스엔주10%(글리신 첨가 사람면역글로불린[pH4.8]),(주)녹십자,2023-04-24,"공급 lead-time (제조부터 국검 추 최종 출하까지 3개월 ) 내 IVIG-SN 10% 25mL 수요가 급 증가하여, 해당 수요만큼 충분히 공급하지 못할 것으로 예상됩니다.","이번 공급부족보고는 해당 품목 중 25mL에 해당하는 사항으로, 해당 용량 외 공급 가능한 용량이 있어(10, 50, 100, 200 mL) 대체품 사용이 가능하기에, 환자 치료에 큰 영향을 미치지 않을 것으로 판단됩니다.",현재 마지막으로 생산(충전)된 배치가 2023.02.21에 충전되었으며 현재 국검 중입니다. 국검이 완료되는대로 신속히 물류센터로 입고할 예정입니다. 현재 예상되는 물류 입고일은 2023.05.31 입니다.,2023-05-31,2023-04-20,315,8806436053922
2023-04-20,"세브론시럽(아세틸시스테인)(수출명:뮤시스틴시럽,스파탐시럽)",(주)서울제약,2023-04-21,원료 수급의 문제,대체 의약품 존재로 영향 없음,신속한 원료 확보 및 우선 생산,2023-07-31,2023-04-20,20,8806529009119
2023-04-13,패스터텍주1.5밀리그램(라스부리카제),(주)사노피-아벤티스코리아,2023-05-01,제조소의 공급 문제로 인해 패스터텍주1.5밀리그램(라스부리카제)의 일시적인 공급 부족이 예상됩니다.,"스터텍주1.5밀리그램(라스부리카제)는 ‘화학요법중인 악성종양 환자에서의 고뇨산혈증’의 치료에 사용되는 희귀의약품이며, 허가된 동일 성분 제제는 없습니다. 일반적으로 고뇨산혈증의 치료를 위해 Allopurinol 제제(자이로릭정 등) 등이 사용 될 수 있으며, 악성 종양환자에서의 고뇨산혈증 치료제는 라스부리카제가 국내 유일하게 허가 받은 약제입니다. 라스부리카제의 기 생성된 요산의 대사를 촉진하여 배출을 촉진하는 작용 기전과는 달리, Allopurinol은 요산의 생성을 억제하기 때문에 환자의 체내에 이미 생성된 요산을 빠르게 제거하기는 어렵습니다. 또한, 경구 투여가 불가한 환자의 경우 Allopurinol 제제 사용이 제한되어 심할 경우 혈액투석을 받아야 합니다. 건강보험심사평가원에서 종양용해증후군(tumor lysis syndrome, TLS)의 고위험군에 투여를 권고하는 TLS 예방 약물은 라스부리카제가 유일합니다. 이러한 측면을 고려하였을 때, 패스터텍주1.5밀리그램(라스부리카제)의 공급 부족 상황에서는 일시적으로 대체 약제로서 Allopurinol 제제를 고려할 수 있으나, 해당 대체 약제의 상대적으로 낮은 임상적 효과와 심할 경우 항암치료와 혈액투석을 함께 받아야하는 환자의 힘든 상황을 고려하였을 때 장기적인 대체 치료제는 부재하는 실정입니다.","아사에서는 희귀의약품인 패스터텍주의 공급부족에 대해 심각성을 인지하고 있으며, 환자들에게 미치는 영향을 최소화하기 위해 각 의료기관 및 도매상과 긴밀히 소통할 것입니다. 국내에 패스터텍주의 공급을 빠르게 재개할 수 있도록 본사 및 제조소와 함께 최선의 노력을 다하겠습니다.",2023-08-13,2023-04-12,1119,"8806520005509,8806520005516,8806520005523"
2023-04-13,녹십자-알부민주5%(사람혈청알부민),(주)녹십자,2023-04-11,"- 생물학적제제 특성 상 혈장분획제제는 생산에 소요되는 lead-time이 3~4개월 정도 소요됩니다. 따라서, 의료현장에서의 갑작스러운 수요 증가에 즉각적으로 공급량을 증가시킬 수 없는 특성이 있습니다. - 국내·외의 원료혈장 감소로 혈장분획제제의 안정적 공급이 어려워지고 있는 것도 원인입니다. 팬데믹 이후 알부민의 수요는 증가한 반면, GC녹십자는 혈장배분비율 변경 등으로 수입 혈장 의존도는 더욱 증가되고 있습니다. - 팬데믹으로 인한 전 세계적인 혈장 품귀 현상으로 수입 혈장 수급에도 많은 애로사항이 있으며, 규제 산업 특성 상 완제의약품을 출하하기 까지의 행정절차에 시간이 소요되어 즉각적인 공급량 증가가 어려운 상황입니다. - 하지만 알부민등 혈장분획제제는 현재 일시적으로 수급이 불안정한 상황이며, 22년 대비 23년의 알부민은 동일한 수준 이상으로 공급 중이라는 점 알려드립니다.","이번 공급부족보고는 해당 품목 중 250mL에 해당하는 사항으로, 타사의 동일 성분 및 동일 함량의 제품이 공급중인 바, 환자 치료에 큰 영향을 미치지 않을 것으로 판단됩니다.","- GC녹십자는 알부민 등 혈장분획제제의 수요 증가에 빠르게 대응하기 위해 수입혈액원 추가 등록 및 수입 혈장의 종류 다각화 등 다양한 방법을 계획, 실행하고 있으며, 생산 시설 증설 계획도 병행하여 진행하고 있습니다. - 국가필수의약품인 알부민 등 혈장분획제제의 특성을 고려하여 생명과 직결이 되는 의약품을 안정적으로 공급할 수 있도록 최대한 노력하여 현재의 공급부족상황을 해소하기 위해 정부기관과의 긴밀한 협조도 진행하여 나가겠습니다.",2023-12-28,2023-04-13,130,8806436005013
2023-04-11,"녹십자-알부민주20%(사람혈청알부민)[수출명: 볼루민20%(100㎖),알부맥스20%(50㎖)-케이지씨씨,알부미나20%(50㎖),지씨피디알부민주20%(50㎖),바바이오텍-알부민20%,알부셀,휴먼알부민아이피/이피20%(100㎖),알부민주 20%-지씨씨,알부미나 세리카 휴마나 20% 50ml 솔루시옹 인엑터블,알부민 지씨씨,알부벳 20%,휴민 20,알부렌]",(주)녹십자,2023-04-06,"생물학적제제 특성 상 혈장분획제제는 생산에 소요되는 lead-time 이 3~4개월 정도 소요됩니다. 따라서, 의료현장에서의 갑작스러운 수요 증가에 즉각적으로 공급량을 증가시킬 수 없는 특성이 있습니다. 국내·외의 원료혈장 감소로 혈장분획제제의 안정적 공급이 어려워지고 있는 것도 원인입니다. 팬데믹 이후 알부민의 수요는 증가한 반면, GC녹십자는 혈장배분비율 변경 등으로 수입 혈장 의존도는 더욱 증가되고 있습니다. 팬데믹으로 인한 전 세계적인 혈장 품귀 현상으로 수입 혈장 수급에도 많은 애로사항이 있으며, 규제 산업 특성 상 완제의약품을 출하하기 까지의 행정절차에 시간이 소요되어 즉각적인 공급량 증가가 어려운 상황입니다. 하지만 알부민등 혈장분획제제는 현재 일시적으로 수급이 불안정한 상황이며, 22년 대비 23년의 알부민은 동일한 수준 이상으로 공급 중이라는 점 알려드립니다.","이번 공급부족보고는 해당 품목 중 100mL에 해당하는 사항으로, 타사의 동일 성분 및 동일 함량의 제품이 공급중인 바, 환자 치료에 큰 영향을 미치지 않을 것으로 판단됩니다.","GC녹십자는 알부민 등 혈장분획제제의 수요 증가에 빠르게 대응하기 위해 수입혈액원 추가 등록 및 수입 혈장의 종류 다각화 등 다양한 방법을 계획, 실행하고 있으며, 생산 시설 증설 계획도 병행하여 진행하고 있습니다. 국가필수의약품인 알부민 등 혈장분획제제의 특성을 고려하여 생명과 직결이 되는 의약품을 안정적으로 공급할 수 있도록 최대한 노력하여 현재의 공급부족상황을 해소하기 위해 정부기관과의 긴밀한 협조도 진행하여 나가겠습니다.",2024-03-20,2023-04-11,1998,8806436004702
2023-04-10,쿨락트암모늄로션12%(락트산암모늄액),주식회사제뉴원사이언스,2023-02-11,기존 판매처의 판매 부진에 따른 제품 미발주 및 기존 재고의 유효기간 만료에 따른 폐기.,"같은 주성분 제품인 ""명문타로암모늄락테이트로션12%""가 존재하며, 판매가 부진한 품목이므로 품절로 인한 환자의 치료에 영향이 없음.",신규 발매처의 모집에 따라 원료 발주 후 생산재개 및 재발매 예정에 있음.,2023-12-01,2023-04-10,0,"8806717059001,8806717059018"
2023-04-06,베사노이드연질캡슐10밀리그램(트레티노인),디케이에스에이치코리아(주),2023-05-01,"현재 입항예정으로 의약품 통관 예정이지만, 허가증에 DMF 등록번호(20221205-209-J-1392, V1.0.0) 미반영으로 통관 지연중입니다. 해당 변경허가 진행시 완료-완제 연계심사 및 제조방법 CTD로 규정이 변경되어 90 근무일(약 5달) 이상이 소요될 것으로 사료됩니다.",급성 전골수성백혈병 대체 약제가 거의 없어 통관이 어려운 경우 환자 치료에 어려움이 있을 수 있습니다.,의약품정책과 및 한국의약품수출입협회 협조 요청 및 공급 정상화에 최선을 다하겠습니다.,2023-05-01,2023-04-06,115,8800555000614
2023-04-05,일동엑소데릴액(나프티핀염산염),일동제약(주),2023-03-30,판매증가 및 원료 수급지연에 따른 품절,대체의약품 존재로 영향 미비,3로트 입고 되서 현재 QC 진행 중,2023-04-17,2023-04-05,0,8806429017726
2023-04-04,후로목스정75밀리그램(세프카펜피복실염산염수화물),일동제약(주),2023-04-03,판매증가에 따른 재고 소진,대체 의약품 존재로 영향 없슴,연속 생산을 통한 재고 확보,2023-04-28,2023-04-04,0,8806429025813
2023-03-29,아이비글로불린에스엔주10%(글리신 첨가 사람면역글로불린[pH4.8]),(주)녹십자,2023-03-13,"공급 lead time 내(제조부터 국검 후 최종 출하까지 3개월) IVIG-SN 10% 50ml의 수요가 급 증가하여, 계획 대비 초과 판매되어 공급 부족이 발생하였습니다.","이번 공급부족보고는 해당 품목 중 50mL에 해당하는 사항으로, 해당 용량 외 공급 가능한 다른 용량이 있어 (10ml, 25ml, 100ml, 200ml) 대체품 사용이 가능하기에, 환자 치료에 큰 영향을 미치지 않을 것으로 판단됩니다.","현재 마지막으로 생산된 배치가 2023.02.10에 충전 되었으며, 2023.03.30에 국검 신청 예정입니다. 국검이 완료되는대로 (예상일 2023.04.27) 신속히 물류센터로 입고할 예정입니다. 예상되는 물류 입고일은 2023.04.28입니다.",2023-04-28,2023-03-13,0,8806436053922
2023-03-23,휴마로그주100단위/밀리리터(인슐린라이스프로),한국릴리(유),2023-03-29,"제조소의 제조 및 출하 일정 지연으로 3월 29일부터 공급 부족이 발생할 것으로 예상되며, 올 한 해 불안정한 공급이 지속될 것으로 보입니다. 이로 인하여 3월 29일부터 공급 부족이 예상되며, 해당 품목의 완전한 공급 정상화는 올해 말로 예상됩니다.","하기의 자사 동일성분 제품으로 대체 가능할 것으로 사료됩니다. – 휴마로그퀵펜주100단위/밀리리터(인슐린라이스프로, 유전자재조합)","5월 중 휴마로그주100단위/밀리리터(인슐린라이스프로)가 유통될 예정이나 올 한 해 동안 공급이 불안정할 것으로 예상되어 해당 품목의 완전한 공급 정상화는 올해 말로 예상됩니다. 폐사는 현재 휴마로그주100단위/밀리리터(인슐린라이스프로) 공급 상황을 지속적으로 모니터링하고 있으며, 제조원과 긴밀히 연락하며 해당 품목의 원활한 공급을 위해 최선을 다하고 있습니다. 또한 폐사는 휴마로그주100단위/밀리리터(인슐린라이스프로)를 필요로 하는 환자들에게 미치는 영향을 최소화하기 위해 의료기관 및 도매상과 긴밀히 소통하고 공급부족 상황에 기민하게 대처하고 있으며, 올 한 해동안 수입되는대로 품질검사 진행 후 빠르게 공급될 수 있도록 노력하겠습니다.",2023-12-31,2023-03-20,4026,8806708003518
2023-03-22,후로목스정100밀리그램(세프카펜피복실염산염수화물),일동제약(주),2023-03-21,매증가 및 원료수급 지연,다른 유사 적응증 항생제가 많이 있어서 영향 없음,안전재고 고려한 원료 확보 및 연속생산을 통한 재고 확보,2023-04-28,2023-03-22,0,8806429025714
2023-03-15,알콘아트로핀황산염1%점안제(아트로핀황산염수화물),한국알콘(주),2023-04-17,원료수급불균형,현재 다른 산동제가 있지만 효능의 차이로 안과 진단 및 치료 목적의 산동 및 조절마비가 일부 제한적인 치료가 될 것으로 보여집니다.,"2023년 3월 하순 24,000개 수입예정",2023-05-02,2023-03-13,42,"8806524007509,8806524007516,8806524007523"
2023-03-15,알닥톤필름코팅정25밀리그람(스피로노락톤),한국화이자제약(주),2023-03-10,대체의약품의 품절로 인하여 증가된 수요를 충족할 물량 공급의 지연에 의함,약학정보원에서 확인한 바로 알닥톤과 동일 성분/동일 용량인 제품은 구주스피로닥톤 (구주제약) 제품이 생산 및 유통이 되고 있는 것으로 파악됩니다. 최근 대체의약품의 품절로 인하여 알닥톤정의 수요가 증가되었습니다.,"자사는 공급정상화를 위해 제조원과 긴밀히 연락하여 최대한 노력하고 있습니다. 현재로서는 2023년 4월 10일부터 공급이 다시 가능할 것으로 사료됩니다. 현재 확인 가능한 정보를 기준으로, 대상 제품의 안정적인 공급이 가능한 시점은 2023년 10월 중순으로 예상하고 있습니다. 이 시점까지는 수급일정에 따라 공급이 불안정할 수 있음을 알려 드립니다.",2024-04-22,2023-03-14,0,8806489006111
2023-03-10,콤지로이드정(부광리오트릭스정),부광약품(주),2023-05-15,"‘콤지로이드정’ 기시법은 USP를 따랐으나, USP에서 동 품목이 삭제되어 별규로 허가변경 진행 예정입니다. 허가변경 완료시점까지 동 품목 출하가 어려워 공급부족이 예상됩니다.",의사의 판단에 따라 적절한 치료 regimen을 변경하여 환자가 치료를 받을 수 있도록 해야 합니다.,2023년 7월경부터 순차적으로 재공급 가능할 것으로 예상됩니다.,2023-07-21,2023-03-08,8273,"8806422020907,8806422020914,8806422020921,8806422020938,8806422020945,8806422020952"
2023-03-08,옥시콘틴서방정80mg(옥시코돈염산염),한국먼디파마 유한회사,2023-05-01,"- 해외 제조원에서 PTP포장을 위한 호일 공급이 원활하지 않아, 일시적으로 완제품 수입 및 국내 공급 중단 예상. - 증빙서류로 먼디파마 해외 본사 공급(Supply)팀의 공문 첨부",해당 제품의 일시적인 공급 중단이 환자 치료에 미치는 영향은 미미할 것으로 판단됩니다. - 사유1: 현재 거래하고 있는 도매상에 안전재고가 남아 있습니다. - 사유2: 국내 다른 회사 ‘하나제약(주)’ 에서 허가받은 동일 성분의 단일제 서방정(제품명:오코돈서방정10밀리그램(옥시코돈염산염))이 1품목 있습니다. 또한 자사 허가품목 중 동일 성분을 포함하는 복합제 서방정(제품명: 타진서방정10/5mg(옥시코돈염산염/날록손염산염이수화물))이 1 품목이 현재 판매중입니다.,"공급부족을 해결하기 위하여, 제품 제조업체와 긴밀하게 논의를 진행중입니다. 빠른 공급 정상화를 위하여 노력하겠습니다.",2023-09-29,2023-02-24,1117,8806780001631
2023-03-08,옥시콘틴서방정40밀리그램(옥시코돈염산염),한국먼디파마 유한회사,2023-05-01,"- 해외 제조원에서 PTP포장을 위한 호일 공급이 원활하지 않아, 일시적으로 완제품 수입 및 국내 공급 중단 예상. - 증빙서류로 먼디파마 해외 본사 공급(Supply)팀의 공문 첨부",해당 제품의 일시적인 공급 중단이 환자 치료에 미치는 영향은 미미할 것으로 판단됩니다. - 사유1: 현재 거래하고 있는 도매상에 안전재고가 남아 있습니다. - 사유2: 국내 다른 회사 ‘하나제약(주)’ 에서 허가받은 동일 성분의 단일제 서방정(제품명:오코돈서방정10밀리그램(옥시코돈염산염))이 1품목 있습니다. 또한 자사 허가품목 중 동일 성분을 포함하는 복합제 서방정(제품명: 타진서방정10/5mg(옥시코돈염산염/날록손염산염이수화물))이 1 품목이 현재 판매중입니다.,"공급부족을 해결하기 위하여, 제품 제조업체와 긴밀하게 논의를 진행중입니다. 빠른 공급 정상화를 위하여 노력하겠습니다.",2023-09-29,2023-02-24,2600,8806780001136
2023-03-08,옥시콘틴서방정20밀리그램(옥시코돈염산염),한국먼디파마 유한회사,2023-05-01,"- 해외 제조원에서 PTP포장을 위한 호일 공급이 원활하지 않아, 일시적으로 완제품 수입 및 국내 공급 중단 예상. - 증빙서류로 먼디파마 해외 본사 공급(Supply)팀의 공문 첨부",해당 제품의 일시적인 공급 중단이 환자 치료에 미치는 영향은 미미할 것으로 판단됩니다. - 사유1: 현재 거래하고 있는 도매상에 안전재고가 남아 있습니다. - 사유2: 국내 다른 회사 ‘하나제약(주)’ 에서 허가받은 동일 성분의 단일제 서방정(제품명:오코돈서방정10밀리그램(옥시코돈염산염))이 1품목 있습니다. 또한 자사 허가품목 중 동일 성분을 포함하는 복합제 서방정(제품명: 타진서방정10/5mg(옥시코돈염산염/날록손염산염이수화물))이 1 품목이 현재 판매중입니다.,"공급부족을 해결하기 위하여, 제품 제조업체와 긴밀하게 논의를 진행중입니다. 빠른 공급 정상화를 위하여 노력하겠습니다.",2023-09-29,2023-02-24,3978,8806780001037
2023-03-08,옥시콘틴서방정10밀리그램(옥시코돈염산염),한국먼디파마 유한회사,2023-05-01,"- 해외 제조원에서 PTP포장을 위한 호일 공급이 원활하지 않아, 일시적으로 완제품 수입 및 국내 공급 중단 예상. - 증빙서류로 먼디파마 해외 본사 공급(Supply)팀의 공문 첨부",해당 제품의 일시적인 공급 중단이 환자 치료에 미치는 영향은 미미할 것으로 판단됩니다. - 사유1: 현재 거래하고 있는 도매상에 안전재고가 남아 있습니다. - 사유2: 국내 다른 회사 ‘하나제약(주)’ 에서 허가받은 동일 성분의 단일제 서방정(제품명:오코돈서방정10밀리그램(옥시코돈염산염))이 1품목 있습니다. 또한 자사 허가품목 중 동일 성분을 포함하는 복합제 서방정(제품명: 타진서방정10/5mg(옥시코돈염산염/날록손염산염이수화물))이 1 품목이 현재 판매중입니다.,"공급부족을 해결하기 위하여, 제품 제조업체와 긴밀하게 논의를 진행중입니다. 빠른 공급 정상화를 위하여 노력하겠습니다.",2023-09-29,2023-02-24,7512,8806780000931
2023-02-20,라리암정250밀리그램(메플로퀸염산염),디케이에스에이치코리아(주),2023-02-20,"현재 라리암정 품목변경허가(접수번호: 20220235433)가 진행중이며, 변경 신청 내용은 주성분제조원(Siegfried Evionnaz SA) 삭제입니다. 해당 제조소는 현재 사용중인 주성분제조원이 아니며, 원료의약품(DMF) 등록된 제조소가 아닙니다. 이에 따라, 원활한 통관 절차를 위해 변경허가가 진행중이지만, 22년 11월 12일에 시행된 제조방법 관련 규정 때문에 간단한 변경허가임에도 불구하고 진행이 상당히 지연되고 있습니다. 또한 코로나 상황 이후에 해외여행 등을 사유로 기존 예상보다 수요가 급격히 증가하고 있는 것으로 추측이 됩니다.","주로 해외 출국시에 말라리아 예방 약제로 사용되고 있으며, 라리암정이 부족한 경우 다른 말라리아 예방 약제가 사용되어질 것으로 판단합니다. 다만, 도매상에 보유중인 재고는 충분한 것으로 파악되고 있습니다.","현재 상황으로서는 변경 허가가 완료된 이후에 적법한 통관이 가능할 것으로 사료됩니다. 해당 변경허가가 처리된다면 바로 통관 진행이 가능한 상황입니다. 다만, 수입 예정 완제의약품은 현재 기허가 되었으며 DMF 등록이 완료된 다른 주성분제조원(Olon s.p.a)의 원료가 사용되어지고 있으며, 해당 증빙자료를 제출하여 표준통관예정보고에서 예외를 인정받는 경우, 더 빠른 통관이 가능할 수 있을 것으로 판단합니다.",2023-04-10,2023-02-20,2376,8800555000416
2023-02-15,젤독스캡슐40밀리그램(염산지프라시돈일수화물),비아트리스코리아(주),2023-03-15,2022년 하반기~2023년 상반기 실제 판매량 급증 및 포장용 자재 등 구성품 수급 지연으로 인한 해외제조원 생산지연 및 하반기 실제 판매량 급증으로 젤독스캡슐 40mg의 공급 부족이 예상됩니다.,"젤독스는 조현병 치료 및 양극성 장애 1형의 치료에 적응증이 있으며, 조현병 1단계 치료에서 1차 비정형 항정신병 약물 중 하나로 선호됩니다. 극심한 체중 증가로 인한 신체 합병증이 발생되었거나 또는 발생할 가능성이 높은 경우, 기존 신체 질환이 악화될 가능성이 있는 경우, 극심한 체중 증가로 인해 약물 순응도가 극도로 불량해진 경우, 비교적 체중증가가 적은 약물(젤독스 등)로 교체를 고려할 수 있습니다. 동일성분의 제네릭 약물은 국내에 시판 중이지는 않습니다. 동일 계열의 타 성분의 대체가능한 약제는 시판 중이며, 장기간 동안의 품절은 아니므로 의료현장에 중대한 영향을 미치지는 않을 것으로 사료됩니다. 다만, 캡슐제로 분할 복용이 불가하고, 기존 젤독스 캡슐 40mg 복용 중인 환자에게 타 제제로의 변경 등의 불편함이 예상되므로 품절 기간을 최소화 하도록 노력하겠습니다.","폐사는 수입 및 가용화 정상화를 위해 공급처와 긴밀하게 논의하고 있습니다. 현재로서 가능한 빠른 다음 수입 일정은 5월 중순으로 예상되며, 이에 따라서 5월 22일 이후 공급이 다시 가능할 수 있을 것으로 사료 됩니다. 수입 및 가용화 일정을 앞당기기 위해 노력하여 신속하게 공급정상화 될 수 있도록 최선을 다하겠습니다.",2023-05-22,2023-02-15,902,8800734001210
2023-02-13,프라펙솔서방정1.5밀리그램(프라미펙솔염산염일수화물),삼일제약(주),2023-04-28,주원료인 프라미펙솔의 제조원에서의 공급지연(;중간체 중국원료 공급차질)으로 해당 왼제품의 제조 중단 일부 도매상에서 품절 발생 가능,미라펙스서방정1.5밀리그램(프라미펙솔염산염일수화물) 등 다수의 제품이 공급되고 있어 환자의 불편은 적을 것으로 예상 됨.,해당 원료 2023 년 3 월 중하순 입고 예정 원료 입고 입고 시험 후 완제 제조 예정,2023-05-05,2023-02-13,0,"8806439036403,8806439036410"
2023-02-13,프라펙솔서방정0.75밀리그램(프라미펙솔염산염일수화물),삼일제약(주),2023-04-28,주원료인 프라미펙솔의 제조원에서의 공급지연(;중간체 중국원료 공급차질)으로 해당 왼제품의 제조 중단 일부 도매상에서 품절 발생 가능,미라펙스서방정0.75밀리그램(프라미펙솔염산염일수화물) 등 다수의 제품이 공급되고 있어 환자의 불편은 적을 것으로 예상 됨.,해당 원료 2023 년 3 월 중하순 입고 예정 원료 입고 입고 시험 후 완제 제조 예정,2023-05-05,2023-02-13,0,"8806439036304,8806439036311"
2023-02-06,프라펙솔정0.25밀리그램(프라미펙솔염산염일수화물),삼일제약(주),2023-02-13,주성분 제조사 사정으로 인한 원료 공급 지연,"미라펙스정0.25밀리그램 등 다수의 동일제제 의약품이 공급되고 있어, 환자 치료에는 큰 영향이 없을 것으로 판단 됨.","2023년 3월 중 하순 원료 입고 예정, 원료 시험 후 즉시 완제 생산 예정",2023-05-01,2023-02-06,0,8806439035413
2023-01-27,젤독스캡슐80밀리그램(염산지프라시돈일수화물),비아트리스코리아(주),2023-02-15,2022년 하반기 실제 판매량 급증으로 젤독스캡슐 80mg의 공급 부족이 예상됩니다.,"젤독스는 조현병 치료 및 양극성 장애 1형의 치료에 적응증이 있으며, 조현병 1단계 치료에서 1차 비정형 항정신병 약물 중 하나로 선호됩니다. 극심한 체중 증가로 인한 신체 합병증이 발생되었거나 또는 발생할 가능성이 높은 경우, 기존 신체 질환이 악화될 가능성이 있는 경우, 극심한 체중 증가로 인해 약물 순응도가 극도로 불량해진 경우, 비교적 체중증가가 적은 약물(젤독스 등)로 교체를 고려할 수 있습니다. 동일성분의 제네릭 약물은 국내에 시판 중이지는 않습니다. 동일 계열의 타 성분의 대체가능한 약제는 시판 중이며, 장기간 동안의 품절은 아니므로 의료현장에 중대한 영향을 미치지는 않을 것으로 사료됩니다. 다만, 캡슐제로 분할 복용이 불가하고, 기존 젤독스 캡슐 80mg 복용 중인 환자에게 타 제제로의 변경 등의 불편함이 예상되므로 품절 기간을 최소화 하도록 노력하겠습니다.","폐사는 수입 및 가용화 정상화를 위해 공급처와 긴밀하게 논의하고 있습니다. 현재로서 가능한 빠른 다음 수입 일정은 4월 말로 예상되며, 이에 따라서 4월 28일 이후 공급이 다시 가능할 수 있을 것으로 사료 됩니다. 수입 및 가용화 일정을 앞당기기 위해 노력하여 신속하게 공급정상화 될 수 있도록 최선을 다하겠습니다.",2023-04-28,2023-01-25,939,8800734001111
2023-01-26,현대하이파딜점안액(니프라딜롤),현대약품(주),2023-02-03,수입 지연에 따른 일시적 공급 차질,본 제품의 구성성분은 효능효과가 동일한 약제가 많이 처방되어 있어 환자 치료에 문제가 발생될 가능성은 없을 것으로 판단됨.,추가 생산 및 공급을 통해 2023년 3월 31일 정상화 예상됨.,2023-03-31,2023-01-20,502,8806420013819
2023-01-20,휴마로그주100단위/밀리리터(인슐린라이스프로),한국릴리(유),2023-02-02,"제조소의 제조 및 출하 일정 지연으로 공급 부족이 발생할 것으로 예상됩니다. 이로 인하여 2월 2일부터 공급 부족이 예상되며, 해당 품목의 공급 정상화는 2월 말로 예상됩니다.","하기의 자사 동일성분 제품으로 대체 가능할 것으로 사료됩니다. – 휴마로그퀵펜주100단위/밀리리터(인슐린라이스프로, 유전자재조합)","당사는 안정적 공급을 지속적으로 모니터링하고 있으며 한국 시장의 부족 위험을 최소화하기 위해 노력하고 있습니다. 2월 중 “휴마로그주100단위/밀리리터”가 공급될 예정이나 일정 기간 공급 부족을 피할 수 없을 것으로 예상되며, 폐사는 해당 품목의 원활한 공급과 정상화를 위해 최선을 다하겠습니다.",2023-02-23,2023-01-01,11472,8806708003518
2023-01-20,지트람엑스엘서방정200밀리그람(트라마돌염산염),한국먼디파마(유),2023-02-01,제품 생산 업체(CMO)의 포장 기계에 대한 이슈가 있어 일시적으로 공급이 지연되고 있습니다.,"현재 거래도매상에 재고가 남아 있으며 본 품목을 제외하고 국내에 동일 성분의 단일제가 5 품목 및 동일성분을 포함하는 복합제가 320여 품목 허가되어 있으므로, 해당 품목의 일시적인 제품 공급 부족에 따른 환자 치료에 미치는 영향은 미미할 것으로 판단됩니다.","공급 부족을 해결하기 위하여 제품 생산 업체와 긴밀한 논의를 진행 중이며, 변동 가능성이 있지만 2023년 4월 수입을 예상하고 있습니다. 빠른 공급 정상화를 위해 노력하겠습니다.",2023-05-25,2023-01-20,0,8806780001518
2023-01-20,지트람엑스엘서방정150밀리그람(트라마돌염산염),한국먼디파마(유),2023-02-01,제품 생산 업체(CMO)의 포장 기계에 대한 이슈가 있어 일시적으로 공급이 지연되고 있습니다.,"현재 거래도매상에 재고가 남아 있으며 본 품목을 제외하고 국내에 동일 성분의 단일제가 5 품목 및 동일성분을 포함하는 복합제가 320여 품목 허가되어 있으므로, 해당 품목의 일시적인 제품 공급 부족에 따른 환자 치료에 미치는 영향은 미미할 것으로 판단됩니다.","공급 부족을 해결하기 위하여 제품 생산 업체와 긴밀한 논의를 진행 중이며, 변동 가능성이 있지만 2023년 4월 수입을 예상하고 있습니다. 빠른 공급 정상화를 위해 노력하겠습니다.",2023-05-25,2023-01-20,0,8806780001419
2023-01-20,지트람씨알서방정75밀리그램(트라마돌염산염),한국먼디파마(유),2023-02-01,제품 생산 업체(CMO)의 포장 기계에 대한 이슈가 있어 일시적으로 공급이 지연되고 있습니다.,"현재 거래도매상에 재고가 남아 있으며 본 품목을 제외하고 국내에 동일 성분의 단일제가 5 품목 및 동일성분을 포함하는 복합제가 320여 품목 허가되어 있으므로, 해당 품목의 일시적인 제품 공급 부족에 따른 환자 치료에 미치는 영향은 미미할 것으로 판단됩니다.","공급 부족을 해결하기 위하여 제품 생산 업체와 긴밀한 논의를 진행 중이며, 변동 가능성이 있지만 2023년 4월 수입을 예상하고 있습니다. 빠른 공급 정상화를 위해 노력하겠습니다.",2023-05-25,2023-01-20,0,8806780002317
2023-01-18,후로목스정100밀리그램(세프카펜피복실염산염수화물),일동제약(주),2023-01-13,판매 급증에 따른 재고 부족,없음,선행 생산을 통한 재고 확보,2023-02-20,2023-01-18,0,8806429025714
2023-01-16,락손필름코팅정150밀리그램(이데베논),디케이에스에이치코리아(주),2023-02-28,의약품 제조사가 변경되었지만 제조의뢰사에서 전달한 서류가 미비한 관계로 변경허가가 진행되지 못하고 있습니다. 이에 적법한 수입 통관 등 차질이 예상됩니다.,"현재 소량 재고 보유중이지만, 품목허가권자인 디케이에스에이치코리아가 보유한 재고가 소진되면 치료에 차질이 발생할 수 있습니다.",공급차질을 막기 위해 현재 한국희귀필수의약품센터와 논의중입니다. 정상화를 위해 만전을 기하겠습니다.,2023-02-28,2023-01-16,9,8800555000713
2023-01-13,젤독스캡슐20밀리그램(염산지프라시돈일수화물),비아트리스코리아(주),2022-12-19,포장용 자재 등 구성품 수급 지연으로 인한 해외제조원 생산지연 및 하반기 실제 판매량 급증으로 젤독스캡슐 20mg의 공급 부족이 예상됩니다.,"젤독스는 조현병 치료 및 양극성 장애 1형의 치료에 적응증이 있으며, 조현병 1단계 치료에서 1차 비정형 항정신병 약물 중 하나로 선호됩니다. 극심한 체중 증가로 인한 신체 합병증이 발생되었거나 또는 발생할 가능성이 높은 경우, 기존 신체 질환이 악화될 가능성이 있는 경우, 극심한 체중 증가로 인해 약물 순응도가 극도로 불량해진 경우, 비교적 체중증가가 적은 약물(젤독스 등)로 교체를 고려할 수 있습니다. 동일성분의 제네릭 약물은 국내에 시판 중이지는 않습니다. 동일 계열의 타 성분의 대체가능한 약제는 시판 중이며, 장기간 동안의 품절은 아니므로 의료현장에 중대한 영향을 미치지는 않을 것으로 사료됩니다. 다만, 캡슐제로 분할 복용이 불가하고, 기존 젤독스 캡슐 20mg 복용 중인 환자에게 타 제제로의 변경 등의 불편함이 예상되므로 품절 기간을 최소화 하도록 노력하겠습니다.","폐사는 수입 및 가용화 정상화를 위해 공급처와 긴밀하게 논의하고 있습니다. 현재로서 가능한 빠른 다음 수입 일정은 2월 말로 예상되며, 이에 따라서 4월 3일 이후 공급이 다시 가능할 수 있을 것으로 사료 됩니다. 2022년 11월 9일 공급부족보고 당시, 2023년 1월 23일 정상화 가능할 것으로 예상하였으나, 수입이 지연되어 정상화 예상일정이 4월로 지연되었습니다. 수입 및 가용화 일정을 앞당기기 위해 노력하여 신속하게 공급정상화 될 수 있도록 최선을 다하겠습니다.",2023-04-03,2023-01-11,0,8800734000916
2023-01-11,젤로빅정500밀리그램(카페시타빈),일동제약(주),2023-01-10,원료수급 이슈,동일 성분 타 제조사 판매로 영향 없음,신속한 원료 수급 및 우선 생산 진행,2023-10-31,2023-01-11,0,8806429049024
2023-01-11,젤로빅정150밀리그램(카페시타빈),일동제약(주),2023-02-28,원료수급 이슈,동일 성분 타 제조사 판매로 영향 없음,신속한 원료 수급 및 우선 생산 진행,2023-10-31,2023-01-11,2343,8806429049413
2023-01-10,아티반주사(로라제팜),일동제약(주),2023-01-10,판매증가에 따른 재고 소진,없음,선행 생산 진행,2023-01-19,2023-01-10,34,8806429011823
2023-01-05,후로목스정100밀리그램(세프카펜피복실염산염수화물),일동제약(주),2023-01-02,판매량 증가에 따른 품절,유사성분 대체의약품 존재로 품절에 따른 영향 없음,선행 생산을 통한 재고 확보,2023-01-11,2023-01-05,0,8806429025714
2023-01-04,"세브론시럽(아세틸시스테인)(수출명:뮤시스틴시럽,스파탐시럽)",(주)서울제약,2023-02-17,부원료 수급 차질로 생산이 지연되어 공급부족이 예상됩니다.,자사품목과 동일 품목이 존재하기 때문에 환자치료에 미치는 영향이 적다고 사료됩니다.,공급을 최대한 빠르게 재개하도록 하겠습니다.,2023-02-28,2023-01-04,0,8806529009119
2023-01-03,펜토탈소디움0.5그램주(치오펜탈나트륨),제이더블유중외제약(주),2023-01-30,"주성분, 완제 규격 국제 공정서 및 허가변경으로 인한 생산 지연","barbiturate 정맥마취제(펜토탈소디움)은 Non-barbiturate 정맥마취제로 대체중인 것으로 보임 (예로, propofol, ketamine, etomidate 등)","차기 생산을 위한 원료/제품 시험에 필요한 표준품이 단종되어 EP에서 USP로 시험법 허가변경 절차 진행중, 허가변경 완료 후 ’23년 9월 재공급 예정",2023-09-15,2023-01-03,4060,"8806449121205,8806449121229"
2022-12-27,브이올렛주(데옥시콜산),(주)대웅제약,2023-02-15,주성분(데옥시콜산) 원료 수급 이슈로 인한 생산 지연을 통보받음.,"공급부족 기간이 길지 않아 품절은 예상되지 않으며, 환자에게 미치는 영향은 미비할 것으로 예상","Curia사 원료 생산 이후 최대한 빠른 일자로 선적 가능하도록 협의 중에 있으며, 원료 QC에 대한 시험과 생산 완료 후 제품 시험 및 보고서 작성을 최우선순위로 진행하여 빠른 시일내에 공급을 정상화할 계획에 있음.",2023-04-07,2022-12-26,204,8806416075906
2022-12-21,핀베린정(피나베륨브롬화물),일동제약(주),2022-12-20,판매증가 및 원료수급 이슈,동종 및 대체 의약품 존재로 영향 없슴,신속한 원료 확보 및 우선생산 진행,2024-01-26,2022-12-21,0,8806429024717
2022-12-21,소아용후로목스세립(세프카펜피복실염산염수화물),일동제약(주),2022-12-20,원료수급 이슈,대체 의약품 존재로 영향 없슴,신속한 원료 확보 및 우선 생산,2023-02-24,2022-12-21,0,8806429007925
2022-12-21,대한네오스티그민메틸황산염주사액,대한약품공업(주),2023-02-13,원료 수급의 문제,동일 성분 타사 제품 활용,원료 수급 시 재생산 예정,2023-04-10,2022-12-19,819,"8806451005500,8806451005517,8806451005524,8806451005531"
2022-12-20,풀카드정(플레카이니드아세트산염),하나제약(주),2023-01-27,원료공급 지연,시판중인 Flecainide 성분의 타사제품으로 대체 필요,"1월 원료 공급 예상되며, 원료공급 시 추가 생산 Lot를 빠른 시일내에 공급 예정",2023-02-01,2022-12-16,237760,"8806578022015,8806578022022"
2022-12-19,싸이록사신점이현탁액,제이더블유신약(주),2023-01-02,생산 계획 없음으로 인한 공급의 어려움,"동일 적응증으로 치료 가능한 오플록사신 성분의 제품으로 대체 가능하여 본 제품 공급부족 발생으로 인한 문제는 없을 것으로 예상됨 - 오프로신이용액(오플록사신) 재고 약 4개월분 보유중이며, 지속 공급예정",본 제품 생산/공급 중단 예정으로 추진 계획 없음,2024-01-02,2022-12-15,8271,8806441004018
2022-12-13,캐리엠아이비지(131I)주사액,한국원자력연구원,2022-12-05,< 사유: 갑작스런 원료 수급 중단 > 1. 자체 원료(I-131) 생산 시설(원자로)의 갑작스런 가동 정지로 인해 원료의 자체 생산이 불가한 상황에 처함 (원자력안전위원회의 허가가 있기까지는 원자로 재가동이 어려운 상황임) 2. 원료(I-131)의 국제적 부족 현상에 따라 일정기간(~2023년 3월) 수입 원료 확보가 어려워진 상황에 처함 (내년 4월부터는 해외 원자로의 재가동으로 인해 수입 원료의 수급이 가능할 것으로 예측됨) 위 두 가지 상황이 동시에 발생하여 현재 제품 생산을 위한 원료 수급이 어려운 상황임. 원료의 수급을 위해 다방면으로 노력하고 있으나 현재까지는 해결 방안을 확보하지 못하고 있음.,국가필수의약품의 공급 부족으로 인한 진료 차질이 우려됨,1. 자체 원료 생산 시설(원자로) 재가동 추진을 위한 노력 2. 수입 원료 확보를 위한 노력 3. 자체 원료 생산 시설(원자로) 가동 정지의 원인이 되고 있는 관련 규제에 대한 완화 적용 요청을 위한 노력,2023-04-01,2022-12-13,0,"8806724001109,8806724001116,8806724001123,8806724001130,8806724001147,8806724001154,8806724001161,8806724001178,8806724001185"
2022-12-09,후로목스정100밀리그램(세프카펜피복실염산염수화물),일동제약(주),2022-12-08,산지연에 따른 입고 지연,유사성분 대체의약품 존재로 품절에 따른 영향 없음,선행 생산을 통한 재고 확보,2022-12-22,2022-12-09,0,8806429025714
2022-12-08,코다론정(아미오다론염산염),(주)한독,2022-12-05,"원료의약품 수급 문제로 인한 지연 발생에 따라 수급이 불안정한 상태로, 12월 5일부터 공급 부족이 발생하였습니다.","코다론정(아미오다론염산염)의 효능/효과는 아래와 같습니다. 공급부족으로 인하여 아래 해당하는 환자들에 대한 영향이 있을 것으로 예상됩니다. 1. 심방성부정맥, 심실성부정맥, 기타 다른 부정맥용제로 치료되지 않는 재발성 중증 부정맥 2. 협심증 등 기초심질환을 수반하는 부정맥","코다론정(아미오다론염산염)의 공급부족으로 인한 환자 치료에 미치는 영향을 인지하고 있으며, 2023년 1월 2일에 공급을 원활하게 재개하는 것을 목표로 하고 있습니다. 아사에서는 코다론정(아미오다론염산염)을 필요로 하는 환자들에게 미치는 영향을 최소화하기 위해, 의료기관 및 도매상과 긴밀히 소통하고, 공급을 신속하게 재개할 수 있도록 최선의 노력을 다하겠습니다.",2023-01-02,2022-12-07,"8,219","8806521012506,8806521012513,8806521012520"
2022-12-05,아티반주사(로라제팜),일동제약(주),2022-12-02,장기 품절 후 판매 초과,없음,연속 생산 진행,2023-01-03,2022-12-05,0,8806429011823
2022-12-02,인스타닐나잘스프레이50마이크로그램(펜타닐시트르산염),(주)대웅제약,2023-01-01,Takeda Pharma로부터 공급받는 완제수입의약품으로서 해외제조소에서 의약품 제조간 반제품 일탈 발생으로 인해 납기 지연 발생 통보받음.,동일 성분의 의약품 타사 보유 및 200마이크로그램은 정상 공급으로 인해 환자에게 미치는 영향은 미비할 것으로 예상,Takeda Pharma로부터 공급받는 완제수입의약품으로서 해외제조소에서 의약품 제조간 반제품 일탈 발생으로 인해 납기 지연 발생 통보함. 1월 공급예정이었으나 일탈 해결 후 공급 예정.,2023-04-01,2022-12-02,8,8806416058015
2022-12-02,인스타닐나잘스프레이100마이크로그램(펜타닐시트르산염),(주)대웅제약,2023-01-01,Takeda Pharma로부터 공급받는 완제수입의약품으로서 해외제조소에서 의약품 제조간 반제품 일탈 발생으로 인해 납기 지연 발생 통보받음.,동일 성분의 의약품 타사 보유 및 인스타닐나잘스프레이200마이크로그램은 정상 공급으로 인해 환자에게 미치는 영향은 미비할 것으로 예상,Takeda Pharma로부터 공급받는 완제수입의약품으로서 해외제조소에서 의약품 제조간 반제품 일탈 발생으로 인해 납기 지연 발생 통보함. 1월 공급예정이었으나 일탈 해결 후 공급 예정.,2023-04-01,2022-12-02,2217,8806416057810
2022-12-02,마이오스타트주사(카바콜),한국알콘(주),2023-03-01,원자재 수급 불균형으로 인한 공급 부족,대체 의약품이 있는 지 확인 중임,폐사에서는 최선을 다해 공급 정상화를 추진하여 환자 치료에 차질이 없도록 노력할 예정입니다. 월 출하량은 매월 수술 건수에 따라 출하량의 변동이 심하여 예측이 어렵습니다. 공급 부족 우려에 따른 혼란 등을 방지하기 위해 사전에 공급 부족 보고를 합니다,2023-07-01,2022-12-02,"30,000","8806524001002,8806524001019,8806524001026"
2022-12-01,타이로젠주(티로트로핀알파),(주)사노피-아벤티스코리아,2022-12-08,"물량의 수입이 지연됨에 따라 수급이 불안정한 상태로, 12월 8일부터 공급 부족이 예상됩니다.","타이로젠주(티로트로핀알파)는 다음과 같은 적응증에 사용되는 희귀의약품입니다. 공급부족으로 인하여 아래 해당하는 환자들에 대한 영향이 있을 것으로 예상됩니다. - 갑상선암의 재발 가능성 및 전이 여부 진단을 위한 갑상선 글로불린테스트 또는 전신 스캐닝 시에, 단시간 내 갑상선자극호르몬의 적정 혈중농도 도달을 위해 사용 - 갑상선암 절제환자의 잔재 갑상선 조직 제거 시 치료목적으로 방사성 요오드와 함께 사용 자사 재고 소진 상황이 예상되나, 도매상의 재고량을 고려할 때, 공급 부족 기간 중 환자들에 대한 영향은 없을 것으로 예상됩니다.","타이로젠주(티로트로핀알파)는 희귀의약품으로서 해당 완제의약품의 공급부족으로 인한 환자 치료에 미치는 영향을 인지하고 있으며, 1월 5일 공급을 원활하게 재개하는 것을 목표로 하고 있습니다. 아사에서는 타이로젠주(티로트로핀알파)를 필요로 하는 환자들에게 미치는 영향을 최소화하기 위해 의료기관 및 도매상과 긴밀히 소통하고, 공급을 최대한 빠르게 재개할 수 있도록 본사 및 제조소와 함께 최선의 노력을 다하겠습니다.",2023-01-11,2022-12-01,376,"8806520012903,8806520012927,8806520012910"
2022-11-21,핀베린정(피나베륨브롬화물),일동제약(주),2022-11-17,판매 증가에 따른 초과 판매,영향 없슴,연속 생산 진행 중,2022-12-09,2022-11-21,0,8806429024731
2022-11-16,지노트로핀고퀵펜주36아이유(12밀리그램)(소마트로핀),한국화이자제약(주),2022-11-10,"제조원 측 생산 지연으로 공급에 차질이 생겼으며, 이는 품질, 안전성, 유효성 등과 무관합니다.",첨부 구비서류를 참고 부탁드립니다.,첨부 구비서류를 참고 부탁드립니다.,2023-01-25,2022-11-16,0,8806489031625
2022-11-09,젤독스캡슐40밀리그램(염산지프라시돈일수화물),비아트리스코리아(주),2022-11-28,포장용 자재 등 구성품 수급 지연으로 인한 해외제조원 생산지연 및 하반기 실제 판매량 급증으로 젤독스캡슐 40mg의 공급 부족이 예상됩니다.,"젤독스는 조현병 치료 및 양극성 장애 1형의 치료에 적응증이 있으며, 조현병 1단계 치료에서 1차 비정형 항정신병 약물 중 하나로 선호됩니다. 극심한 체중 증가로 인한 신체 합병증이 발생되었거나 또는 발생할 가능성이 높은 경우, 기존 신체 질환이 악화될 가능성이 있는 경우, 극심한 체중 증가로 인해 약물 순응도가 극도로 불량해진 경우, 비교적 체중증가가 적은 약물(젤독스 등)로 교체를 고려할 수 있습니다. 동일성분의 제네릭 약물은 국내에 시판 중이지는 않습니다. 동일 계열의 타 성분의 대체가능한 약제는 시판 중이며, 장기간 동안의 품절은 아니므로 의료현장에 중대한 영향을 미치지는 않을 것으로 사료됩니다. 다만, 두 용량 모두 캡슐제로 분할 복용이 불가하고, 기존 젤독스 캡슐 20mg 또는 40mg 복용 중인 환자에게 타 제제로의 변경 등의 불편함이 예상되므로 품절 기간을 최소화 하도록 노력하겠습니다.","폐사는 수입 및 가용화 정상화를 위해 공급처와 긴밀하게 논의하고 있습니다. 현재로서 가능한 빠른 다음 수입 일정은 12월 중순으로 예상되며, 이에 따라서 1월 23일 이후 공급이 다시 가능할 수 있을 것으로 사료 됩니다. 수입 및 가용화 일정을 앞당기기 위해 노력하여 신속하게 공급정상화 될 수 있도록 최선을 다하겠습니다.",2023-01-23,2022-10-31,1654,8800734001210
2022-11-09,젤독스캡슐20밀리그램(염산지프라시돈일수화물),비아트리스코리아(주),2022-12-19,포장용 자재 등 구성품 수급 지연으로 인한 해외제조원 생산지연 및 하반기 실제 판매량 급증으로 젤독스캡슐 20mg의 공급 부족이 예상됩니다.,"젤독스는 조현병 치료 및 양극성 장애 1형의 치료에 적응증이 있으며, 조현병 1단계 치료에서 1차 비정형 항정신병 약물 중 하나로 선호됩니다. 극심한 체중 증가로 인한 신체 합병증이 발생되었거나 또는 발생할 가능성이 높은 경우, 기존 신체 질환이 악화될 가능성이 있는 경우, 극심한 체중 증가로 인해 약물 순응도가 극도로 불량해진 경우, 비교적 체중증가가 적은 약물(젤독스 등)로 교체를 고려할 수 있습니다. 동일성분의 제네릭 약물은 국내에 시판 중이지는 않습니다. 동일 계열의 타 성분의 대체가능한 약제는 시판 중이며, 장기간 동안의 품절은 아니므로 의료현장에 중대한 영향을 미치지는 않을 것으로 사료됩니다. 다만, 두 용량 모두 캡슐제로 분할 복용이 불가하고, 기존 젤독스 캡슐 20mg 또는 40mg 복용 중인 환자에게 타 제제로의 변경 등의 불편함이 예상되므로 품절 기간을 최소화 하도록 노력하겠습니다.","폐사는 수입 및 가용화 정상화를 위해 공급처와 긴밀하게 논의하고 있습니다. 현재로서 가능한 빠른 다음 수입 일정은 12월 중순으로 예상되며, 이에 따라서 1월 23일 이후 공급이 다시 가능할 수 있을 것으로 사료 됩니다. 수입 및 가용화 일정을 앞당기기 위해 노력하여 신속하게 공급정상화 될 수 있도록 최선을 다하겠습니다.",2023-01-23,2022-10-31,3110,8800734000916
2022-11-09,"벤리스타주400밀리그램(벨리무맙)(단클론항체, 유전자재조합)",(주)글락소스미스클라인,2022-11-11,"기존 예측보다 수요량이 높아졌고, 증가된 수요량을 맞추기 위해 추가로 공급 물량을 확보하는데 있어 공급처에서 필요한 최소한의 소요기간이 있기 때문에 공급처에서 예측보다 높은 수요량에 대응하는데 어려움이 있습니다.",벤리스타는 쓸 때 희석하여 재구성한 용액으로서 몸무게 의존적으로 투여를 받게 되는데 벤리스타 120mg이 국내에 공급되고 있어 120mg 제품으로 대체하여 체중에 따른 필요한 용량으로 재구성하여 투여가 가능합니다. 따라서 벤리스타 400mg 공급 부족으로 인한 환자의 투여 중단 등의 영향은 없습니다.,"공급, 국내 시험을 긴급하게 진행하여 가능한 빠른 시일 내 공급이 재개되도록 할 예정입니다.",2022-12-30,2022-11-09,6,8806500028917
2022-11-08,라프렌연질캡슐50밀리그램(클로파지민),(주)태준제약,2022-11-28,"재고 부족 및 생산 지연 라프렌연질캡슐은 ㈜알피바이오에 위탁생산하며, 도매상 ㈜위캔케어에 납품 진행하고 있습니다. 통상적으로 생산 요청이 있을 경우 납품까지 약 6개월 정도의 일정이 소요되지만, 최근 코로나 및 독감으로 인하여 감기약 생산이 급격히 늘어나게 되면서, 수탁제조원인 ㈜알피바이오가 타 생산일정으로 밀려있는 상황에서 기인하였습니다.","라프렌연질캡슐50mg은 나병 치료제이며, 클로파지민 주성분 품목으로는 국내 유일한 국가필수의약품입니다. 단독 혹은 리팜피신 등 타 약제와 병용하여 장기투여되며, 특히 답손에 내성이 있는 나병종나병과 중간나병에도 사용이 가능합니다. 공급이 지연됨에 따라 장기적으로 투여 중인 환자가 의약품을 사용할 수 없는 문제가 발생합니다.",8월경 발주 진행하였습니다. 생산은 자사에 자체적인 캡슐 생산설비가 없는 관계로 현재 (주)알피바이오에 위탁하여 진행하고 있습니다. 수탁제조원 알파바이오의 일정에 따라 빠르면 4월 말에 정상적으로 공급이 재개될 예정입니다.,2023-04-24,2022-11-02,0,"8806501002008,8806501002015,8806501002022,8806501002039,8806501002046,8806501002053,8806501002060"
2022-11-07,케이콘틴서방정(염화칼륨),동광제약(주),2022-11-30,"제품 생산에 필요한 부형제 (Cetostearyl alcohol, 제조원:BASF) 선적지연","동일성분, 동일적응증을 보유한 염화칼슘주사액이 허가 및 생산되고 있어 대체 가능할 것으로 사료됨","제품 생산에 필요한 부형제 (Cetostearyl alcohol, 제조원:BASF) 선적지연 이슈 해결후 국내 자사공장 입고시 즉각 생산후 공급예정",2022-12-30,2022-11-04,0,8806459051400
2022-10-27,듀악겔5%,(주)글락소스미스클라인,2022-10-27,공급일정지연,"비록 듀악 5%가 품절이긴 하지만 듀악의 경우 3% 재고가 있고, generic 및 경쟁품이 시장에 있어 상대적으로 환자 임팩은 적을 것으로 예상",2022년 12월 1일 공급 재개 예정,2022-12-01,2022-10-27,21,8806500024650
2022-10-21,카프렐사정300밀리그램(반데타닙),(주)사노피-아벤티스코리아,2022-10-25,카프렐사정300밀리그램(반데타닙)의 영국 2차 포장 제조소에서 제품 출하가 지연 되어 기존 계획되어 있던 수입 예정일(10월 초)보다 국내 수입이 지연되었습니다.,"카프렐사정300밀리그램(반데타닙)은 다음과 같은 적응증에 사용되는 희귀의약품입니다. - 증상이 있는, 절제 불가능한 국소 진행성 또는 전이성 갑상선 수질암의 치료 공급부족으로 인하여 상기 해당하는 환자들에 대한 영향이 있을 것으로 예상되오며, 아사에서는 현재 카프렐사정100밀리그램(반데타닙)도 수입하고 있으므로 공급부족 기간 동안 대체 가능할 수 있을 것으로 예상됩니다.","아사에서는 해당 제품의 공급 부족이 환자에게 미치는 영향을 최소화하기 위해 본사와 긴밀하게 모든 최선의 노력을 다할 것이며, 2022년 11월에 카프렐사정300밀리그램을 수입하여 공급 재개할 예정입니다.",2022-11-14,2022-10-20,1,"8806520012309,8806520012316"
2022-10-21,지스로맥스건조시럽(아지트로마이신수화물),한국화이자제약(주),2022-10-18,시장 수요 급증 및 제조원의 생산일정 지연,동일 성분/용량을 함유한 타사 제품으로 대체 가능하여 환자 치료에 미치는 영향은 크지 않을 것으로 사료됩니다.,"국내 공급 시점(2023년 7월 경)에서 공급 재개 예정이며, 공급 중단 논의는 없습니다. 폐사는 다음 공급재개를 앞당기기 위해 귀 처 검토중인 허가변경민원의 신속한 승인을 목표로, 공급 안정화를 위해 노력하고 있습니다.",2023-07-31,2022-10-21,0,"8806489008719,8806489008726"
2022-10-21,로도질정,(주)사노피-아벤티스코리아,2022-10-17,"2022년 6월 공급처에서의 생산 가능량의 일시 부족과 우크라이나 사태 이후 해상 운송의 지연 및 지난달 예상치 대비 판매량이 초과되어 공급 부족이 발생하였고 식약처에 보고드린 바 있습니다. 해당 보고 내용대로 7월 말부터 공급이 정상화 되었으나, 이후 과수요가 계속 발생하면서 공급 부족이 발생하게 되었습니다. 현 자사재고량은 응급분으로 보유하고 있는 수량으로, 2021년 로도질정의 월 평균 판매량 (105,640정)의 약 10%에 그칩니다.","로도질정은 다음의 효능효과로 사용되는 의약품입니다. 공급 부족으로 아래 해당하는 환자들에 대한 영향이 있을 것으로 예상됩니다. 1. 유효균종 연쇄구균, 폐렴연쇄구균, 보르데텔라 백일해, 방선균, 디프테리아균, 클라미디아, 폐렴미코플라스마, 클로스트리듐 퍼프린젠스, 비피도박테륨, 박테로이디즈 프라질리스, 푸조박테륨, 베요넬라, 유박테륨, 펩토연쇄구균 2. 적응증 급·만성 또는 재발성 구강 감염증 치아농양, 연조직염, 치관주위염, 치은염, 구내염, 치주염, 이하선염, 하악염","2022년 11월 국내 도착분량 195,000팩과 현 응급분량 10,921팩은 공급 정상화 예상일자 전에 가용 전환되는 경우 공급 정상화 예상일자 전이라도 출하 예정입니다.",2022-12-12,2022-10-20,10921,"8806520001709,8806520001716"
2022-10-20,지스로맥스건조시럽(아지트로마이신수화물),한국화이자제약(주),2022-10-18,제조원의 생산일정 지연,동일 성분/용량을 함유한 타사 제품으로 대체 가능하여 환자 치료에 미치는 영향은 크지 않을 것으로 사료됩니다.,"국내 공급 시점(2023년 7월 경)에서 공급 재개 예정이며, 공급 중단 논의는 없습니다.",2023-07-31,2022-10-20,0,"8806489008719,8806489008726"
2022-10-17,캐리엠아이비지(131I)주사액,한국원자력연구원,2022-10-24,갑작스런 원료 수급 중단에 따른 완제의약품 생산 불가,- 국내 대체 생산처는 없는 것으로 파악하고 있음. - 동일 성분의 국외 등록 의약품의 경우 약가가 매우 높아 수입이 쉽지 않을것으로 파악하고 있음. - 현 상황에서는 치료공백이 우려되나 희귀필수의약품센터에서 국외 제품을 도입하여 공백기에 공급할 수 있다면 치료공백을 피할 수도 있을 것으로 예상됨.,원료 수급이 재개될 경우 생산이 가능함. 하지만 정확한 재개 일정은 현재로써는 알 수 없음.,2022-11-07,2022-10-17,0,"8806724001109,8806724001116,8806724001123,8806724001130,8806724001147,8806724001154,8806724001161,8806724001178,8806724001185"
2022-10-17,아티반주사(로라제팜),일동제약(주),2022-10-12,판매증가,아티반주(로라제팜)은 신경안정제로 동일 적응증인 타사 제품이 생산/유통 중이므로 환자치료에 미치는 영향은 없을 것으로 사료됩니다.,"폐사에서는 공급정상화를 위해 원료공급 재개 시기 단축 독려, 원료이원화 등 적극적 으로 노력하고 있으며, 원료 입고 후 완제품 생산 진행하여 빠른 시일 내에 품목 공급 이 정상화될 수 있도록 하겠습니다.",2022-11-16,2022-10-12,0,8806429011922
2022-10-17,아지탑스주사500밀리그램(아지트로마이신수화물),일동제약(주),2022-10-11,판매증가에 따른 재고 소진,시장 대체품 있어 문제없음,원료 입고 후 완제품 생산 진행하여 빠른 시일 내에 품목 공급 이 정상화될 수 있도록 하겠습니다.,2022-11-07,2022-10-11,0,8806429028319
2022-10-14,휴마로그주100단위/밀리리터(인슐린라이스프로),한국릴리(유),2022-11-01,"제조소의 제조 및 출하 일정 지연으로 공금 부족이 발생할 것으로 예상됩니다. 이로 인하여 11월 1일부터 공급 부족이 예상되며, 해당 품목의 공급 정상화는 12월 중순으로 예상됩니다.","하기의 자사 동일성분 제품으로 대체 가능할 것으로 사료됩니다 - 휴마로그퀵펜주100단위/밀리리터(인슐린라이스프로,유전자재조합)","당사는 안정적 공급을 지속적으로 모니터링하고 있으며 한국 시장의 부족 위험을 최소화하기 위해 노력하고 있습니다. 10월중 “휴마로그주100단위/밀리리터”가 공급될 예정이나 일정 기간 공급 부족을 피할 수 없을 것으로 예상되며, 폐사는 해당 품목의 원활한 공급을 위해 11월~12월중 추가 물량을 공급받을 예정입니다. 공급 정상화를 위해 최선을 다하겠습니다.",2022-12-16,2022-10-12,1556,8806708003518
2022-10-13,"녹십자-알부민주20%(사람혈청알부민)[수출명: 볼루민20%(100㎖),알부맥스20%(50㎖)-케이지씨씨,알부미나20%(50㎖),지씨피디알부민주20%(50㎖),바바이오텍-알부민20%,알부셀,휴먼알부민아이피/이피20%(100㎖),알부민주 20%-지씨씨,알부미나 세리카 휴마나 20% 50ml 솔루시옹 인엑터블,알부민 지씨씨,알부벳 20%,휴민 20,알부렌]",(주)녹십자,2022-10-13,"이번 공급부족보고는 해당 품목 중 100mL에 해당하는 사항으로, 올해 알부민주20%의 생산 설비(충전 설비)의 재정비 및 재검증을 수행하여 약 1달간의 생산중단이 발생하였습니다. 생산 중단으로 인한 재고량 감소로 인해 일시적인 수급 불안정이 발생하였고, 긴급히 약제가 요구되는 기관을 우선으로 공급하고 있어 일부 기관에는 공급 부족상황이 발생하였습니다.","타사의 동일 성분 및 동일 함량의 제품이 공급중인 바(에스케이알부민주20%), 환자 치료에 큰 영향을 미치지 않을 것으로 판단됩니다.","현재 예정된 제조는 11월 2주차로, 해당 배치가 국검 완료되는 2월 2주차에 출하 가능할 것으로 예상됩니다. 50mL 출하 가능 시점까지 아직 시일이 남기는 하였으나, 그 전에 더 많은 수요가 요구되는 100mL 제품이라도 출하, 공급하여 빠른 알부민 공급 안정화를 도모하도록 하겠습니다.",2023-02-10,2022-10-13,0,8806436004610
2022-10-07,아이비글로불린에스엔주10%(글리신 첨가 사람면역글로불린[pH4.8]),(주)녹십자,2022-10-07,- IVIG-SN 10% 생산 설비의 재 정비 및 재 검증을 수행하여 약 1달간의 생산 중단이 발생하였습니다. - 생산중단으로 인한 재고량 감소로 인한 일시적인 수급 불안전한 상황입니다.,"이번 공급부족보고는 해당 품목 중 100mL에 해당하는 사항으로, 해당 용량 외 공급 가능한 용량이 있어(10, 25, 50, 200 mL) 대체품 사용이 가능하기에, 환자 치료에 큰 영향을 미치지 않을 것으로 판단됩니다.",공급부족 해소를 위해 작업자의 일정 재조정 및 공급 lead-time을 줄여 공급량을 확보하여 공급정상화를 위해 노력하고 있습니다.,2023-10-18,2022-10-06,2024,8806436053946
2022-09-29,이지롱내복액,에이프로젠제약(주),2022-10-06,디멘히드리네이트 주원료 수급(Italy Recordati) 차질,"일시적 품절이고, 대체재가 존재하여 환자 치료에 미치는 영향은 미비할 것으로 예상","디멘히드리네이트 주원료 제조원을 변경하여, 2022년 10월중 밸리데이션 진행 예정임(HLB제약 위탁생산).",2022-10-28,2022-09-29,45600,8806452023510
2022-09-14,핀베린정(피나베륨브롬화물),일동제약(주),2022-09-14,판매 증가에 따른 재고 소진,시장(도매상)에 보유 재고 있어 영향 없음.,연속생산 진행 중,2022-09-28,2022-09-14,0,8806429024731
2022-09-06,오렌시아서브큐프리필드시린지125밀리그램(아바타셉트),(유)한국비엠에스제약,2022-10-04,8월 31일 수입 예정이였으나 제조소의 사정으로 수입이 지연 되었습니다.,"환자들에 대한 영향을 최소화하기 위해 의약품 도매 및 의료기관에 신속하게 알리고 있으며, 동일 성분의 제품으로는 오렌시아주 250 밀리그램 (아바타셉트)이 있습니다.",현재 9월 14일 수입통관예정으로 품질시험검사 기간을 감안할 때 10월 31일에는 제품이 공급 가능할 것으로 예상됩니다만 수입 일정에 변경되면 다시 보고 드리도록 하겠습니다.,2022-10-31,2022-09-02,200,8806587005719
2022-09-05,인라이타정1밀리그램(엑시티닙),한국화이자제약(주),2022-09-26,제조원의 공급 일정 지연,"진행성 신세포암의 1차 요법(펨브롤리주맙과 병행)과 2차 요법 치료에 사용되는 인라이타는 5mg 상용량에서 환자 내약성 및 안전성에 근거한 용량 조절을 통해 7mg, 10mg으로 순차적으로 증량 혹은 3mg, 2mg으로 감량하여 복용하는 약제이며, 필름 코팅정으로 분할 없이, 1일 2회 그대로 복용하는 것이 권장되고 있음. 따라서 인라이타 1mg 품절 시, 5mg 1일 2회 투여로 증량하거나 타약제로의 교차 투여가 고려될 수 있음. 다만, 본 품절이 1mg 함량이 필요한 환자들에게 미칠 영향을 최소화하기 위해 시장재고의 원활한 유통을 통해 기존 3mg/2mg 복용 중인 환자에게 우선적으로 약제를 공급하고, 폐사는 품절 기간을 최소화하기 위해 최선을 다할 것임.",자사는 공급정상화를 위해 제조원과 긴밀히 연락하여 최대한 노력하고 있습니다. 현재로서는 가능한 가장 빠른 다음 입고 시점은 2022년 10월 말로 예상되며 2022년 10월 24일주부터 공급이 다시 가능할 것으로 사료됩니다.,2022-10-28,2022-08-31,192,8806489021312
2022-09-05,아이비글로불린에스엔주10%(글리신 첨가 사람면역글로불린[pH4.8]),(주)녹십자,2022-09-16,"공급 lead-time (제조부터 국검 추 최종 출하까지 3개월 ) 내 IVIG-SN 10% 25mL 수요가 급 증가하여, 해당 수요만큼 충분히 공급하지 못할 것으로 예상됩니다.","이번 공급부족보고는 해당 품목 중 25mL에 해당하는 사항으로, 해당 용량 외 공급 가능한 용량이 있어(10, 50, 100, 200 mL) 대체품 사용이 가능하기에, 환자 치료에 큰 영향을 미치지 않을 것으로 판단됩니다.",현재 마지막으로 생산(충전)된 배치가 2022.06.21에 충전되었으며 현재 국검 중입니다. 국검이 완료되는대로 신속히 물류센터로 입고할 예정입니다. 현재 예상되는 물류 입고일은 2022.10.06 입니다.,2022-10-06,2022-09-05,1348,8806436053922
2022-09-01,솔리쿠아펜주(30-60),(주)사노피-아벤티스코리아,2022-09-13,코로나 장기화로 인하여 제조소 생산라인의 인력부족으로 일시적인 공급부족 발생이 예상됩니다.,"솔리쿠아펜주(30-60)은 솔리쿠아펜주(10-40)과 성분은 동일하고 활성물질 용량의 비율이 다른 제품으로, 현재 솔리쿠아펜주(10-40)는 정상 공급되고 있습니다.","일시적 품절로 10월 초 정상 공급 재개될 예정입니다. 환자에 미치는 영향을 최소화하기 위하여 의료기관 및 도매상과 긴밀히 소통하고, 솔리쿠아펜주(30-60)의 공급을 빠르게 재개할 수 있도록 본사 및 제조소와 함께 최선의 노력을 다하겠습니다.",2022-10-07,2022-08-31,1015,8806520010725
2022-08-31,녹십자-알부민주5%(사람혈청알부민),(주)녹십자,2022-09-01,"공급 lead-time (3개월) 內 Alb 5% 250mL 의 수요 증가로 인해 증가한 수요만큼 공급하지 못하는 현상이 발생하였으며, 이로 인해 같은 제품인 Alb 5% 100mL의 수요가 5 ~ 7월 증가하여 공급 부족 현상 발생하였습니다. 공급 부족 인지 후 긴급 제조 계획 수립하여 2022.09.08 새로운 배치를 충전하여 2022.11.29에 신규 배치 공급 예정입니다.","본 제품은 알부민의 상실(화상, 신증후군 등) 및 알부민 합성저하(간경변증 등) 에 의한 저알부민혈증, 출혈성 쇽에 사용되며, 정상공급되고 있는 자사 알부민5% 250mL으로 대체 가능하여 환자치료에 영향을 미치는 경우는 없을 것으로 사료됩니다.","2022.09.06 신규 배치 충전하여, 2022.10.27 국검 신청 이후 2022.11.29 물류 입고 예정입니다.",2022-11-29,2022-08-31,68,8806436004917
2022-08-31,감마-글로불린주(사람면역글로불린),(주)녹십자,2022-07-19,감마글로불린의 경우 연간 1회 생산하는 품목입니다. 동일 공장에서 생산되는 타제품의 예기치 못한 생산 일정 변경으로 인해 감마글로불린주의 생산 일정이 약 3개월 지연되어 일시적으로 공급이 부족하게 되었습니다.,"이번 일시적 수급불안 품목은 감마글로불린주 10ml 용량입니다. 부득이하게 품절이 예상되지만, 타 용량이 존재하고 있으며, 투여방법이 다르지만 동일성분의 타치료제도 존재하기에 환자치료에 미치는 영향은 크지않을 것으로 판단됩니다.","현재 2022.07.01에 신규 배치 생산 완료된 상태이며, 해당 배치 2022.09.01 국검 신청 이후 2022.10.26 물류 입고 예정입니다. 물류입고 즉시 최대한 빠른 일정으로 공급할 예정이오니 양해를 부탁드립니다.",2022-10-31,2022-08-31,1,8806436000216
2022-08-30,핀베린정(피나베륨브롬화물),일동제약(주),2022-08-29,초과 판매,시장에 보유 재고 있어 영향 없음.,연속생산 진행 중,2022-09-13,2022-08-29,0,8806429024731
2022-08-30,듀코랄액 (경구콜레라백신),(주)엑세스파마,2023-02-01,제조소의 생산 일정 지연 및 발포제 위탁제조소 변경에 따른 품목변경허가가 필요한 상황으로 일시적인 공급 부족이 예상됩니다.,"현재 국내에서 유통되고 있는 유일한 콜레라 예방백신으로, 보유하고 있는 재고의 유효기간 만료후에는 해외 출국 시 백신을 복용하기가 어려울 수 있습니다.",제조사와 수입 일정에 대해서 긴밀히 협의하여 새로운 배치가 빠르게 공급될 수 있도록 하겠습니다.,2025-04-01,2022-12-19,0,8806731000911
2022-08-25,아티반주사(로라제팜),일동제약(주),2022-08-25,공급제개 후 판매 초과에 따른 일시적 품절,아티반주(로라제팜)은 신경안정제로 동일 적응증인 타사 제품이 생산/유통 중이므로 환자치료에 미치는 영향은 없을 것으로 사료됩니다,폐사에서는 공급정상화를 위해 선행 생산 및 안전재고 확보를 통해 빠른 시일 내에 품목 공급 이 정상화될 수 있도록 하겠습니다.,2022-09-08,2022-08-25,0,8806429011823
2022-08-18,몰시톤정2밀리그램(몰시도민),에리슨제약(주),2022-08-11,"의약품등 회수명령(영업자회수)에 따라 시중 유통품에 대한 회수를 진행하였고, 이로 인해 공급부족이 발생함","동일 성분, 동일 적응증을 가진 자사 품목으로 대체 가능하므로 환자 치료에 미치는 영향은 적을 것으로 사료됨","몰시톤정2밀리그램(몰시도민) 제제개선 실시 후, 공급 재개 예정임",2026-12-31,2022-08-18,0,"8806205000409,8806205000416,8806205000423,8806205000430,8806205000447,8806205000454"
2022-08-16,젤로빅정500밀리그램(카페시타빈),일동제약(주),2022-08-16,원료 공급 지연,타사 제품이 생산/유통 중이므로 환자치료에 미치는 영향은 없을 것으로 사료됩니다.,"폐사에서는 공급정상화를 위해 원료공급 재개 시기 단축 독려, 원료이원화 등 적극적 으로 노력하고 있으며, 원료 입고 후 완제품 생산 진행하여 빠른 시일 내에 품목 공급 이 정상화될 수 있도록 하겠습니다.",2022-10-28,2022-08-16,333,8806429049017
2022-08-16,액틱구강정200마이크로그램(펜타닐시트르산염),현대약품(주),2022-08-31,수입 지연에 따른 일시적 공급 차질,본 제품의 구성성분은 효능효과가 동일한 약제가 많이 처방되어 있어 환자 치료에 문제가 발생될 가능성은 없을 것으로 판단됨.,추가 생산 및 공급을 통해 2022년 9월 30일 정상화 예상됨.,2022-10-14,2022-08-16,200,8806420007719
2022-08-09,일양디세텔정(피나베륨브롬화물),일양약품(주),2022-08-31,원료의 불안정한 공급으로 인하여 일시적인 공급 이슈가 발생하였습니다.,"적응증인 과민성대장증후군 및 담관운동부전의 치료에 대한 약제들이 다수 존재하며, 자사품목과 동일 품목 또한 존재하기 때문에 환자치료에 미치는 영향이 적다고 사료됩니다.","당사는 공급 정상화를 위해 노력하고 있으며, 원료 수급이 신속히 진행되어 빠른 시일 내에 공급이 재개될 수 있도록 만전을 다하겠습니다.",2023-02-28,2022-07-25,10975,"8806417016113,8806417016120"
2022-07-22,맥시트롤점안액,한국노바티스(주),2022-07-13,맥시트롤점안액의 경쟁품인 삼일제약의 포러스점안액이 지난 4월부터 품절됨에 따라 최근 3개월 동안 맥시트롤점안액의 판매가 평소 대비 2 배 이상 급증하였습니다. 이에 따라 제조원에 추가적인 생산을 요청하였으나 제조원에서의 생산 이슈로 인해 앞으로 8 월 31일까지 일시적인 공급중단이 예상됩니다,해당 내용은 건강보험심사평가원에 통보 완료하였으며 공급 중단과 관련하여서는 도매 유통업체에 안내 완료하였습니다. 의료현장의 혼선을 최소화하고 약제 투여 환자의 보호를 위해 대체 가능한 제품에 대해 함께 안내할 예정입니다. - 포러스점안액(10mL) 643901611 삼일제약(주),"제조원과 해당 수입일정에 대해 논의중에 있으며, 수입되는대로 품질검사 진행 후 판매 계획입니다. 예상 판매 재개 일정은 8월 31일입니다.",2022-08-31,2022-07-22,0,8806536029919
2022-07-20,카프렐사정300밀리그램(반데타닙),(주)사노피-아벤티스코리아,2022-08-01,"전세계적인 수요 증가에 따른 카프렐사정300밀리그램 물량 부족으로, 2022년 8월 1일부터 공급부족이 예상됩니다.","카프렐사정300밀리그램(반데타닙)은 다음과 같은 적응증에 사용되는 희귀의약품입니다. - 증상이 있는, 절제 불가능한 국소 진행성 또는 전이성 갑상선 수질암의 치료 공급부족으로 인하여 상기 해당하는 환자들에 대한 영향이 있을 것으로 예상되오며, 아사에서는 현재 카프렐사정100밀리그램(반데타닙)도 수입하고 있으므로 공급부족 기간 동안 대체 가능할 수 있을 것으로 예상됩니다.","아사에서는 해당 제품의 공급 부족이 환자에게 미치는 영향을 최소화하기 위해 본사와 긴밀하게 모든 최선의 노력을 다할 것이며, 2022년 9월에 카프렐사정300밀리그램을 수입하여 공급 재개할 예정입니다.",2022-09-07,2022-07-20,5,"8806520012309,8806520012316"
2022-07-15,유로트롤정2mg(톨터로딘-L-타르타르산염),대원제약(주),2022-10-01,주성분 제조원 원료 입고 지연에 따라 공급부족이 예상됩니다.,동일 성분 및 적응증의 타사 제품이 생산/유통되고 있어 영향이 크지 않을 것으로 사료됩니다.,주성분 원료 입고 이후 제품 생산하여 23년 6월 공급 재개 예정입니다.,2023-06-01,2022-07-15,"8,890","8806718028303,8806718028310,8806718028327"
2022-07-15,리나치올시럽5%(카르보시스테인)(수출명:HyundiolSyrup5%),현대약품(주),2022-04-30,수요량 증가로 인한 일시적 공급 차질,본제품의 구성성분은 효능효과가 동일한 약제가 많이 처방되어 있어 환자 치료에 문제가 발생될 가능성은 없을 것으로 판단됨.,추가 생산 및 공급을 통해 22년 8월 31일 정상화 예상됨.,2022-08-31,2022-07-15,51,8806420002219
2022-07-13,아티반주사(로라제팜),일동제약(주),2022-07-08,원료 공급이 지연되어 일시적인 공급부족 보고하고자 합니다.,아티반주(로라제팜)은 신경안정제로 동일 적응증인 타사 제품이 생산/유통 중이므로 환자치료에 미치는 영향은 없을 것으로 사료됩니다.,"폐사에서는 공급정상화를 위해 원료공급 재개 시기 단축 독려, 원료이원화 등 적극적으로 노력하고 있으며, 원료 입고 후 완제품 생산 진행하여 빠른 시일 내에 품목 공급이 정상화될 수 있도록 하겠습니다.",2022-08-12,2022-07-13,0,8806429011823
2022-07-08,메토젝트주50mg/mL(메토트렉세이트),(주)한국팜비오,2022-06-20,"리퓨어헬스케어(수입허가권자)의 수입품목허가 메토젝트주50mg/mL(메토트렉세이트)는 원개발사(수출사)와의 계약종료로 2022년 6월 15일 ㈜한국팜비오로 수입품목허가권이 양도양수 완료되었습니다. 폐사는 수입품목허가 양도양수 받은 메토젝트주50mg/ml(메토트렉세이트)를 현재 수입 계획 중에 있으며, 완제품을 수입하여 발매하기까지 일시적인 공급부족이 발생할 가능이 있기에 보고 드립니다.","동일성분의 동일 효능효과를 가진 “화이자메토트렉세이트주5g”(한국화이자), “유한메토트렉세이트주사액25밀리그램/밀리리터’(유한양행) 및 “유한메토드렉세이트정”(유한양행) 등이 시장에 판매되고 있기에, 공급부족으로 인한 환자치료에 문제가 발생할 가능성이 없다고 사료됩니다.",폐사는 수입품목허가 양도받은 메토젝트주50mg/mL(메토트렉세이트)가 다음과 같은 절차를 거쳐 조속히 공급될 수 있도록 하겠습니다. - 2022년 7월 원개발사와 표시부자재 디자인 수정 - 2022년 8월~9월 : 원개발사 변경된 표시부자재 구매 - 2022년 10월~12월 원개발사 제조 및 품질시험 - 2022년 1월~2월 한국팜비오 완제품 수입 - 2022년 3월 한국팜비오 완제품 시험 - 2023년 4월 한국팜비오 완제품 발매,2023-04-30,2022-06-20,0,"8806599017403,8806599017410,8806599017502,8806599017519,8806599017601,8806599017618,8806599017700,8806599017717,8806599017809,8806599017816"
2022-07-07,하이드라섹산10mg(라세카도트릴),한국애보트(유),2022-08-31,1. 포장재 호일 부족 2. 제조처의 생산량 문제,하이드라섹산 30mg 대체 사용 가능합니다.,"2022년 11월중 수입될 예정이며, QC test 완료 후 2023년 1월초에는 판매 가능하도록 추진하고 있습니다.",2023-01-09,2022-06-30,28450,8806442063809
2022-07-05,심비코트터부헬러80/4.5마이크로그램,한국아스트라제네카(주),2022-07-04,"COVID-19 영향으로 심비코트터부헬러80 수요가 전년대비 대폭 증가하였으나, 충분한 재고를 미리 확보하지 못했습니다.",첨부파일 참조,수입 일정을 최대한 앞당길 수 있도록 노력하겠습니다.,2022-08-17,2022-07-04,24,8806507002910
2022-07-01,메토젝트주50mg/mL(메토트렉세이트),(주)한국팜비오,2022-06-20,"리퓨어헬스케어(수입허가권자)의 수입품목허가 메토젝트주50mg/mL(메토트렉세이트)는 원개발사(수출사)와의 계약종료로 2022년 6월 15일 ㈜한국팜비오로 수입품목허가권이 양도양수 완료되었습니다. 폐사는 수입품목허가 양도양수 받은 메토젝트주50mg/ml(메토트렉세이트)를 현재 수입 계획 중에 있으며, 완제품을 수입하여 발매하기까지 일시적인 공급부족이 발생할 가능이 있기에 보고 드립니다.","동일성분의 동일 효능효과를 가진 “화이자메토트렉세이트주5g”(한국화이자), “유한메토트렉세이트주사액25밀리그램/밀리리터’(유한양행) 및 “유한메토드렉세이트정”(유한양행) 등이 시장에 판매되고 있기에, 공급부족으로 인한 환자치료에 문제가 발생할 가능성이 없다고 사료됩니다.",폐사는 수입품목허가 양도받은 메토젝트주50mg/mL(메토트렉세이트)가 다음과 같은 절차를 거쳐 조속히 공급될 수 있도록 하겠습니다. - 2022년 7월 원개발사와 표시부자재 디자인 수정 - 2022년 8월~9월 : 원개발사 변경된 표시부자재 구매 - 2022년 10월~12월 원개발사 제조 및 품질시험 - 2022년 1월~2월 한국팜비오 완제품 수입 - 2022년 3월 한국팜비오 완제품 시험 - 2023년 4월 한국팜비오 완제품 발매,2023-04-30,2022-06-20,0,8806599017519
2022-06-27,코다론정(아미오다론염산염),(주)한독,2022-06-07,"지난달 예상판매량 대비 판매 초과 및 러시아에서의 Foil 부자재 수급 지연으로 인한, 공급부족이 예상됩니다.","코다론정(아미오다론염산염)의 효능/효과는 아래와 같습니다. 공급부족으로 인하여 아래 해당하는 환자들에 대한 영향이 있을 것으로 예상됩니다. 1. 심방성부정맥, 심실성부정맥, 기타 다른 부정맥용제로 치료되지 않는 재발성 중증 부정맥 2. 협심증 등 기초심질환을 수반하는 부정맥",아사에서는 7월 19일에는 코다론정(아미오다론염산염)의 국내 공급을 재개하는 것을 목표로 하여 환자들에게 미치는 영향을 최소화하기 위해 본사와 긴밀하게 모든 노력을 다하여 코다론정(아미오다론염산염)의 공급을 최대한 빠르게 재개하도록 하겠습니다.,2022-07-19,2022-06-24,"2,239","8806521012506,8806521012513,8806521012520"
2022-06-27,로도질정,(주)사노피-아벤티스코리아,2022-06-10,공급처에서의 생산 가능량의 일시 부족과 우크라이나 사태 이후 해상 운송의 지연 및 지난달 예상치 대비 판매량이 초과되어 공급 부족이 발생하였음,"로도질정은 다음의 효능효과로 사용되는 의약품입니다. 공급 부족으로 아래 해당하는 환자들에 대한 영향이 있을 것으로 예상됩니다. 1. 유효균종 연쇄구균, 폐렴연쇄구균, 보르데텔라 백일해, 방선균, 디프테리아균, 클라미디아, 폐렴미코플라스마, 클로스트리듐 퍼프린젠스, 비피도박테륨, 박테로이디즈 프라질리스, 푸조박테륨, 베요넬라, 유박테륨, 펩토연쇄구균 2. 적응증 급·만성 또는 재발성 구강 감염증 치아농양, 연조직염, 치관주위염, 치은염, 구내염, 치주염, 이하선염, 하악염","아사에서는 로도질정을 필요로 하는 환자들에게 미치는 영향을 최소화하기 위해 의료기관 및 도매상과 긴밀히 소통하고, 공급을 최대한 빠르게 재개할 수 있도록 본사 및 제조소와 함께 최선의 노력을 다하겠습니다. 출하 계획은 다음과 같습니다. - 7월 : 92,700개 / 8월 : 117,000개 / 9월: 193,000개 *2021년 월 평균 판매량은 105,000 개 임",2022-07-25,2022-06-24,4867,"8806520001709,8806520001716"
2022-06-24,비짐프로정15밀리그램(다코미티닙수화물),한국화이자제약(주),2022-07-04,"제조원의 공급일정 지연 및 일시적 시장 수요 증가로, 7월 초부터 약 두달간 시장내 비짐프로정의 공급부족(품절)이 예상됩니다.","EGFR 변이 NSCLC 환자의 1차 치료제인 비짐프로는 45mg 부터 환자 내약성 및 안전성에 근거한 용량 조절을 통해 30mg, 15mg로 순차적으로 감량하여 복용하는 약제이며, 필름코팅정으로 분할 없이 그대로 복용하는 것이 권장되고 있음. 따라서 30mg 분할 복용 및 타약제의 equivalent dose에 대한 근거가 부족하고, 15mg를 복용 중인 환자가 품절로 인해 약제를 증량하거나 중단할 시 그에 따른 부작용 risk 증가 및 질환 progression으로 생명에 직결되는 영향이 예상되는 만큼, 품절 기간을 최소화 하고 최대한 기존 15mg 복용 중인 환자에게 만큼은 약이 공급되어야 하는 상황임.","폐사는 해당 수입 및 가용화 일정을 앞당기기 위해 공급처와 긴밀하게 논의 하고 있으며, 이외에 타 국가로부터 일부 물량을 인도받거나 샘플 시료를 가용화하는 방안에 대해서도 고려 중으로, 신속한 공급정상화를 위해 노력하고 있습니다. 현재로서 가능한 가장 빠른 다음 입고 시점은 2022년 8월 중순으로 예상되며, 이에 따라 8월 마지막주부터 공급이 다시 가능할 수 있을 것으로 사료됩니다.",2022-09-05,2022-06-23,14,8806489034619
2022-06-23,패스터텍주1.5밀리그램(라스부리카제),(주)사노피-아벤티스코리아,2022-08-01,제조소의 공급 문제로 인해 패스터텍주1.5밀리그램(라스부리카제)의 일시적인 공급 부족이 예상됩니다.,"패스터텍주1.5밀리그램(라스부리카제)는 ‘화학요법중인 악성종양 환자에서의 고뇨산혈증’의 치료에 사용되는 희귀의약품이며, 허가된 동일 성분 제제는 없습니다. 일반적으로 고뇨산혈증의 치료를 위해 Allopurinol 제제(자이로릭정 등) 등이 사용 될 수 있으며, 악성 종양환자에서의 고뇨산혈증 치료제는 라스부리카제가 국내 유일하게 허가 받은 약제입니다. 라스부리카제의 기생성된 요산의 대사를 촉진하여 배출을 촉진하는 작용 기전과는 달리, Allopurinol은 요산의 생성을 억제하기 때문에 환자의 체내에 이미 생성된 요산을 빠르게 제거하기는 어렵습니다. 또한, 경구 투여가 불가한 환자의 경우 Allopurinol 제제 사용이 제한되어 심할 경우 혈액투석을 받아야 합니다. 이러한 측면을 고려하였을 때, 패스터텍주1.5밀리그램(라스부리카제)의 공급 부족 상황에서는 일시적으로 대체 약제로서 Allopurinol 제제를 고려할 수 있으나, 해당 대체 약제의 상대적으로 낮은 임상적 효과와 심할 경우 항암치료와 혈액투석을 함께 받아야하는 환자의 힘든 상황을 고려하였을 때 장기적인 대체 치료제는 부재하는 실정입니다.","아사에서는 희귀의약품인 패스터텍주의 공급부족에 대해 심각성을 인지하고 있으며, 환자들에게 미치는 영향을 최소화하기 위해 각 의료기관 및 도매상과 긴밀히 소통할 것입니다. 국내에 패스터텍주의 공급을 빠르게 재개할 수 있도록 본사 및 제조소와 함께 최선의 노력을 다하겠습니다.",2022-08-15,2022-06-22,326,"8806520005509,8806520005516,8806520005523"
2022-06-20,알두라자임주(라로니다제),(주)사노피-아벤티스코리아,2022-07-10,국내 허가변경 일정에 따른 일시적인 공급 부족이 예상됩니다.,"알두라자임주(라로니다제)의 효능/효과는 아래와 같습니다. - 뮤코다당체침착증Ⅰ(MucopolysaccharidosisⅠ, MPSⅠ) 형태의 헐러(Hurler) 및 헐러-쉬에(Hurler-Scheie)환자와 중등도 이상의 증상을 가진 쉬에환자에게 쓰인다. 경미한 증상을 가진 쉬에환자에 대한 위험성이나 이득에 대해서는 알려진 바 없다. - 이 약은 폐 기능 및 보행 능력을 향상시키는 것으로 나타났으며, 중추신경계 증상에 대한 영향에 대해서는 검토된 바 없다. 뮤코다당체침착증 1형 질환은 소아환자에서 주로 진단이 되며, 각 환자마다 임상증상이 다르며, 점진적인 증상 악화로 비가역적인 기능상실 및 조기 사망을 초래할 수 있는 질환입니다. 이 질환의 치료제인 폐사의 알두라자임주는 대체 약물이 없는 희귀의약품이며, 주 1회 투여하여 뮤코다당체침착증 환자 체내에 대체 효소를 주입하는 치료로, 효소대체치료(ERT)의 중단은 치료로 인한 임상적 이점의 상실 뿐만 아니라, 환자 임상 상태의 악화를 초래할 수 있습니다. (Ref. 1. Peters H, et al. Intern Med J. 2020;50 Suppl 4:5-27. 2. Scott CR, et al. J Pediatr. 2013;163(2):498-503. 3. Alroy, J, et al. J Inborn Errors Metab. Screen. 2014;1–20) 현재 국내에서 알두라자임으로 치료 받는 환자는 총 21명이며, 모두 소아 시기 질환이 진단된 이후 약물을 투여 받은 환자입니다. 본 약물은 주 1회 투여가 필요한 약물로, 환자의 체중 5kg 당 1개 바이알을 기준으로 하여 1회당 평균 4~10 바이알로 처방 및 투여 되고 있습니다. 자사(쉥커창고) 및 도매상의 현재 재고 상황을 고려하였을 때, 도매상 수준에서의 공급 부족 상황은 7월 10일 경 발생할 것으로 사료되오며, 실제 환자 수준에서의 공급 부족 상황은 7월 15일 경 발생할 것으로 사료됩니다.","아사에서는 희귀의약품인 알두라자임주의 공급부족에 대해 심각성을 인지하고 있습니다. 환자들에게 미치는 영향을 최소화하기 위해 관련 부처, 의료기관 및 도매상과 긴밀히 소통하고, 국내에 알두라자임주의 공급을 빠르게 재개할 수 있도록 본사 및 제조소와 함께 최선의 노력을 다하겠습니다.",2022-08-31,2022-06-20,405,"8806520012101,8806934001418,8806520012118,8806934001401"
2022-06-16,큐티베이트크림(플루티카손프로피오네이트(미분화)),(주)글락소스미스클라인,2022-06-02,공급 일정 지연,다른 약제가 이용 가능하여 환자치료에 있어 큰 영향이 없을 것으로 예상,10월 말 공급 재개 예정,2022-10-26,2022-06-02,116,8806500019113
2022-06-07,보스민액(에피네프린),제일약품(주),2022-06-07,원료 이슈로 인한 완제품 생산 지연,일시적 품절이므로 환자 치료에 미치는 영향 미비할 것으로 예상,6/24일자로 ㈜퍼슨에서 제조한 2로트 폐사 입고 후 공급 정상화 예정,2022-06-27,2022-06-07,130,"8806454003909,8806454003916,8806454003923,8806454003930,8806454003947"
2022-05-31,액틱구강정200마이크로그램(펜타닐시트르산염),현대약품(주),2022-05-09,수입 지연에 따른 일시적 공급 차질,본 제품의 구성성분은 효능효과가 동일한 약제가 많이 처방되어 있어 환자 치료에 문제가 발생될 가능성은 없을 것으로 판단됨.,"추가 생산 및 공급을 통해 22년 6월 20일 정상화 예상됨. (4/26 부족보고 당시, 6/1 정상화 가능할 것으로 예상되었으나, 수입이 지연되어 정상화 예상일정이 6/20으로 지연됨.)",2022-06-20,2022-05-31,0,8806420007719
2022-05-27,인카인겔,(주)퍼슨,2022-05-18,유연물질 발생으로 인한 안정성 우려,국내 동일 성분 함량 기허가 제품이 2품목 허가 및 시판중으로 환자의 적시 사용 및 환자치료에 미치는 영향은 크지 않을 것으로 사료됨.,충분한 제품연구 후 재발매,2022-08-22,2022-05-26,937,"8806574014229,8806574016629"
2022-05-16,빈다켈캡슐20밀리그램(타파미디스메글루민염),한국화이자제약(주),2022-06-10,수입 예정 물량 지연에 따라 공급부족 예상 (상세 내용 첨부),"1. 대체치료제 없는 희귀의약품으로 공급지연시 환자 복용 가능한 의약품이 존재하지 않음 2. 빈다켈의 대상 적응증 ‘트랜스티레틴 가족성 아밀로이드 다발신경병증’은 아밀로이드가 축적됨에 따라 진행성이며 비가역적인 특징을 가지고 있으며, 당해 의약품은 아밀로이드 단백질이 침착되어 생기는 증상 및 질병의 진행을 늦추는 역할을 하고 있음. (상세 내용 첨부)",신규 배치 생산 가속화 및 공급 정상화를 위해 노력중,2022-09-30,2022-05-10,107,"8806489029103,8806489029110"
2022-04-28,피아스프플렉스터치주100단위/밀리리터(인슐린아스파트),노보노디스크제약(주),2022-05-09,노보 노디스크 본사 공장의 생산물량 부족으로 인한 일시적 발생입니다. 재고 정보(2022.04.27 기준) • 자사재고량: 1404팩 (7020펜) • 거래도매상재고: 쥴릭파마 502팩(2510펜) * 포장단위: 5펜/팩,"하기의 자사 동일성분 제품으로 대체 가능하며, 하기 제품의 재고는 문제없습니다. - 바이알 제형: 피아스프주 100단위/밀리리터(인슐린아스파트), 노보래피드주 100단위/밀리리터(인슐린아스파트) - 펜형: 노보래피드 플렉스펜주 100단위/밀리리터(인슐린아스파트)","일시적 품절로 7월 중 다시 공급될 예정이며, 앞으로의 원활한 제품공급을 위해 제조소 추가 등록 민원신청(4/30 신청예정)도 계획하고 있습니다.",2022-06-29,2022-04-27,7020,8806544005820
2022-04-28,노보믹스50플렉스펜주 100단위/밀리리터,노보노디스크제약(주),2022-07-04,"금번 품절은 Novo Nordisk A/S 공장 이전 계획으로 인하여 공장의 생산 중단으로 발생하게 되었습니다. 재고상황 • 자사재고량 : 4406팩 (22,030펜) • 거래도매상재고: 쥴릭파마 380팩 (1,900펜) * 포장단위: 5펜/팩","노보믹스 50 플렉스펜주 100단위/밀리리터와 성분은 동일하고 활성물질용량 비율만 다른 제품, 노보믹스 30 플렉스펜주 100단위/밀리리터(인슐린아스파트, 유전자재조합)의 재고는 문제없음을 알려드리며, 향후 환자분께서는 전문의료인과의 진료를 통해 치료 방향을 결정하실 것을 권고드립니다.",폐사에서는 사안의 중대성을 인식하여 생산공장 추가 등록(식약처 민원접수번호: 20210297646) 업무 진행을 통해 제품의 공급 정상화를 위해 노력하고 있습니다.,2025-12-31,2022-04-28,22030,8806544003321
2022-04-27,케이콘틴서방정(염화칼륨),동광제약(주),2022-04-18,"제품 생산에 필요한 부형제 (Cetostearyl alcohol, 제조원:BASF) 선적지연","동일성분, 동일적응증을 보유한 염화칼슘주사액이 허가 및 생산되고 있어 대체 가능할 것으로 사료됨","제품 생산에 필요한 부형제 (Cetostearyl alcohol, 제조원:BASF) 선적지연 이슈 해결후 국내 자사공장 입고시 즉각 생산후 공급예정",2022-05-31,2022-04-18,0,8806459051400
2022-04-27,이즈바점안액0.003%(트라보프로스트),한국노바티스(주),2022-04-18,생산 및 수입 일정 지연으로 인하여 한시적으로 공급이 지연,"거래 도매상들에 약 3주 정도의 재고가 남아 있는 것으로 파악되며, 최대한 빠른 시간에 출하 진행 후 영향이 없도록 조치하겠습니다.",5월 13일 품절해지예정,2022-06-03,2022-04-26,187,8806536031219
2022-04-27,비지파크주320밀리그람(요오딕사놀),지이헬스케어에이에스한국지점,2022-05-19,공급 부족 원인 : 중국 코로나 확산으로 상하이 제조소 운영 일시 중단에 의한 공급 지연,중단이 지속된다면 환자가 의약품을 공급 받는데 차질이 생길 수 있습니다.,상하이의 코로나 확산에 의한 제조소 생산 일시 중단이 풀리는 대로 빠른 시일 내에 공급을 재개,2022-06-07,2022-04-27,470,8806463000319
2022-04-27,비지파크주270밀리그람(요오딕사놀),지이헬스케어에이에스한국지점,2022-05-21,공급 부족 원인 : 중국 코로나 확산으로 상하이 제조소 운영 일시 중단에 의한 공급 지연,중단이 지속된다면 환자가 의약품을 공급 받는데 차질이 생길 수 있습니다.,상하이의 코로나 확산에 의한 제조소 생산 일시 중단이 풀리는 대로 빠른 시일 내에 공급을 재개,2022-06-07,2022-04-27,679,8806463000227
2022-04-26,액틱구강정200마이크로그램(펜타닐시트르산염),현대약품(주),2022-05-09,수입 지연에 따른 일시적 공급 차질,본제품의 구성성분은 효능효과가 동일한 약제가 많이 처방되어 있어 환자 치료에 문제가 발생될 가능성은 없을 것으로 판단됨.,추가 생산 및 공급을 통해 22년 6월 1일 정상화 예상됨.,2022-06-01,2022-04-26,171,8806420007719
2022-04-25,하브릭스주(A형간염백신),(주)글락소스미스클라인,2021-10-26,"GSK는 한국에서 공급되고 있는 자사 백신들의 등록 내역의 정확성을 확인하기 위하여 일련의 점검 활동을 정기적으로 수행하고 있습니다. 현재 진행 중인 점검 과정에서 일 부 오류가 발견되었습니다. 본 사안은 제품의 안전성, 품질, 특성, 순도 및 효능에 영 향을 미치지 않는 문서상의 오류이지만, GSK는 관련 규정에 따라 해당 제품들의 추가 적인 수입 및 출고를 일시적으로 전면 중단하였습니다.","일시적 공급 중단 조치로 인하여 GSK 백신 공급에 일정 기간 차질이 예상됩니다. 현재 한국에 공급되고 있는 A형간염 (소아용) 백신은 아래와 같습니다. 1. 사노피파스퇴르코리아(주) - 아박심80U소아용주 2. 한국엠에스디(주) - 박타프리필드시린지, 박타주 현재 한국에 공급되고 있는 A형간염 (성인용) 백신은 아래와 같습니다. 1. 사노피파스퇴르코리아(주) - 아박심160U소아용주 2. 한국엠에스디(주) - 박타프리필드시린지","GSK는 최대한 신속하게 백신 공급을 재개하기 위해 오류 수정에 필요한 절차를 진행하고 있습니다. 현재 한국에 공급되고 있는 A형간염 (소아용) 백신은 아래와 같습니다. 1. 사노피파스퇴르코리아(주) - 아박심80U소아용주 2. 한국엠에스디(주) - 박타프리필드시린지, 박타주 현재 한국에 공급되고 있는 A형간염 (성인용) 백신은 아래와 같습니다. 1. 사노피파스퇴르코리아(주) - 아박심160U소아용주 2. 한국엠에스디(주) - 박타프리필드시린지",2023-02-01,2022-04-25,372386,"8806500015108,8806500015115,8806500015122,8806500018000,8806500018017,8806500019403,8806500019410,8806500019427,8806500018024"
2022-04-25,"프리오릭스주(홍역,유행성이하선염및풍진혼합생바이러스백신)",(주)글락소스미스클라인,2021-10-26,"GSK는 한국에서 공급되고 있는 자사 백신들의 등록 내역의 정확성을 확인하기 위하여 일련의 점검 활동을 정기적으로 수행하고 있습니다. 현재 진행 중인 점검 과정에서 일 부 오류가 발견되었습니다. 본 사안은 제품의 안전성, 품질, 특성, 순도 및 효능에 영 향을 미치지 않는 문서상의 오류이지만, GSK는 관련 규정에 따라 해당 제품들의 추가 적인 수입 및 출고를 일시적으로 전면 중단하였습니다.",일시적 공급 중단 조치로 인하여 GSK 백신 공급에 일정 기간 차질이 예상됩니다. 현재 한국에 공급되고 있는 MMR 백신은 아래와 같습니다. 1. 한국엠에스디(주) - 엠엠알Ⅱ주,GSK는 최대한 신속하게 백신 공급을 재개하기 위해 오류 수정에 필요한 절차를 진행하고 있습니다. 현재 한국에 공급되고 있는 MMR 백신은 아래와 같습니다. 1. 한국엠에스디(주) - 엠엠알Ⅱ주,2023-09-15,2022-04-25,513020,"8806500014200,8806500014217,8806500014224,8806500014231,8806500014309,8806500014316,8806500014408,8806500014415,8806500014248"
2022-04-25,"인판릭스아이피브이힙주(흡착 디프테리아, 파상풍 톡소이드, 정제 백일해, 개량 불활화 폴리오 및 헤모필루스 인플루엔자 비형·파상풍 톡소이드 접합 혼합백신)",(주)글락소스미스클라인,2021-10-26,"GSK는 한국에서 공급되고 있는 자사 백신들의 등록 내역의 정확성을 확인하기 위하여 일련의 점검 활동을 정기적으로 수행하고 있습니다. 현재 진행 중인 점검 과정에서 일 부 오류가 발견되었습니다. 본 사안은 제품의 안전성, 품질, 특성, 순도 및 효능에 영 향을 미치지 않는 문서상의 오류이지만, GSK는 관련 규정에 따라 해당 제품들의 추가 적인 수입 및 출고를 일시적으로 전면 중단하였습니다.",일시적 공급 중단 조치로 인하여 GSK 백신 공급에 일정 기간 차질이 예상됩니다. 현재 한국에 공급되고 있는 DTaP-IPV/Hib 백신은 아래와 같습니다. 1. 사노피파스퇴르코리아(주) - 펜탁심,GSK는 최대한 신속하게 백신 공급을 재개하기 위해 오류 수정에 필요한 절차를 진행하고 있습니다. 현재 한국에 공급되고 있는 DTaP-IPV/Hib 백신은 아래와 같습니다. 1. 사노피파스퇴르코리아(주) - 펜탁심,2023-04-15,2022-04-25,177611,"8806500031702,8806500031733,8806500031740,8806500031726,8806500031719"
2022-04-25,"인판릭스아이피브이프리필드시린지(흡착 디프테리아, 파상풍 톡소이드, 정제 백일해 및 개량 불활화 폴리오 혼합백신)",(주)글락소스미스클라인,2021-10-26,"GSK는 한국에서 공급되고 있는 자사 백신들의 등록 내역의 정확성을 확인하기 위하여 일련의 점검 활동을 정기적으로 수행하고 있습니다. 현재 진행 중인 점검 과정에서 일 부 오류가 발견되었습니다. 본 사안은 제품의 안전성, 품질, 특성, 순도 및 효능에 영 향을 미치지 않는 문서상의 오류이지만, GSK는 관련 규정에 따라 해당 제품들의 추가 적인 수입 및 출고를 일시적으로 전면 중단하였습니다.",일시적 공급 중단 조치로 인하여 GSK 백신 공급에 일정 기간 차질이 예상됩니다. 현재 한국에 공급되고 있는 DTaP-IPV 백신은 아래와 같습니다. 1. 사노피파스퇴르코리아(주) - 테트락심 2. ㈜보령바이오파마 - 보령디티에이피아이피브이백신,GSK는 최대한 신속하게 백신 공급을 재개하기 위해 오류 수정에 필요한 절차를 진행하고 있습니다. 현재 한국에 공급되고 있는 DTaP-IPV 백신은 아래와 같습니다. 1. 사노피파스퇴르코리아(주) - 테트락심 2. ㈜보령바이오파마 - 보령디티에이피아이피브이백신,2023-04-15,2022-04-25,0,"8806500027309,8806500027316,8806500027323"
2022-04-25,신플로릭스(폐렴구균 단백질 D(NTHi) 접합백신) 프리필드시린지,(주)글락소스미스클라인,2021-10-26,"GSK는 한국에서 공급되고 있는 자사 백신들의 등록 내역의 정확성을 확인하기 위하여 일련의 점검 활동을 정기적으로 수행하고 있습니다. 현재 진행 중인 점검 과정에서 일 부 오류가 발견되었습니다. 본 사안은 제품의 안전성, 품질, 특성, 순도 및 효능에 영 향을 미치지 않는 문서상의 오류이지만, GSK는 관련 규정에 따라 해당 제품들의 추가 적인 수입 및 출고를 일시적으로 전면 중단하였습니다.",일시적 공급 중단 조치로 인하여 GSK 백신 공급에 일정 기간 차질이 예상됩니다. 현재 한국에 공급되고 있는 폐렴구균(단백결합) 백신은 아래와 같습니다. 1. 한국화이자제약(주) - 프리베나13주,GSK는 최대한 신속하게 백신 공급을 재개하기 위해 오류 수정에 필요한 절차를 진행하고 있습니다. 현재 한국에 공급되고 있는 폐렴구균(단백결합) 백신은 아래와 같습니다. 1. 한국화이자제약(주) - 프리베나13주,2022-11-15,2022-04-25,182501,"8806500024100,8806500024117,8806500024124"
2022-04-25,"부스트릭스프리필드시린지(성인용 흡착디프테리아, 파상풍 톡소이드 및 정제백일해 혼합 백신)",(주)글락소스미스클라인,2021-10-26,"GSK는 한국에서 공급되고 있는 자사 백신들의 등록 내역의 정확성을 확인하기 위하여 일련의 점검 활동을 정기적으로 수행하고 있습니다. 현재 진행 중인 점검 과정에서 일 부 오류가 발견되었습니다. 본 사안은 제품의 안전성, 품질, 특성, 순도 및 효능에 영 향을 미치지 않는 문서상의 오류이지만, GSK는 관련 규정에 따라 해당 제품들의 추가 적인 수입 및 출고를 일시적으로 전면 중단하였습니다.",일시적 공급 중단 조치로 인하여 GSK 백신 공급에 일정 기간 차질이 예상됩니다. 현재 한국에 공급되고 있는 Tdap 백신은 아래와 같습니다. 1. 사노피파스퇴르코리아(주) - 아다셀주,GSK는 최대한 신속하게 백신 공급을 재개하기 위해 오류 수정에 필요한 절차를 진행하고 있습니다. 현재 한국에 공급되고 있는 Tdap 백신은 아래와 같습니다. 1. 사노피파스퇴르코리아(주) - 아다셀주,2023-04-01,2022-04-25,987056,"8806500019601,8806500019618,8806500019625"
2022-04-25,로타릭스 프리필드(경구용 약독화 로타 생바이러스 백신),(주)글락소스미스클라인,2021-10-26,"GSK는 한국에서 공급되고 있는 자사 백신들의 등록 내역의 정확성을 확인하기 위하여 일련의 점검 활동을 정기적으로 수행하고 있습니다. 현재 진행 중인 점검 과정에서 일 부 오류가 발견되었습니다. 본 사안은 제품의 안전성, 품질, 특성, 순도 및 효능에 영 향을 미치지 않는 문서상의 오류이지만, GSK는 관련 규정에 따라 해당 제품들의 추가 적인 수입 및 출고를 일시적으로 전면 중단하였습니다.",일시적 공급 중단 조치로 인하여 GSK 백신 공급에 일정 기간 차질이 예상됩니다. 현재 한국에 공급되고 있는 로타 바이러스 백신은 아래와 같습니다. 1. 한국엠에스디(주) - 로타텍액,GSK는 최대한 신속하게 백신 공급을 재개하기 위해 오류 수정에 필요한 절차를 진행하고 있습니다. 현재 한국에 공급되고 있는 로타 바이러스 백신은 아래와 같습니다. 1. 한국엠에스디(주) - 로타텍액,2023-02-15,2022-04-25,280020,"8806500028702,8806500028719,8806500028726"
2022-04-15,리나치올캡슐375밀리그램(카르보시스테인)(수출명:HyundiolCapsule375Mg),현대약품(주),2022-04-30,수요량 증가로 인한 일시적 공급 차질,본제품의 구성성분은 효능효과가 동일한 약제가 많이 처방되어 있어 환자 치료에 문제가 발생될 가능성은 없을 것으로 판단됨.,추가 생산 및 공급을 통해 22년 5월 31일 정상화 예상됨.,2022-05-31,2022-04-15,1952,8806420002523
2022-04-15,리나치올시럽5%(카르보시스테인)(수출명:HyundiolSyrup5%),현대약품(주),2022-04-30,수요량 증가로 인한 일시적 공급 차질,본제품의 구성성분은 효능효과가 동일한 약제가 많이 처방되어 있어 환자 치료에 문제가 발생될 가능성은 없을 것으로 판단됨.,추가 생산 및 공급을 통해 22년 7월 15일 정상화 예상됨.,2022-08-31,2022-04-15,800,8806420002219
2022-04-07,만세프주1그램(세파만돌나페이트),에이프로젠제약(주),2022-04-07,"DMF 등록 공고된 원료로 생산을 해야하나, 현재 만세프주1그램 허가사항에 DMF 등록 공고된 원료가 없음. 허가사항 변경 완료 후 생산 재게 예정.","자사 해당 품목의 항생제와 동일한 주성분으로 하는 품목 중 생산중인 제품은 없으나, 2세대 세팔로스포린계 항생제인 (신풍)신세프주, (영진)메이세린주 등이 등재되어 있으며 동 제품이 계속 생산, 공급되는 경우 자사 제품의 공급 중단 이후에도 공급부족 발생 가능성은 낮을 것임.","허가상에 DMF 등록번호 추가로 인한 허가변경 민원수리 완료된 후, 즉시 생산 재게할 예정.",2022-12-26,2022-04-07,10,8806452039528
2022-03-21,안드로쿨정(시프로테론아세테이트),바이엘코리아(주),2022-06-15,"원료의약품(API) 부족 호르몬 제제의 바이엘 글로벌 공급 네트워크의 생산 제약(capacity constraint)으로 발생하였으며 호르몬 제품의 제제, 포장의 특수성으로 인해 단기간에 생산량을 늘리거나 많은 양의 제품을 다른 제조원으로 이동시키는 것이 가능하지 않습니다. 이러한 상황으로 인하여 안드로쿨의 수입, 공급 지연이 예상됩니다.",대체가능한 약제들이 많아 환자 치료에는 큰 영향이 없을 것으로 예상됩니다.,환자에게 미치는 영향을 최소화하기 위해 의료기관 및 도매상에 공급지연 관련 내용을 고지할 예정이며 적절하게 대체제로 전환하여 처방할 수 있도록 안내할 예정입니다. 아사에서는 국내 안드로쿨의 공급을 최대한 빠르게 재개할 수 있도록 본사 및 제조소와 함께 최선의 노력을 다할 것 입니다.,2023-01-30,2022-03-15,3757,"8806411006806,8806411006813,8806411006820,8806411006837,8806411006844"
2022-03-18,화이자데페록사민메실레이트주500mg,한국화이자제약(주),2022-04-18,제조원의 생산 지연으로 인한 품절,데페록사민은 국내에 유일한 만성 및 급성 철분중독 Parenteral 투여 가능 약제입니다.,"제조원의 생산 지연으로 인해, 4 월 18 일에서 5 월 9 일 사이에 화이자데페록사민메실레이트주 500mg 의 품절이 예상됩니다. 품절기간 중 잔여 도매상 재고를 통해 시장에의 영향을 최소화하고자 하며, 하루빨리 신규배치를 출하할 수 있도록 노력하겠습니다.",2022-05-09,2022-03-18,202,8806489032028
2022-03-15,세트로타이드주0.25밀리그램(세트로렐릭스아세트산염),머크(주),2022-04-01,세트로타이드주 0.25 밀리그램의 완제의약품 제조소의 생산 수급이 원활하지 않아 일시적으로 공급이 중단될 예정입니다.,‘세트로타이드주0.25밀리그램’은 세트로렐릭스아세트산염으로서 난모세포 채취 및 보조생식술을 수반하는 체외수정시술시 과배란 유도(Controlled Ovarian Stimulation)에서 미성숙난자의 배란방지를 효능효과로 하는 의약품입니다. 대체 가능한 약물로서 ㈜베키오바이오젠의 ‘유레릭스주0.25밀리그램’이 시판 중에 있어 환자 치료에는 큰 영향이 없을 것으로 예상됩니다.,"폐사에서는 제품의 원활한 공급을 위해 모든 사전 조치를 취하고 있으며, 제조소에서의 생산이 원활해지면, 2022년 4월 15일 이후부터 정상적인 국내 공급이 예상됩니다.",2022-04-25,2022-03-14,171,8806617002022
2022-03-03,영풍다나졸200mg캡슐,영풍제약(주),2022-05-01,경인지방식품의약품안전청 제조업무정지 (22년 1월 14일부터 22년 6월 28일) 명령에 따라 당해 제품의 생산이 잠정 중단될 예정입니다. 본 명령에 따라 생산ㆍ공급재개 일정은 행정처분 종료일 이후에 생산하여 공급이 재개되는 대로 안정적인 의약품공급을 위해 만전을 기하도록 하겠습니다.,경인지방식품의약품안전청 제조업무정지 (22년 1월 14일부터 22년 6월 28일) 명령에 따라 당해 제품의 생산이 잠정 중단될 예정입니다. 본 명령에 따라 생산ㆍ공급재개 일정은 행정처분 종료일 이후에 생산하여 공급이 재개되는 대로 안정적인 의약품공급을 위해 만전을 기하도록 하겠습니다.,"상기 제품의 재고 소진 시점은 2022 년 05 월 01일까지 예상하고 있으며, 재고 소진 시점 이후에는 생산․ 공급이 불가능 할 것으로 사료되며, 행정처분이 종료된 후 생산재개 하여 의약품공급이 될 수 있도록 최선을 다하겠습니다. 현재 영풍제약 보유재고 247,350ea(30캡슐 1385ea / 100캡슐 2058ea)",2022-09-30,2022-03-02,"247,350",8806619010001
2022-02-24,대원아미노필린정(아미노필린수화물),대원제약(주),2022-06-01,주성분 제조원 원료 입고 지연에 따라 공급부족이 예상됩니다.,동일 성분 및 유사 적응증의 타사 제품이 생산/유통되고 있어 영향이 크지 않을 것으로 사료됩니다.,주성분 원료 입고 이후 제품 생산하여 23년 2월 공급 재개 예정입니다.,2023-02-01,2022-02-24,11978,"8806718005106,8806718005113,8806718005120"
2022-02-22,오메크린크림(퍼메트린),(주)대웅제약,2022-03-02,"- 제조처의 생산 문제, 원료 수급 문제에 따름",일시적인 품절(약 1달)로 큰 영향은 없을것으로 사료됨,"- 3월초 생산, 4월 입고 및 출하 예정",2022-04-04,2022-02-21,1437,"8806416059906,8806416059913"
2022-02-18,아큐베일점안액0.45%(케토롤락트로메타민염)(1회용),한국엘러간(주),2022-02-03,"본 제품의 해외제조원에서 생산 및 출하가 지연되고 있습니다. 이로 인해 제품의 수입이 지연되고 있어, 일시적으로 품절이 예상되고 있습니다.",공급부족으로 인하여 백내장 수술 후 염증을 예방하기 위하여 본 제품을 투여하는 환자들의 치료에 영향이 있을 수 있습니다.,당사는 공급 정상화를 위해 제조원과 긴밀히 연락하여 있습니다. 본 제품을 투여하는 환자들의 치료에 미치는 영향을 최소화하기 위하여 가능한 빨리 공급을 재개할 수 있도록 최선을 다할 것입니다,2022-04-08,2022-02-18,70,"8806794002204,8806794002211,8806794002228"
2022-02-18,라스타카프트점안액0.25%(알카프타딘),한국엘러간(주),2022-02-03,"본 제품의 해외제조원에서 생산 및 출하가 지연되고 있습니다. 이로 인해 제품 수입이 지연되고 있으며, 국내 수요는 증가하고 있어, 일시적으로 품절이 예상되고 있습니다.","공급부족으로 인하여 알레르기성 결막염의 가려움증 예방을 위하여 본 제품을 투여하는 환자들의 치료에 영향이 있을 수 있으나, 동일한 효능 효과(알레르기성 결막염)가 있는 타사 제품이 시중에 공급 중이므로, 환자에게 미치는 영향은 없을 것으로 사료됩니다.",당사는 공급 정상화를 위해 제조원과 긴밀히 연락하고 있습니다. 본 제품을 투여하는 환자들의 치료에 미치는 영향을 최소화하기 위하여 가능한 빨리 공급을 재개할 수 있도록 최선을 다할 것입니다.,2022-04-15,2022-02-18,58,"8806794002303,8806794002327"
2022-02-16,잘트랩주25mg/mL(애플리버셉트),(주)사노피-아벤티스코리아,2022-02-15,"잘트랩주25mg/mL(애플리버셉트) 1 바이알/상자(바이알(4mL)) 포장단위 제품의 월 평균 출하량은 320개 수준(작년 기준)이며, 해당 포장단위 제품은 2021년 12월 6일 및 2022년 2월 3일 두 차례에 걸쳐 국내 수입된 상태로, 현재 출하시험에 사용되는 표준품의 수입 및 FBS 시약에 대해 유효기간을 연장하는 qualification 시험 보고서 작성이 지연됨에 따라, 출하가 지연되고 있습니다.","잘트랩주25mg/mL(애플리버셉트)는 다음과 같은 적응증에 사용되는 의약품입니다. - 이리노테칸 및 5-FU를 기본으로 하는 화학요법(FOLFIRI)과 병용하여, 옥살리플라틴을 포함하는 화학요법 치료에 저항성이거나 이후 진행된 전이성 결장직장암의 치료 잘트랩주25mg/mL(애플리버셉트) 1 바이알/상자(바이알(4mL)) 포장단위 제품의 공급부족으로 인하여 상기 해당하는 환자들에 대한 영향이 있을 것으로 예상되오며, 현재 해당 품목의 1 바이알/상자(바이알(8mL)) 포장단위 제품은 정상 공급되고 있으므로 공급부족 기간 동안 대체 가능할 수 있을 것으로 예상됩니다.","잘트랩주25mg/mL(애플리버셉트) 1 바이알/상자(바이알(4mL)) 포장단위 제품의 월 평균 출하량은 320개 수준(작년 기준)이며, 해당 포장단위 제품은 2021년 12월 6일 및 2022년 2월 3일 두 차례에 걸쳐 국내 수입된 상태로, 현재 출하시험에 사용되는 표준품의 수입 및 FBS 시약에 대해 유효기간을 연장하는 qualification 시험 보고서 작성이 지연됨에 따라, 출하가 지연되고 있습니다. 이에 아사에서는 의약품의 공급 부족으로 인하여 환자들에게 미치는 영향을 최소화 하고 출하 시험을 조속히 완료하여 2022년 3월 8일에는 해당 포장단위 제품의 공급을 재개할 수 있도록 최선의 노력을 다하겠습니다.",2022-03-08,2022-02-16,6,"8806520009309,8806520009316"
2022-02-11,아이비글로불린에스엔주10%(글리신 첨가 사람면역글로불린[pH4.8]),(주)녹십자,2022-02-14,"국가출하승인 완료 후, 출하 검토 중 의도치않게 표시기재 오류가 확인되었습니다. 이로 인해 현재 출하 보류 상태로, 일시적 수급 불안을 야기하게 되었습니다.","이번 일시적 수급불안 품목은 아이비글로불린에스엔주10% 10ml 용량입니다. 부득이하게 품절이 예상되지만, 타 용량이 존재하고 있으며, 동일성분의 타치료제도 존재하기에 환자치료에 미치는 영향은 크지않을 것으로 판단됩니다.","당 건 재포장 및 국가출하승인 재진행 전제로 식약처와 논의중에 있으며, 최대한 빠르게 이슈 해소하고자 노력하고 있습니다. 국가출하승인 재진행 시, 신청일정 및 승인일정 단축을 통해 shortage 기간을 최소화하고자 합니다.",2022-03-19,2022-02-11,229,8806436053915
2022-02-04,파세타주(프로파세타몰염산염),신풍제약(주),2022-02-14,무균작업장 개조 및 공조 변경에 따른 GMP 실사(2022.01.17~2022.01.20)로 GMP 적합 판정 완료시까지 파세타주 생산 불가 (식약처 현장실태조사 공문 첨부) 생산재개 전까지 재고 소진 시 공급부족 발생 가능성 있음.,".파세타주는 해열,진통,소염제로 분류된 품목이며, 통증이나 고열로 인하여 신속하게 투여할 필요가 있거나 다른 경로로 투여할 수 없는 경우 1. 외과 수술 후 통증, 2. 발열의 단기간 치료에 사용되고 있습니다. 이 경우 아세트아미노펜 등과 같은 유사한 효능효과를 가진 의약품으로 사용이 가능하여 환자 치료에 영향이 미비할 것으로 사료됩니다.",2022.03 GMP 보완자료 제출 예정(심사기간 : 45~60일) 2022.05 GMP 적합 판정 예상 (약 2분기 파세타주 생산 재개),2022-06-13,2022-02-04,"100,170","8806485065921,8806485065938"
2022-01-28,코다론주사(아미오다론염산염),(주)사노피-아벤티스코리아,2022-02-11,"코다론주사의 출하시 진행하는 시험 중 무균시험의 시약이 품절이 되어, 2월20일부터 완제 의약품 공급에 품절이 예상됩니다. 해외 시약 공급처와 긴밀한 협의를 통해 신 속히 시약을 공급받을 수 있도록 최대한 노력하고 있으나, 3월 중순에 시약을 수신할 것으로 예상됩니다.","코다론주사(아미오다론염산염)의 효능/효과는 아래와 같습니다. - 심방성부정맥, 심실성부정맥, 기타 다른 부정맥용제로 치료되지 않는 재발성중증부정맥 - 신속한 반응이 요구되거나 경구투여가 불가능한 경우에 투여한다 코다론주사는 다른 부정맥용제로 치료되지 않을 경우 사용되는 약제로 대체제가 거의 없습니다. 특히 심부전을 동반한 심방세동, 심실빈맥 등 의 경우 대체할 수 있는 약제가 없어 해당 환자들의 경우 코다론주사 의 품절로 인한 영향이 직접적이며 매우 클 것으로 예상됩니다.","해외 시약 공급처와 긴밀한 협의를 통해 신 속히 시약을 공급받을 수 있도록 최대한 노력하고 있으나, 3월 중순에 시약을 수신할 것으로 예상됩니다. 3월 중순에 시약을 수신하면 4월 중순에 공급이 정상화 될 것으로 예상됩니다. 빠른 시일 내 시약을 수신하여 무균시험을 수행하 고, 공급을 정상화하여 완제품 공급을 재개할 예정입니다. 국내 코다론주사의 공급을 최대한 빠르게 재개할 수 있도록 본사 및 시약 공급처와 함께 최선을 노력을 다하겠습니다.",2022-04-15,2022-01-28,5711,"8806520004502,8806520004519,8806520004526"
2022-01-28,"사이람자주10밀리그램/밀리리터(라무시루맙,유전자재조합)",한국릴리(유),2022-02-24,제조소의 제조 및 출하 일정 지연으로 인한 일시적 공급 차질,부족기간동안 동일 농도의 용량만 다른 포장단위(500mg/50mL 바이알)을 처방할 수 있도록 할 예정으로 환자치료에 미치는 영향은 없을 것으로 예상함.,"제조소에서의 포장 작업 및 출하가 완료되어 한국으로의 shipping이2022년 2월 11일에예상되고 있고, 국내에 수입되자마자 즉각적으로 출하시험을 진행하여 최대한 빠른 공급을 계획하고 있음. * 공급정상화 예상 일자는 2022 년 3 월 7 일 이지만, 이는 모든 병원으로의 제품 공급 정상화 기준이고, 2022년 3월 4일부터 일부 병원부터 순차적으로 제품이 공급될 것입니다.",2022-03-07,2022-01-28,195,8806708010110
2022-01-18,녹십자-파이브리노겐주(건조사람피브리노겐),(주)녹십자,2022-01-06,"본 의약품의 경우 파이브리노겐 동결건조 제제 본품과 함께 주사용수가 동봉되어 있는 제품으로, 동봉되는 주사용수의 경우 위탁생산하고 있습니다. 파이브리노겐 본품의 경우 2021년 12월 15일 3 Lot(약 3000vial)제조 완료된 상태이나 위탁생산업체의 주사용수 공급 부족으로 인해 시장 공급이 지연되고 있습니다.","본 제품은 외과처치, 선천성 저 및 무피브리노겐혈증 등의 저피브리노겐 혈정에 사용되며 대체의약품이 전혀 없습니다. 다만, 현재 해당 의약품이 필수적으로 필요한 환자들을 위하여 혈우재단을 통하여 월 평균 50 vial씩 공급되고 있으며, 현재 재고품을 고려하였을 때 약 10개월 간 원활한 공급이 가능합니다. 또한, 허가받은 적응증에만 사용될 경우 공급에 문제가 발생하지 않으므로 환자 치료에 영향을 미치는 경우는 없었고, 간혹 공급이 한 두달 정도 부족하였을 경우라도 환자치료에 문제는 없었습니다.",현재 본품의 2021년 12월 15일 까지 3 Lots (약 3000 vial) 제조 완료된 상태로 위탁업체의 주사용수 공급(4월 예상) 즉시 국가검정시험을 진행하여 최대한 빠른 일정으로 공급할 예정이오니 양해를 부탁드립니다.,2022-12-31,2022-01-10,540,8806436008212
2022-01-13,나벨빈주(비노렐빈타르타르산염),부광약품(주),2022-04-01,공급부족 관련 사유서 첨부(공문 및 사유서),의사의 판단에 따라 적절한 치료 regimen을 변경하여 환자의 치료를 받을 수 있도록 해야 함,2022년 4월경부터 순차적으로 재공급 가능할 것으로 예상,2022-04-30,2022-01-13,295,"8806422000503,8806422000510,8806422000527,8806422000602,8806422000725,8806422000626,8806422000701,8806422000718,8806422000619"
2022-01-11,타이로젠주(티로트로핀알파),(주)사노피-아벤티스코리아,2022-02-01,"물량의 수입이 지연됨에 따라 수급이 불안정한 상태로, 2월 1일부터 공급 부족이 예상됩니다.","타이로젠주(티로트로핀알파)는 다음과 같은 적응증에 사용되는 희귀의약품입니다. 공급부족으로 인하여 아래 해당하는 환자들에 대한 영향이 있을 것으로 예상됩니다. - 갑상선암의 재발 가능성 및 전이 여부 진단을 위한 갑상선 글로불린테스트 또는 전신 스캐닝 시에, 단시간 내 갑상선자극호르몬의 적정 혈중농도 도달을 위해 사용 - 갑상선암 절제환자의 잔재 갑상선 조직 제거 시 치료목적으로 방사성 요오드와 함께 사용","타이로젠주(티로트로핀알파)는 희귀의약품으로서 해당 완제의약품의 공급부족으로 인한 환자 치료에 미치는 영향을 인지하고 있으며, 2월 24일 공급을 원활하게 재개하는 것을 목표로 하고 있습니다. 아사에서는 타이로젠주(티로트로핀알파)를 필요로 하는 환자들에게 미치는 영향을 최소화하기 위해 의료기관 및 도매상과 긴밀히 소통하고, 공급을 최대한 빠르게 재개할 수 있도록 본사 및 제조소와 함께 최선의 노력을 다하겠습니다.",2022-03-02,2022-01-10,172,"8806520012903,8806520012927,8806520012910"
2022-01-07,욘델리스주사1.0밀리그램(트라벡테딘),(주)메디팁,2021-09-01,2021년 8월 4일 (주)한국얀센으로부터 양도양수 받은 이후 제조원 허가변경 및 해외제조소 등록 완료를 위해 일시적으로 중단 상태에 있음.,"연조직 육종의 치료에 있어 1군 항암제 단독 또는 병용요법으로서 Doxorubicin, Dacarbazine, Ifosfamide 등이 고려될 수 있음. 또한 이전에 화학요법을 투여받은 진행성 연조직 육종에 보트리엔트정 200mg, 400mg(파조파닙염산염)도 제한적으로 사용될 수 있음",2021년 8월 4일 (주)한국얀센으로부터 양도양수 받은 이후 제조원 허가변경 및 해외제조소 등록 완료를 위해 일시적으로 중단 상태에 있음. 현재 해외제조소 등록 중으로 해당 절차 완료 후 수입 예정임,2022-04-29,2022-01-07,0,8806948001817
2022-01-05,동인당인도시아닌그린주,동인당제약(주),2022-02-01,이 약은 2002년 12월 31일 허가부터 위탁생산으로 국내에서 유일하게 생산(동결건조 주사제)하여 왔습니다. 2021년 돌연 수탁생산처의 사정으로 인하여 생산 중단이 되었습니다.,해당 제품의 대체제로 제일약품의 디아그노그린주(인도시아닌그린)이 있습니다.,자사에서는 위탁생산처와 함께 하루속히 공급 재개를 위해 최선을 다할 것입니다.,2022-07-01,2021-12-28,0,8806641002319
2021-12-24,"여보이주50밀리그램/10밀리리터(이필리무맙, 유전자재조합)",(유)한국비엠에스제약,2021-12-20,여보이주50밀리그램/10밀리리터의 처방량이 예상보다 급격히 늘어남과 동시에 제조소에서의 제조 일정도 지연이 되어 국내에 수입이 되지 않고 있습니다.,"현재 예상으로 2021년 12월20일 주에서 공급 재개가 되는 2022년 1월 20일 전까지 공급 부족이 예상됩니다. 환자들에 대한 영향을 최소화하기 위해 의약품 도매 및 의료기관에 신속하게 알리고 있으며, 국내 잔여 재고는 꼭 필요한 환자들에게 우선 투여할 수 있도록 안내하겠습니다.","본사 및 제조소(Catalent)와 협업하여 제조소에서의 제조일정, 출하, 한국으로의 배송을 앞당기도록 협의 중에 있습니다.",2022-01-20,2021-12-14,44,"8806587006402,8806587006419"
2021-12-24,보톡스주(클로스트리디움 보툴리눔 독소 A형),한국엘러간(주),2021-11-23,보톡스주의 국가검정 처리 연장으로 인하여 일시 품절,"보톡스주의 공급 부족으로 인하여, 환자 치료(경부근긴장이상, 만성편두통과 뇌졸중 후 상지경직 등)의 지연을 야기할 가능성이 있음.","국가 검정이 처리 완료된 후에 공급이 다시 가능할 것으로 예상되며, 처에 협조하여 국가 검정 중에 있는 로트의 국검 시험의 진행이 원활하게 될 수 있도록 할 예정임.",2022-02-17,2021-12-24,0,8806794000316
2021-12-23,파이콤파현탁액0.5mg/mL(페람파넬),한국에자이(주),2021-12-23,제조소 포장자재 수급지연으로 수입예정 물량의 출하 지연,동일성분 및 허가사항을 갖고 있는 정제 제형으로 전환이 가능하여 기존 환자의 치료지연에 대한 우려는 적음,지연된 수입 물량에 대해 2월 초 출하예정 및 이후의 공급부족 방지를 위한 추가발주 진행,2022-02-07,2021-12-23,16,8806211002510
2021-12-21,스티바에이크림0.05%(트레티노인),(주)글락소스미스클라인,2021-12-14,공급처에서 Validation testing 진행으로 인한 추가 공급이 연기 되었습니다.,"심상성 여드름(보통 여드름) 및 광노화(미세주름, 과색소침착 및 거친피부)완화를 위해 스티바에이를 사용한 환자들에 대해서 다른 치료제를 통한 치료가 필요합니다.",원활한 공급을 위해 본사와 지속적인 communication을 진행하고 내부적으로도 계속 논의중에 있습니다.,2022-03-24,2021-11-30,706,8806500025725
2021-12-20,듀아비브정0.45/20밀리그램,한국화이자제약(주),2020-05-12,"현 제품의 질소 충전을 잘 유지할 수 있는 새로운 형태의 포장으로 대체하기 위한 평가를 진행하고 있으며, 이로 인한 생산 지연으로 재공급 시점이 지연될 예정입니다.","동일한 성분의 대체 약제는 없으나, 폐경 증상 치료제로서 G03C 프로기노바, G03F 크리멘, 안젤릭, 크리안, 디비나, 인디비나, G03X 리비알 등 다른 대체제가 있습니다. 폐경 후 골다공증 예방 약제로는 비비안트, 에비스타 등 대체제가 있습니다.",폐사는 즉각적인 시정 및 예방 조치를 취하여 빠른 공급 정상화를 위해 노력하고 있습니다. 현재로서 가장 빠른 일정으로 2023년 하반기에 공급이 다시 가능할 것으로 사료됩니다.,2023-07-03,2021-12-20,0,8806489028311
2021-12-15,데놀정(비스무트시트르산염칼륨),(주)녹십자,2021-12-07,"- 12월 초 제품 공급을 목표로 10월 원료 발주를 진행하였으나, COVID-19 팬데믹 상황으로 인한 물류 유통의 제약 및 원료 시험 지연 등으로 인해 원료 입고가 지연됨. - 11월 초 당시 데놀정 보유재고는 '22년 1월 3주차까지의 공급 물량으로 공급 중단을 예상하지 못하였으나, 11월 판매량 증가 및 원료 수급 문제로 인해 제품 공급부족 발생","소화성 궤양(위, 십이지장 궤양)은 H2 Blocker 및 양성자펌프억제제(PPI) 등의 대체의약품이 존재하여 시장의 공급 부족은 없을 것으로 판단됨",'22년 1월 2주차부터 공급 재개 예정,2022-01-14,2021-12-15,0,8806436009004
2021-12-14,"여보이주50밀리그램/10밀리리터(이필리무맙, 유전자재조합)",(유)한국비엠에스제약,2021-12-20,여보이주50밀리그램/10밀리리터의 처방량이 예상보다 급격히 늘어남과 동시에 제조소에서의 제조 일정도 지연이 되어 국내에 수입이 되지 않고 있습니다.,"현재 예상으로는 2021년 12월 20일 주에서 2022년 1월 10일 주까지 약 3주간 부족이 예상도비니다. 환자들에 대한 영향을 최소화하기 위해 의약품 도매 및 의료기관에 신속하게 알리고 있으며, 국내 잔여 재고는 꼭 필요한 환자들에게 우선 투여할 수 있도록 안내하겠습니다.","본사 및 제조소와 협업하여 제조소에서의 제조일정, 출하, 한국으로의 배송을 앞당기도록 협의중에 있습니다.",2022-01-16,2021-12-14,44,"8806587006402,8806587006419"
2021-12-09,파이콤파현탁액0.5mg/mL(페람파넬),한국에자이(주),2021-12-09,제조소 포장자재 수급지연으로 수입예정 물량의 출하 지연,동일성분 및 허가사항을 갖고 있는 정제 제형으로 전환이 가능하여 기존 환자의 치료지연에 대한 우려는 적음,지연된 수입 물량에 대해 2월 말 출하예정 및 이후의 공급부족을 예방방지를 위한 추가발주 진행,2022-02-28,2021-12-09,50,8806211002510
2021-11-29,"퓨레곤펜주(폴리트로핀베타,재조합난포자극호르몬)",한국오가논(주),2021-12-01,"현재 판매 중인 폐사의 퓨레곤 900IU의 수요가 증대하여 빠르게 공급을 하려 하였으나, 추가 물량을 확보하는 데 어려움이 있어 한시적으로 공급이 지연될 예정입니다.","의료기관에서 보유하고 있는 재고가 있으므로 12월 10일경부터 퓨레곤 900IU의 원내 품절이 예상됩니다만, 공급 부족이 예상되는 퓨레곤 900IU 외에 주성분 및 함량이 동일한 다른 용량의 제품(600IU)이 유통되고 있으므로 환자의 치료에 지장이 없을 것으로 판단됩니다.",11월 11일 자로 수입된 물량은 현재 공급 전 수입자 시험 중에 있습니다. 12월 23일부터 공급 재개 예정입니다.,2021-12-23,2021-11-29,2,8800731001015
2021-11-29,코자엑스큐정5/50밀리그램,한국오가논(주),2021-11-18,원료의 불순물 검출 결과를 제조사로부터 전달 받아 2021년 11월 18일부터 선제적으로 출하 중지 하였습니다.,"동일 성분, 동일 용량의 타사 제품이 시장에 다수 존재하므로, 환자 치료에 영향이 없을 것으로 판단 됩니다.",다른 제조소에서 생산된 원료를 사용한 완제 의약품으로 2022년 1월 24일부터 공급 재개할 예정입니다.,2022-01-24,2021-11-29,0,"8800731000315,8800731000322"
2021-11-29,코자엑스큐정5/100밀리그램,한국오가논(주),2021-11-18,원료의 불순물 검출 결과를 제조사로부터 전달 받아 2021년 11월 18일부터 선제적으로 출하 정지 하였습니다.,"동일 성분, 동일 용량의 타사 제품이 시장에 다수 존재하므로, 환자 치료에 영향이 없을 것으로 판단 됩니다.",다른 제조소에서 생산된 원료를 사용한 완제 의약품으로 2022년 1월 24일부터 공급 재개할 예정입니다.,2022-01-24,2021-11-29,0,"8800731000117,8800731000124"
2021-11-29,코자엑스큐정10/50밀리그램,한국오가논(주),2021-11-18,원료의 불순물 검출 결과를 재조사로부터 전달 받아 2021년 11월 18일부터 선제적으로 출하 중지 하였습니다.,"동일 성분, 동일 용량의 타사 제품이 시장에 다수 존재하므로, 환자 치료에 영향이 없을 것으로 판단됩니다.",다른 제조소에서 생산된 원료를 사용한 완제 의약품으로 2022년 1월 24일로부터 공급 재개할 예정입니다.,2022-01-24,2021-11-29,0,8800731000414
2021-11-15,아브락산주(파클리탁셀),세엘진(유),2021-12-20,"세엘진(유)에서는 세 차례에 걸쳐 아래와 같이 귀 처에 아브락산주 (파클리탁셀)의 공급부족을 보고 드렸습니다. -1차 공급부족보고: 2021년 5월 14일 -2차 공급부족보고: 2021년 8월 4일 -3차 공급부족보고: 2021년 9월 27일 2021년 11월에 제소소의 정상화를 기대하였으나, 해당 제조소의 원인 조사와 재가동이 재차 지연되어 잠재적 공급 부족이 추가로 예상됩니다.","현재 국내에 이용가능한 재고는 7850바이알이며, 4730바이알을 11월 내로 추가로 수입할 예정입니다. 조사 대상에 포함되어 계류 중인 재고 중 한국에 배정된 제조번호는 6200965A, 6200968 및 6200979가 있으며, 약 66,000 바이알입니다. 가. 제조소가 12월 중에 정상화되고, 계류 중인 3개의 제조번호가 모두 출하가 가능할 경우 공급부족은 발생하지 않을 것으로 예상됩니다. 나. 제조소가 12월 중에 정상화되나, 계류 중인 3개의 제조번호가 출하가 불가능할 경우, 2022년 12월 4주부터 최소 수 개월간 공급부족이 예상됩니다.","계류 중인 물량의 출하가 불가능할 경우, 최소 수개월의 공급부족이 예상됩니다. 제조소에서는 조사를 신속하게 완료하고, 시정 및 예방조치를 완수하는 것을 최우선 순위에 두고 있으며, 이에 따라 생산 일정이 결정되므로 계류 중인 3개의 제조번호가 출하가 불가능할 경우 공급 재개일은 현재로서는 파악이 어려움을 양해 부탁드립니다.",2022-07-01,2021-11-15,7850,8806918000918
2021-11-09,나라돌주500(설프로스톤),바이엘코리아(주),2022-06-10,"“나라돌주500(설프로스톤)” 품목의 공급부족을 보고합니다. 이는 현 앰플 제형에서 바이알 제형으로 스위칭하는 과정에서 발생하였으며, 바이알 제형은 현재 신규품목허가 심사중에 있습니다. 마지막 생산한 앰플 제형의 사용기한이 만료되고, 새로운 바이알 제형이 품목허가 되어 시장에 공급되기까지 수입, 공급 지연이 예상됩니다.","“나라돌주500(설프로스톤)”은 프로스타글란딘 E2(PGE2)의 유사체인 설프로스톤(sulprostone) 500ug이 함유되어 있으며, 자궁수축제의 일종으로써 1. 치료목적의 유산유도 및 태아의 자궁내 사망시 분만유도, 2. 출산 후 이완성 자궁출혈에 사용됩니다. 유사한 적응증을 가진 자궁수축제의 종류로 옥시토신(oxytocin), 카베토신(carbetocin), 메틸 에르고노빈(methylergonovine), 미소프로스톨(misoprostol, PGE1) 등이 있으며 임상적 상황 및 환자 상태에 따라 선택됩니다.","도매상과 주요 의료전문가에게 공급 지연 관련 내용을 공문으로 고지할 예정이며, 그 기간동안 적절하게 대체제로 전환하여 처방될 수 있도록 안내드릴 것입니다. 그와 관련하여 사전에, 전문가 집단의 의견 수렴을 통해, 실제적으로 어떤 제품이 대체제가 될 수 있는 지 자문을 얻고 정보를 전달할 수 있도록 준비하겠습니다.",2022-09-30,2021-11-08,6921,"8806411004208,8806411004215,8806411004222"
2021-10-26,하브릭스주(A형간염백신),(주)글락소스미스클라인,2021-10-26,"GSK는 한국에서 공급되고 있는 자사 백신들의 등록 내역의 정확성을 확인하기 위하여 일련의 점검 활동을 정기적으로 수행하고 있습니다. 현재 진행 중인 점검 과정에서 일 부 오류가 발견되었습니다. 본 사안은 제품의 안전성, 품질, 특성, 순도 및 효능에 영 향을 미치지 않는 문서상의 오류이지만, GSK는 관련 규정에 따라 해당 제품들의 추가 적인 수입 및 출고를 일시적으로 전면 중단하였습니다.","일시적 공급 중단 조치로 인하여 GSK 백신 공급에 일정 기간 차질이 예상됩니다. 현재 한국에 공급되고 있는 A형간염 (소아용) 백신은 아래와 같습니다. 1. 사노피파스퇴르코리아(주) - 아박심80U소아용주 2. 한국엠에스디(주) - 박타프리필드시린지, 박타주 현재 한국에 공급되고 있는 A형간염 (성인용) 백신은 아래와 같습니다. 1. 사노피파스퇴르코리아(주) - 아박심160U소아용주 2. 한국엠에스디(주) - 박타프리필드시린지","현재 한국에 공급되고 있는 A형간염 (소아용) 백신은 아래와 같습니다. 1. 사노피파스퇴르코리아(주) - 아박심80U소아용주 2. 한국엠에스디(주) - 박타프리필드시린지, 박타주 현재 한국에 공급되고 있는 A형간염 (성인용) 백신은 아래와 같습니다. 1. 사노피파스퇴르코리아(주) - 아박심160U소아용주 2. 한국엠에스디(주) - 박타프리필드시린지",2023-01-05,2021-10-26,372516,"8806500015108,8806500015115,8806500015122,8806500018000,8806500018017,8806500019403,8806500019410,8806500019427,8806500018024"
2021-10-26,"프리오릭스주(홍역,유행성이하선염및풍진혼합생바이러스백신)",(주)글락소스미스클라인,2021-10-26,"GSK는 한국에서 공급되고 있는 자사 백신들의 등록 내역의 정확성을 확인하기 위하여 일련의 점검 활동을 정기적으로 수행하고 있습니다. 현재 진행 중인 점검 과정에서 일 부 오류가 발견되었습니다. 본 사안은 제품의 안전성, 품질, 특성, 순도 및 효능에 영 향을 미치지 않는 문서상의 오류이지만, GSK는 관련 규정에 따라 해당 제품들의 추가 적인 수입 및 출고를 일시적으로 전면 중단하였습니다.",일시적 공급 중단 조치로 인하여 GSK 백신 공급에 일정 기간 차질이 예상됩니다. 현재 한국에 공급되고 있는 MMR 백신은 아래와 같습니다. 1. 한국엠에스디(주) - 엠엠알Ⅱ주,현재 한국에 공급되고 있는 MMR 백신은 아래와 같습니다. 1. 한국엠에스디(주) - 엠엠알Ⅱ주,2024-01-05,2021-10-26,"513,040","8806500014200,8806500014217,8806500014224,8806500014231,8806500014309,8806500014316,8806500014408,8806500014415,8806500014248"
2021-10-26,"인판릭스아이피브이힙주(흡착 디프테리아, 파상풍 톡소이드, 정제 백일해, 개량 불활화 폴리오 및 헤모필루스 인플루엔자 비형·파상풍 톡소이드 접합 혼합백신)",(주)글락소스미스클라인,2021-10-25,"GSK는 한국에서 공급되고 있는 자사 백신들의 등록 내역의 정확성을 확인하기 위하여 일련의 점검 활동을 정기적으로 수행하고 있습니다. 현재 진행 중인 점검 과정에서 일 부 오류가 발견되었습니다. 본 사안은 제품의 안전성, 품질, 특성, 순도 및 효능에 영 향을 미치지 않는 문서상의 오류이지만, GSK는 관련 규정에 따라 해당 제품들의 추가 적인 수입 및 출고를 일시적으로 전면 중단하였습니다.",일시적 공급 중단 조치로 인하여 GSK 백신 공급에 일정 기간 차질이 예상됩니다. 현재 한국에 공급되고 있는 DTaP-IPV/Hib 백신은 아래와 같습니다. 1. 사노피파스퇴르코리아(주) - 펜탁심,현재 한국에 공급되고 있는 DTaP-IPV/Hib 백신은 아래와 같습니다. 1. 사노피파스퇴르코리아(주) - 펜탁심,2023-06-30,2021-10-25,"177,611","8806500031702,8806500031733,8806500031740,8806500031726,8806500031719"
2021-10-26,"인판릭스아이피브이프리필드시린지(흡착 디프테리아, 파상풍 톡소이드, 정제 백일해 및 개량 불활화 폴리오 혼합백신)",(주)글락소스미스클라인,2021-10-25,"GSK는 한국에서 공급되고 있는 자사 백신들의 등록 내역의 정확성을 확인하기 위하여 일련의 점검 활동을 정기적으로 수행하고 있습니다. 현재 진행 중인 점검 과정에서 일 부 오류가 발견되었습니다. 본 사안은 제품의 안전성, 품질, 특성, 순도 및 효능에 영 향을 미치지 않는 문서상의 오류이지만, GSK는 관련 규정에 따라 해당 제품들의 추가 적인 수입 및 출고를 일시적으로 전면 중단하였습니다.",일시적 공급 중단 조치로 인하여 GSK 백신 공급에 일정 기간 차질이 예상됩니다. 현재 한국에 공급되고 있는 DTaP-IPV 백신은 아래와 같습니다. 1. 사노피파스퇴르코리아(주) - 테트락심 2. ㈜보령바이오파마 - 보령디티에이피아이피브이백신,현재 한국에 공급되고 있는 DTaP-IPV 백신은 아래와 같습니다. 1. 사노피파스퇴르코리아(주) - 테트락심 2. ㈜보령바이오파마 - 보령디티에이피아이피브이백신,2023-06-30,2021-10-25,0,"8806500027309,8806500027316,8806500027323"
2021-10-26,신플로릭스(폐렴구균 단백질 D(NTHi) 접합백신) 프리필드시린지,(주)글락소스미스클라인,2021-10-26,"GSK는 한국에서 공급되고 있는 자사 백신들의 등록 내역의 정확성을 확인하기 위하여 일련의 점검 활동을 정기적으로 수행하고 있습니다. 현재 진행 중인 점검 과정에서 일 부 오류가 발견되었습니다. 본 사안은 제품의 안전성, 품질, 특성, 순도 및 효능에 영 향을 미치지 않는 문서상의 오류이지만, GSK는 관련 규정에 따라 해당 제품들의 추가 적인 수입 및 출고를 일시적으로 전면 중단하였습니다.",일시적 공급 중단 조치로 인하여 GSK 백신 공급에 일정 기간 차질이 예상됩니다. 현재 한국에 공급되고 있는 폐렴구균(단백결합) 백신은 아래와 같습니다. 1. 한국화이자제약(주) - 프리베나13주,현재 한국에 공급되고 있는 폐렴구균(단백결합) 백신은 아래와 같습니다. 1. 한국화이자제약(주) - 프리베나13주,2023-01-05,2021-10-26,"182,501","8806500024100,8806500024117,8806500024124"
2021-10-26,서바릭스프리필드시린지[인유두종바이러스백신(유전자재조합)],(주)글락소스미스클라인,2021-10-26,"GSK는 한국에서 공급되고 있는 자사 백신들의 등록 내역의 정확성을 확인하기 위하여 일련의 점검 활동을 정기적으로 수행하고 있습니다. 현재 진행 중인 점검 과정에서 일 부 오류가 발견되었습니다. 본 사안은 제품의 안전성, 품질, 특성, 순도 및 효능에 영 향을 미치지 않는 문서상의 오류이지만, GSK는 관련 규정에 따라 해당 제품들의 추가 적인 수입 및 출고를 일시적으로 전면 중단하였습니다.",일시적 공급 중단 조치로 인하여 GSK 백신 공급에 일정 기간 차질이 예상됩니다. 현재 한국에 공급되고 있는 HPV 백신은 아래와 같습니다. 1. 한국엠에스디(주) - 가다실프리필드시린지,현재 한국에 공급되고 있는 HPV 백신은 아래와 같습니다. 1. 한국엠에스디(주) - 가다실프리필드시린지,2023-01-05,2021-10-26,16839,"8806500018802,8806500018819,8806500018826"
2021-10-26,"부스트릭스프리필드시린지(성인용 흡착디프테리아, 파상풍 톡소이드 및 정제백일해 혼합 백신)",(주)글락소스미스클라인,2021-10-26,"GSK는 한국에서 공급되고 있는 자사 백신들의 등록 내역의 정확성을 확인하기 위하여 일련의 점검 활동을 정기적으로 수행하고 있습니다. 현재 진행 중인 점검 과정에서 일 부 오류가 발견되었습니다. 본 사안은 제품의 안전성, 품질, 특성, 순도 및 효능에 영 향을 미치지 않는 문서상의 오류이지만, GSK는 관련 규정에 따라 해당 제품들의 추가 적인 수입 및 출고를 일시적으로 전면 중단하였습니다.",일시적 공급 중단 조치로 인하여 GSK 백신 공급에 일정 기간 차질이 예상됩니다. 현재 한국에 공급되고 있는 Tdap 백신은 아래와 같습니다. 1. 사노피파스퇴르코리아(주) - 아다셀주,현재 한국에 공급되고 있는 Tdap 백신은 아래와 같습니다. 1. 사노피파스퇴르코리아(주) - 아다셀주,2023-01-05,2021-10-26,"987,056","8806500019601,8806500019618,8806500019625"
2021-10-26,"멘비오[(수막구균 A,C,W135,Y)- CRM197단백 접합 백신]",(주)글락소스미스클라인,2021-10-26,"GSK는 한국에서 공급되고 있는 자사 백신들의 등록 내역의 정확성을 확인하기 위하여 일련의 점검 활동을 정기적으로 수행하고 있습니다. 현재 진행 중인 점검 과정에서 일 부 오류가 발견되었습니다. 본 사안은 제품의 안전성, 품질, 특성, 순도 및 효능에 영 향을 미치지 않는 문서상의 오류이지만, GSK는 관련 규정에 따라 해당 제품들의 추가 적인 수입 및 출고를 일시적으로 전면 중단하였습니다.",일시적 공급 중단 조치로 인하여 GSK 백신 공급에 일정 기간 차질이 예상됩니다. 현재 한국에 공급되고 있는 수막구균 백신은 아래와 같습니다. 1. 사노피파스퇴르코리아(주) - 메낙트라,현재 한국에 공급되고 있는 수막구균 백신은 아래와 같습니다. 1. 사노피파스퇴르코리아(주) - 메낙트라,2022-06-01,2021-10-26,80575,"8806500030804,8806536023207,8806500030835,8806536023214,8806500030842,8806536023221,8806500030828,8806500030811"
2021-10-26,로타릭스 프리필드(경구용 약독화 로타 생바이러스 백신),(주)글락소스미스클라인,2021-10-26,"GSK는 한국에서 공급되고 있는 자사 백신들의 등록 내역의 정확성을 확인하기 위하여 일련의 점검 활동을 정기적으로 수행하고 있습니다. 현재 진행 중인 점검 과정에서 일 부 오류가 발견되었습니다. 본 사안은 제품의 안전성, 품질, 특성, 순도 및 효능에 영 향을 미치지 않는 문서상의 오류이지만, GSK는 관련 규정에 따라 해당 제품들의 추가 적인 수입 및 출고를 일시적으로 전면 중단하였습니다.",일시적 공급 중단 조치로 인하여 GSK 백신 공급에 일정 기간 차질이 예상됩니다. 현재 한국에 공급되고 있는 로타 바이러스 백신은 아래와 같습니다. 1. 한국엠에스디(주) - 로타텍액,현재 한국에 공급되고 있는 로타 바이러스 백신은 아래와 같습니다. 1. 한국엠에스디(주) - 로타텍액,2023-01-05,2021-10-26,"280,020","8806500028702,8806500028719,8806500028726"
2021-10-15,포탈락산(락티톨수화물),(주)유한양행,2021-12-20,주성분 원료 수급 지연에 따른 공급 부족,"현재 포탈락산(락티톨수화물)은 도매상, 병원 등에 제품 재고가 일부 공급되어 있습니다. 또한, 동 품목과 동일한 적응증을 가진 시럽제가 시중에 다수 유통되고 있으므로 공급정상화 예상일자까지 동 품목을 대체하여 사용 가능하며, 환자 치료에 미치는 영향 또한 적을 것으로 사료됩니다.",원료 입고 후 조속히 완제품 생산 진행하여 빠른 시일 내에 품목 공급이 정상화될 수 있도록 하겠습니다.,2022-01-10,2021-10-14,2301,"8806421043204,8806421043211,8806421043228"
2021-10-15,유한락티톨산,(주)유한양행,2021-12-20,주성분 원료 수급 지연에 따른 공급 부족,"유한락티톨산은 간성혼수에 쓰이는 전문의약품입니다. 시중에 동일 적응증을 가진 시럽제 품목들이 다수 판매되고 있으므로 환자에 미치는 영향이 크지 않을 것으로 판단됩니다. 또한 이미 공급된 제품이 도매상, 병원, 약국에 일부 재고로 있으므로 환자의 불편이 크지 않을 것으로 생각합니다.",원료 입고 후 조속히 완제품 생산 진행하여 빠른 시일 내에 품목 공급이 정상화될 수 있도록 하겠습니다.,2022-01-10,2021-10-14,"4,564","8806421040609,8806421040616,8806421040623"
2021-09-27,아브락산주(파클리탁셀),세엘진(유),2021-09-28,아브락산주(파클리탁셀) 제조소의 제조 공정 상에 잠재적인 일탈이 확인되어 조사 대상에 포함된 로트의 출하가 보류되었습니다.,"현재 예상으로 2021년 9월 4주에서 10월 1주까지 약 2주간 공급 부족이 예상됩니다. 환자들에 대한 영향을 최소화하기 위해 의약품 도매 및 의료기관에 신속하게 알리고 있으며, 국내 잔여 재고는 꼭 필요한 환자들에게 우선 투여할 수 있도록 안내하겠습니다.","2021년 9월 15일에 신규로트(10,000 바이알)가 수입되어 현재 국내에서 품질검사를 진행하고 있으며, 2021년 10월 8일에 완료예정입니다. 이에 따라 공급 재개는 2021년 10월 11일로 예상됩니다.",2021-10-11,2021-09-27,0,8806918000918
2021-09-15,타이로젠주(티로트로핀알파),(주)사노피-아벤티스코리아,2021-09-17,"물량의 수입이 지연됨에 따라 수급이 불안정한 상태로, 9월 17일 부터 공급 부족이 예상됩니다.","타이로젠주(티로트로핀알파)는 다음과 같은 적응증에 사용되는 희귀의약품입니다. 공급부족으로 인하여 아래 해당하는 환자들에 대한 영향이 있을 것으로 예상됩니다. - 갑상선암의 재발 가능성 및 전이 여부 진단을 위한 갑상선 글로불린테스트 또는 전신 스캐닝 시에, 단시간 내 갑상선자극호르몬의 적정 혈중농도 도달을 위해 사용 - 갑상선암 절제환자의 잔재 갑상선 조직 제거 시 치료목적으로 방사성 요오드와 함께 사용","타이로젠주(티로트로핀알파)는 희귀의약품으로서 해당 완제의약품의 공급부족으로 인한 환자 치료에 미치는 영향을 인지하고 있으며, 9월 24일 공급을 원활하게 재개하는 것을 목표로 하고 있습니다. 아사에서는 타이로젠주(티로트로핀알파)를 필요로 하는 환자들에게 미치는 영향을 최소화하기 위해 의료기관 및 도매상과 긴밀히 소통하고, 공급을 최대한 빠르게 재개할 수 있도록 본사 및 제조소와 함께 최선의 노력을 다하겠습니다.",2021-09-24,2021-09-14,4,"8806520012903,8806520012927,8806520012910"
2021-09-13,조믹정2.5밀리그램(졸미트립탄),한국아스트라제네카(주),2021-12-01,국내로 조믹정을 공급하는 제조소가 변경되어 변경허가 기간 동안의 재고를 미리 수입하였으나 예상보다 많이 판매되어 공급부족이 발생할 것으로 예상됩니다.,"조믹정 2.5밀리그램은 선택적 5-HT 수용체 작용제로서 다음의 동효제제가 존재합니다: 나라믹정(Naratriptan), 이미그란정(Sumatriptan), 미가드정(Frovatriptan), 알모그란정(Almotriptan) 위의 의약품들은 모두 조믹정과 동일 혹은 유사한 효능효과를 가지고 있으며, 복용방법에서도 큰 차이를 보이지 않습니다. 따라서, 조믹정의 생산.수입.공급 중단 시 환자에게 미칠 것으로 예상되는 큰 우려사항은 없습니다.","제조소 추가 변경허가가 승인됨에 따라, 향후 수입 일정을 최대한 앞당길 수 있도록 노력하겠습니다.",2022-03-07,2021-09-12,44834,"8806507004716,8806507004709"
2021-09-02,프리마코주(밀리논),(주)사노피-아벤티스코리아,2021-09-03,"물량의 수입이 지연됨에 따라 수급이 불안정한 상태로, 9월 3일부터 공급부족이 예상됩니다.","프리마코주(밀리논)은 아래와 같은 적응증에 사용되는 의약품입니다. 공급부족으로 인하여 아래 해당하는 환자들에 대한 영향이 있을 것으로 예상됩니다. ○ 성인: - 다른 약물(경구용 디기탈리스류 강심제, 이뇨제, 혈관이완제)에 반응하지 않는 중증의 울혈심부전의 단기 치료 - 심장수술 후 저심박출량을 포함한 급성 심부전 ○ 13세 미만 소아: - 다른 약물(경구용 디기탈리스류 강심제, 이뇨제, 혈관이완제)에 반응하지 않는 중증의 울혈심부전의 단기 치료(35시간까지) - 심장수술 후 저심박출량을 포함한 급성 심부전의 단기 치료(35시간까지)","밀리논 성분의 완제의약품이 아사가 유일한만큼 아사에서는 프리마코주(밀리논)의 공급부족에 대해 심각성을 인지하고 있으며, 9월 17일에는 원활한 공급을 재개하는 것을 목표로 하고 있습니다. 프리마코주(밀리논)을 필요로 하는 환자들에게 미치는 영향을 최소화하기 위해 아사는 의료기관 및 도매상과 긴밀히 소통할 것입니다. 국내 프리마코주(밀리논)의 공급을 최대한 빠르게 재개할 수 있도록 본사 및 제조소와 함께 최선의 노력을 다하겠습니다.",2021-10-12,2021-09-01,88,"8806520005608,8806520005615,8806520005622"
2021-08-30,"가다실9프리필드시린지[인유두종바이러스9가(6,11,16,18,31,33,45,52,58형)백신(유전자재조합)]",한국엠에스디(주),2021-10-08,접종량 증가로 인한 일시적 공급 차질,1. 가다실9의 공급지연으로 기존 접종 스케줄에 접종을 못하는 사례가 발생하여 환자와 병원에 혼선이 발생. 2. 필요한 환자에게 접종을 못하게 되어 HPV감염으로 인한 질환 위험도가 증가함.,국가검정중인 로트를 최대한 신속하게 출하 할 수 있도록 논의중,2021-10-25,2021-08-27,223646,8806555019304
2021-08-04,아브락산주(파클리탁셀),세엘진(유),2021-08-25,"지난 2021년 5월 14일자로 귀 처에 아브락산주(파클리탁셀)의 공급부족을 한 차례 보고 (CK-REG-2021-013) 드렸습니다. 6월 이후 공급 정상화를 기대하였으나, 해당 제조소의 원인 조사와 정상화 과정이 지연되어 잠재적 공급 부족이 추가로 예상됩니다","2021년 8월에 수입이 예정되어 있던 로트가 조사 지연 및 정상화 지연에 따라 출하가 보류됨에 따라, 새로운 로트의 수입이 필요합니다. 조사 결과에 따라 추후 변동이 될 수 있으나, 현재 예상으로 2021년 8월 3주에서 9월 1주까지 약 2-3주간 공급 부족이 예상됩니다. 환자들에 대한 영향을 최소화하기 위해 의약품 도매 및 의료기관에 신속하게 안내하고 있으며, 국내 잔여 재고는 꼭 필요한 환자들에게 우선 투여할 수 있도록 하겠습니다.","대체 로트를 준비 중이며, 공급 정상화는 현재 파악 가능한 정보를 기준으로 2021년 9월 9일로 예상되나, 일정을 단축하기 위하여 전사적인 노력을 기울이고 있습니다. 또한, 제조소의 조사가 완료되거나, 공급 부족과 관련한 추가정보가 확인되는 대로 다시 알려드리겠습니다",2021-09-09,2021-07-31,5563,8806918000918
2021-08-02,리리카CR서방정330밀리그램(프레가발린),한국화이자제약(주),2021-07-22,제조원의 공급 issue로 인하여 일시적인 품절 상황이 발생하였습니다.,리리카CR서방정82.5mg 및 165mg 제형은 정상 공급중으로 환자 치료에 미칠 영향은 적을 것으로 사료됩니다.,"이전 공급부족보고 이후, 8월 말 해당 제품의 자진회수가 진행되었습니다. 제조원 조사가 현재에도 진행중이며, 원인파악 및 재발방지 조치 수립 이후에 재공급 일정이 확정될 예정입니다.",2021-10-30,2021-08-02,0,8806489034015
2021-07-27,프리마코주(밀리논),(주)사노피-아벤티스코리아,2021-07-27,"물량의 수입이 지연됨에 따라 수급이 불안정한 상태로, 7월 27일부터 공급부족이 예상됩니다.","프리마코주(밀리논)은 아래와 같은 적응증에 사용되는 의약품입니다. 공급부족으로 인하여 아래 해당하는 환자들에 대한 영향이 있을 것으로 예상됩니다. ○ 성인: - 다른 약물(경구용 디기탈리스류 강심제, 이뇨제, 혈관이완제)에 반응하지 않는 중증의 울혈심부전의 단기 치료 - 심장수술 후 저심박출량을 포함한 급성 심부전 ○ 13세 미만 소아: - 다른 약물(경구용 디기탈리스류 강심제, 이뇨제, 혈관이완제)에 반응하지 않는 중증의 울혈심부전의 단기 치료(35시간까지) - 심장수술 후 저심박출량을 포함한 급성 심부전의 단기 치료(35시간까지)","밀리논 성분의 완제의약품이 아사가 유일한만큼 아사에서는 프리마코주(밀리논)의 공급부족에 대해 심각성을 인지하고 있으며, 8월 중순에는 원활한 공급을 재개하는 것을 목표로 하고 있습니다. 프리마코주(밀리논)을 필요로 하는 환자들에게 미치는 영향을 최소화하기 위해 아사는 의료기관 및 도매상과 긴밀히 소통할 것입니다. 국내 프리마코주(밀리논)의 공급을 최대한 빠르게 재개할 수 있도록 본사 및 제조소와 함께 최선의 노력을 다하겠습니다.",2021-08-13,2021-07-26,885,"8806520005608,8806520005615,8806520005622"
2021-07-14,소나조이드주(과플루오르부탄),지이헬스케어에이에스한국지점,2021-08-25,노르웨이 제조소 원료 공급 부족으로 인한 생산 지연으로 인하여 공급 부족 예정입니다.,대체제로 소노뷰주가 있습니다.,현재 생산현황 기준으로 새로 수입될 제조번호의 출하 예상 시기는 2021년 9월 27일입니다.,2021-09-27,2021-07-13,658,8806463002115
2021-05-14,아브락산주(파클리탁셀),세엘진(유),2021-06-07,아브락산주(파클리탁셀) 제조소의 제조 공정 상에 잠재적인 일탈이 확인되어 조사 대상에 포함된 로트의 출하가 보류되었습니다.,"2021년 5월초에 수입이 예정되어 있던 로트가 조사 대상에 포함되어 출하가 보류됨에 따라, 새로운 로트의 수입이 필요합니다. 조사 결과에 따라 추후 변동이 될 수 있으나, 현재 예상으로 2021년 6월초에서 중순까지 약 1-2주간 공급 부족이 예상됩니다. 환자들에 대한 영향을 최소화하기 위해 의약품 도매 및 의료기관에 신속하게 안내하고 있으며, 국내 잔여 재고는 꼭 필요한 환자들에게 우선 투여할 수 있도록 하겠습니다.","대체 로트를 준비 중이며, 공급 정상화는 현재 파악 가능한 정보를 기준으로 6월 21일로 예상됩니다.",2021-06-21,2021-05-14,"2,658",8806918000918
2021-05-13,카프렐사정300밀리그램(반데타닙),(주)사노피-아벤티스코리아,2021-05-17,"물량의 수입이 지연됨에 따라 수급이 불안정한 상태로, 5월 17일부터 공급부족이 예상됩니다.","카프렐사정300밀리그램(반데타닙)은 다음과 같은 적응증에 사용되는 희귀의약품입니다. - 증상이 있는, 절제 불가능한 국소 진행성 또는 전이성 갑상선 수질암의 치료 공급부족으로 인하여 상기 해당하는 환자들에 대한 영향이 있을 것으로 예상되오며, 아사에서는 현재 카프렐사정100밀리그램(반데타닙)도 수입하고 있으므로 공급부족 기간 동안 대체 가능할 수 있을 것으로 예상됩니다.",아사에서는 2021년 6월 중순에 카프렐사정300밀리그램을 수입할 예정입니다.,2021-06-10,2021-05-13,3,"8806520012309,8806520012316"
2021-05-13,에나폰정5밀리그램(아미트리프틸린염산염),환인제약(주),2021-07-31,원료의약품의 공급 이슈로 단기 품절이 예상됩니다.,동일성분 타사 제품 공급중으로 영향이 없을 것으로 사료됩니다.,폐사에서는 공급정상화를 위해 노력하고 있으며 현 시점 8월말 공급 재개될 것으로 사료됩니다.,2021-08-31,2021-05-13,"10,375","8806572026415,8806572026422"
2021-05-13,에나폰정10밀리그램(아미트리프틸린염산염),환인제약(주),2021-07-16,원료의약품의 공급 이슈로 단기 품절이 예상됩니다.,동일 성분 및 용량의 타사 제품이 생산/유통되고 있어 영향이 없을 것으로 사료됩니다.,폐사에서는 공급정상화를 위해 노력하고 있으며 현 시점 8월말 공급 재개될 것으로 사료됩니다.,2021-08-31,2021-05-13,"1,197","8806572005038,8806572005045"
2021-05-06,환인트라조돈염산염캡슐,환인제약(주),2021-07-16,주성분 제조원 원료 입고 지연에 따름,동일 성분 및 용량의 타사 제품이 생산/유통되고 있어 환자 치료에 미치는 영향 없을 것으로 판단하였습니다.,주성분 원료 입고 이후 제품 생산하여 8월말 공급 재개 예정입니다.,2021-09-30,2021-05-06,8972,8806572010841
2021-04-29,유리토스정(이미다페나신),(주)엘지화학,2021-05-21,"2021년 4월 21일자 대전지방식품의약품안전청 제조 및 판매 중지 명령에 따라 당해 제품의 공급이 잠정 중단되었습니다. 본 명령에 따른 공급 재개 일정은 아직 미정이나, 공급이 재개되는대로 본 공급부족 조치를 취소하여 안정적인 의약품 공급을 위해 만전을 기하도록 하겠습니다.","식약처의 의약품 점정 제조/판매 중지 명령에 따른 공급 재개 일정은 아직 미정이나, 공급이 재개되는대로 본 공급부족 조치를 취소하여 안정적인 의약품 공급을 위해 만전을 기하도록 하겠습니다.","2021년 4월 21일자 대전지방식품의약품안전청 제조 및 판매 중지 명령에 따라 당해 제품의 공급이 잠정 중단되었습니다. 본 명령에 따른 공급 재개 일정은 아직 미정이나, 공급이 재개되는대로 본 공급부족 조치를 취소하여 안정적인 의약품 공급을 위해 만전을 기하도록 하겠습니다. 현재 종근당 보유재고 약 50,000ea(기초재고 1,524ea + 4/19일 입고된 3batch 48,000ea)",2021-11-30,2021-04-23,50000,"8806689015609,8806689015616,8806689015623"
2021-04-23,베자립정(베자피브레이트),(주)종근당,2021-04-30,"2021년 4월 21일자 대전지방식품의약품안전청 제조 및 판매 중지 명령에 따라 당해 제품의 공급이 잠정 중단되었습니다. 본 명령에 따른 공급 재개 일정은 아직 미정이나, 공급이 재개되는대로 본 공급부족 조치를 취소하여 안정적인 의약품 공급을 위해 만전을 기하도록 하겠습니다.","2021년 4월 21일자 대전지방식품의약품안전청 제조 및 판매 중지 명령에 따라 당해 제품의 공급이 잠정 중단되었습니다. 본 명령에 따른 공급 재개 일정은 아직 미정이나, 공급이 재개되는대로 본 공급부족 조치를 취소하여 안정적인 의약품 공급을 위해 만전을 기하도록 하겠습니다.","2021년 4월 21일자 대전지방식품의약품안전청 제조 및 판매 중지 명령에 따라 당해 제품의 공급이 잠정 중단되었습니다. 본 명령에 따른 공급 재개 일정은 아직 미정이나, 공급이 재개되는대로 본 공급부족 조치를 취소하여 안정적인 의약품 공급을 위해 만전을 기하도록 하겠습니다.",2021-07-23,2021-04-23,951710,"8806433009205,8806433009212,8806433009229"
2021-04-23,데파스정0.25밀리그램(에티졸람),(주)종근당,2021-06-23,"2021년 4월 21일자 대전지방식품의약품안전청 제조 및 판매 중지 명령에 따라 당해 제품의 공급이 잠정 중단되었습니다. 본 명령에 따른 공급 재개 일정은 아직 미정이나, 공급이 재개되는대로 본 공급부족 조치를 취소하여 안정적인 의약품 공급을 위해 만전을 기하도록 하겠습니다.","2021년 4월 21일자 대전지방식품의약품안전청 제조 및 판매 중지 명령에 따라 당해 제품의 공급이 잠정 중단되었습니다. 본 명령에 따른 공급 재개 일정은 아직 미정이나, 공급이 재개되는대로 본 공급부족 조치를 취소하여 안정적인 의약품 공급을 위해 만전을 기하도록 하겠습니다.","2021년 4월 21일자 대전지방식품의약품안전청 제조 및 판매 중지 명령에 따라 당해 제품의 공급이 잠정 중단되었습니다. 본 명령에 따른 공급 재개 일정은 아직 미정이나, 공급이 재개되는대로 본 공급부족 조치를 취소하여 안정적인 의약품 공급을 위해 만전을 기하도록 하겠습니다.",2021-07-23,2021-04-23,602000,"8806433003005,8806433003012,8806433003029"
2021-04-13,오메크린크림(퍼메트린),(주)대웅제약,2021-04-20,코로나19로 인한 원료공급 일시 중단,"재고 보유분은 4월 내 소진 예정이며, 동일 성분의 타사 품목이 시판중이므로 치료에 미치는 영향은 거의 없을것으로 판단됩니다.",원료 수급 즉시 생산 개시하여 5월 초 생산/공급 재개,2021-05-10,2021-04-13,417,"8806416059906,8806416059913"
2021-04-09,클래라정,바이엘코리아(주),2021-05-07,"클래라정의 공급부족을 보고합니다. 이는 호르몬 제제의 바이엘 글로벌 공급 네트워크의 생산 제약(capacity constraint) 으로 발생하였으며, 다수 국가에 영향을 미칩니다. 호르몬 제품의 제제, 포장의 특수성으로 인해 단기간에 생산량을 늘리거나 많은 양의 제품을 다른 제조원으로 이동시키는 것이 가능하지 않습니다. 이러한 상황으로 인하여 클래라정의 수입, 공급 지연이 예상됩니다.","클래라정은 에스트라디올 발레레이트와 디에노게스트가 포함된 제제로 1) 경구피임 및, 2) 피임법으로 경구 피임제를 선택한 여성에 한하여 기질적 원인이 없는 월경과다에 사용됩니다. 경구피임의 목적으로 전문의약품 중에서는 야즈, 일반의약품 중에서는 머시론, 마이보라, 미니보라, 에이리스 정 등이 대체 가능할 것으로 생각됩니다. 월경 과다의 약물치료에 있어서는 동일한 성분은 아니나 트라넥사민산, 비스테로이드소염제 등이 경구제제로써 대체 처방 가능할 것으로 생각되며, 12개월 이상의 장기적인 치료를 고려한다면 레보노르게스트렐 분비 자궁내 시스템을 고려해 볼 수 있겠습니다.","도매상과 주요 의료전문가에게 공급 지연 관련 내용을 공문으로 고지할 예정이며, 그 기간동안 적절하게 대체제로 전환하여 처방될 수 있도록 안내드릴 것입니다.",2021-09-03,2021-04-09,10385,"8806411057501,8806411057518"
2021-04-09,야스민정,바이엘코리아(주),2021-05-14,"야스민정의 공급부족을 보고합니다. 이는 호르몬 제제의 바이엘 글로벌 공급 네트워크의 생산 제약(capacity constraint) 으로 발생하였으며, 다수 국가에 영향을 미칩니다. 호르몬 제품의 제제, 포장의 특수성으로 인해 단기간에 생산량을 늘리거나 많은 양의 제품을 다른 제조원으로 이동시키는 것이 가능하지 않습니다. 이러한 상황으로 인하여 야스민정의 수입, 공급 지연이 예상됩니다.","야스민정은 에티닐에스트라디올 0.03mg과 드로스피레논 3mg이 함유된 제제로 피임을 그 적응증으로 합니다. 동일 성분의 함량만 다른 야즈정 (에티닐에스트라디올 0.02mg과 드로스피레논 3mg)이 피임을 포함하여 더 넓은 적응증을 가지고 있어 대체 가능할 것으로 생각되며, 일반의약품 중 경구피임제도 대체할 수 있을 것으로 보입니다.","도매상과 주요 의료전문가에게 공급 지연 관련 내용을 공문으로 고지할 예정이며, 그 기간동안 적절하게 대체제로 전환하여 처방될 수 있도록 안내드릴 것입니다.",2021-07-30,2021-04-09,19968,"8806411007100,8806411007117"
2021-04-06,안젤릭정,바이엘코리아(주),2021-06-15,"안젤릭정의 공급부족을 보고합니다. 이는 호르몬 제제의 바이엘 글로벌 공급 네트워크의 생산 제약(capacity constraint)으로 발생하였으며, 다수 국가에 영향을 미칩니다. 호르몬 제품의 제제, 포장의 특수성으로 인해 단기간에 생산량을 늘리거나 많은 양의 제품을 다른 제조원으로 이동시키는 것이 가능하지 않습니다. 이러한 상황으로 인하여 안젤릭정의 수입, 공급 지연이 예상됩니다.","안젤릭정은 드로스피레논 2mg과 에스트라디올반수화물 1.03mg이 포함된 정제로 1) 폐경 후 일년이 지난 폐경기 이후 여성의 에스트로겐 결핍증에 대한 호르몬 대체요법, 2) 골다공증 예방으로 허가 받은 다른 약제에 불내성이거나 금기이고 골절 가능의 위험성이 증가된 폐경기 이후 골다공증 예방을 그 적응증으로 합니다. 완전히 동일한 성분의 의약품은 없는 것으로 파악되나, 공급 지연 기간 동안 같은 적응증을 가진 다른 의약품, 보다 구체적으로는 안젤릭정과 유사한 에스트로겐과 프로제스토젠 복합제제인 페모스틴정®, 페모스틴콘티정® 등의 제품 그리고 다른 계열이나 같은 적응증을 가진 의약품인 티볼론제제인 리비알정®, 리브론정® 등이 대체 처방 가능할 것으로 생각됩니다.","도매상과 주요 의료전문가에게 공급 지연 관련 내용을 공문으로 고지할 예정이며, 그 기간동안 적절하게 대체제로 전환하여 처방될 수 있도록 안내드릴 것입니다.",2021-10-29,2021-04-06,"162,825","8806411007001,8806411007018"
2021-04-05,후릭소타이드디스커스250마이크로그램(플루티카손프로피오네이트(미분화)),(주)글락소스미스클라인,2021-01-04,생산지에서 공급이 지연되었습니다.,아뉴이티 대체의약품이 있습니다.,빠른 재공급이 될 수 있도록 노력중입니다.,2021-03-31,2021-01-04,5,8806500016815
2021-03-30,후릭소타이드디스커스250마이크로그램(플루티카손프로피오네이트(미분화)),(주)글락소스미스클라인,2021-01-04,공급일정의 지연으로 늦어지고 있습니다.,아뉴이티100 의 대체의약품이 있습니다.,최대한 빠른 공급을 위하여 노력중입니다.,2021-05-27,2021-01-04,5,8806500016815
2021-03-12,젝스트프리필드펜주300마이크로그램(에피네프린타르타르산염),비엘엔에이치(주),2021-03-15,"코로나19 사태로 인하여 국내 백신접종을 시작 한 뒤 백신의 부작용중 하나인 아나필락시스 발생시 응급처치 할 수 있는 ""젝스트프리필드펜주300μg"" 출하량이 급격하게 증가하여 공급부족한 상태 입니다.",아나필락시스쇼크와 같은 응급상황에서 즉각적인 처치가 안 되는 경우 생명을 위협하는 중대한 문제가 발생 될 수 있음,"3/11 (목) 기준 117 EA 보유중 / 03/15 주 입고예정수량 : 3,520 EA 03/15 주 입고되는 품목의 QC완료예정일은 04/12 주 예상하며, QC완료 후 공급이 정상화 될 것으로 예상됨.",2021-04-12,2021-03-11,117,8806797004014
2021-03-03,후릭소타이드디스커스250마이크로그램(플루티카손프로피오네이트(미분화)),(주)글락소스미스클라인,2021-01-04,공급일정의 지연으로 늦어지고 있습니다.,아뉴이티 100 대체의약품이 있습니다.,품절기간을 최소화하기위해 최선의 노력을 기울이고 있습니다.,2021-05-11,2021-01-04,5,8806500016815
2021-02-26,프로기노바28정2밀리그램(에스트라디올발레레이트),바이엘코리아(주),2021-06-11,"프로기노바28정2밀리그램의 공급부족을 보고합니다. 이는 호르몬 제제의 바이엘 글로벌 공급 네트워크의 생산 제약(capacity constraint)으로 발생하였으며, 다수 국가에 영향을 미칩니다. 호르몬 제품의 제제, 포장의 특수성으로 인해 단기간에 생산량을 늘리거나 많은 양의 제품을 다른 제조원으로 이동시키는 것이 가능하지 않습니다. 이러한 상황으로 인하여 프로기노바28정2밀리그램의 수입, 공급 지연이 예상됩니다.","프로기노바28정2밀리그램은 에스트라디올 발레레이트 2mg을 함유하고 있으며, 1) 갱년기 증상경감을 위한 호르몬 대체요법 및, 2) 골절을 일으키기 쉬운 여성에서 골다공증의 예방에 적응증을 가지고 있습니다. 허가사항과 관련하여 환자 상태에 미치는 영향은 프로기노바 28정1밀리그램과 크게 다르지 않을 것으로 생각되나, 허가사항 범위를 초과하여 2017년 10월 1일부터 보조생식술에서 반복 유산과 관련된 자가면역 질환이 있는 환자, 또는 원인불명으로 3회 이상 반복하여 착상 실패를 경험한 환자에서 [보조생식술 급여기준] 범위 내에서 투여 시 요양급여를 인정받아 사용되고 있습니다. 현재 유사한 성분으로 에스트라디올반수화물 성분의 프레다정®과 결합형에스트로겐 성분인 프레미나정®이 판매되고 있으며, 전술한 보조생식술에서의 사용에 있어서도 대체 가능한지에 대해 관련 의료전문가와의 논의를 거쳐 의견을 전달할 예정입니다.","도매상과 주요 의료전문가에게 공급 지연 관련 내용을 공문으로 고지할 예정이며, 그 기간동안 적절하게 대체제로 전환하여 처방될 수 있도록 안내드릴 것입니다. 특히, 보조생식술 목적의 사용에 대하여, 학회를 통한 전문가 집단의 의견 수렴을 통해, 실제적인 대체체 사용안에 대해 관련 의료전문가에게 정보를 전달할 계획입니다.",2022-06-30,2021-02-22,"199,410","8806411009005,8806411009012"
2021-02-26,프로기노바28정1밀리그램(에스트라디올발레레이트),바이엘코리아(주),2021-04-30,"프로기노바28정1밀리그램의 공급부족을 보고합니다. 이는 호르몬 제제의 바이엘 글로벌 공급 네트워크의 생산 제약(capacity constraint)으로 발생하였으며, 다수 국가에 영향을 미칩니다. 호르몬 제품의 제제, 포장의 특수성으로 인해 단기간에 생산량을 늘리거나 많은 양의 제품을 다른 제조원으로 이동시키는 것이 가능하지 않습니다. 이러한 상황으로 인하여 프로기노바28정1밀리그램의 수입, 공급 지연이 예상됩니다.","프로기노바28정1밀리그램은 에스트라디올 발레레이트 1mg 성분으로 구성되어 있으며 ‘갱년기 증상 경감을 위한 호르몬 대체요법’ 으로 허가받아 사용되고 있습니다. 유사한 성분으로는 에스트라디올반수화물 성분의 프레다정®과 결합형에스트로겐 성분인 프레미나정®이 있고, 같은 적응증을 가진 다른 계열의 의약품으로 티볼론제제(리비알정®, 리브론정®)가 있습니다. 그 밖에 투여경로가 다르지만 에스트로겐이 함유된 질크림(에스트레바겔®, 프레마린질크림®), 주사제제인 에스트라디올데포주 등이 적응증 및 환자 상태에 따라 이용될 수 있을 것으로 보입니다.","도매상과 주요 의료전문가에게 공급 지연 관련 내용을 공문으로 고지할 예정이며, 그 기간동안 적절하게 대체제로 전환하여 처방될 수 있도록 안내드릴 것입니다.",2022-06-30,2021-02-22,"68,060","8806411008909,8806411008916"
2021-02-26,크리멘28정,바이엘코리아(주),2021-04-30,"크리멘28정의 공급부족을 보고합니다. 이는 호르몬 제제의 바이엘 글로벌 공급 네트워크의 생산 제약(capacity constraint)으로 발생하였으며, 다수 국가에 영향을 미칩니다. 호르몬 제품의 제제, 포장의 특수성으로 인해 단기간에 생산량을 늘리거나 많은 양의 제품을 다른 제조원으로 이동시키는 것이 가능하지 않습니다. 이러한 상황으로 인하여 크리멘28정의 수입, 공급 지연이 예상됩니다.","크리멘28정은 B정 시프로테론아세테이트 1mg, 에스트라디올발레레이트 2mg 12정과 A정 에스트라디올발레레이트 2mg 16정의 총 28정으로 구성되어 있으며, 적응증은 ‘폐경 후(마지막 생리 후 최소 1년이 경과된 시점) 여성의 에스트로겐 결핍의 증상 경감을 위한 호르몬 대체요법(HRT)’ 과 같습니다. 완전히 동일한 성분의 의약품은 없는 것으로 파악되나, 공급 지연 기간 동안 같은 적응증을 가진 다른 의약품, 보다 구체적으로는 크리멘과 유사한 에스트로겐과 프로제스토젠 복합제제인 페모스틴정®, 페모스틴콘티정® 등의 제품 그리고 다른 계열의 의약품인 티볼론제제인 리비알정®, 리브론정® 등이 대체 처방 가능할 것으로 생각됩니다.","도매상과 주요 의료전문가에게 공급 지연 관련 내용을 공문으로 고지할 예정이며, 그 기간동안 적절하게 대체제로 전환하여 처방될 수 있도록 안내드릴 것입니다.",2022-06-30,2021-02-22,"83,840","8806411008206,8806411008213"
2021-02-19,후릭소타이드디스커스250마이크로그램(플루티카손프로피오네이트(미분화)),(주)글락소스미스클라인,2021-01-04,공급일정의 지연으로 늦어지고 있습니다.,arnuity 100 대체의약품이 있습니다.,품절기간을 최소화하기위해 최선의 노력을 기울이고 있습니다.,2021-04-05,2021-01-04,5,8806500016815
2021-02-03,후릭소타이드디스커스250마이크로그램(플루티카손프로피오네이트(미분화)),(주)글락소스미스클라인,2021-01-04,생산지에서 공급이 지연되었습니다.,대체의약품이 있어서 큰 영향이 없습니다.,3월중으로 출하될 수 있도록 하겠습니다.,2021-03-31,2021-01-04,5,8806500016815
2021-02-03,듀아비브정0.45/20밀리그램,한국화이자제약(주),2020-05-12,"기존에 2020년 5월 25일 및 2020년 9월 29일자로 듀아비브 공급이 2021년 4월 7일부터 재개될 것으로 보고 드린 바 있으나, 제조원의 생산 일정 지연으로 공급이 지연되고 있습니다.","동일한 성분의 대체 약제는 없으나, 폐경 증상 치료제로서 G03C 프로기노바, G03F 크리멘, 안젤릭, 크리안, 디비나, 인디비나, G03X 리비알 등 다른 대체제가 있습니다. 폐경 후 골다공증 예방 약제로는 비비안트, 에비스타 등 대체제가 있습니다.",폐사는 즉각적인 시정 및 예방 조치를 취하여 빠른 공급 정상화를 위해 노력하고 있습니다. 현재로서 가장 빠른 일정으로 2022년 4월 중 공급이 다시 가능할 것으로 사료됩니다.,2022-04-11,2020-05-13,0,8806489028311
2021-01-29,판토록정40밀리그램(판토프라졸나트륨세스키히드레이트),한국다케다제약(주),2021-02-01,갑작스런 시장 수요 증가와 제조원 제품 생산일정 지연으로 일시적인 품절이 예상됩니다. 폐사에서는 생산일정을 신속히 조절하려고 노력하고 있습니다.,"판토록정40mg은 소화성궤양용제입니다. 동일 성분의 40밀리그램 품목이 국내 허가되어 있으며, 동일 효능효과의 대체재가 다수 국내 허가되어 있어 환자에게 미치는 영향이 크지는 않을 것으로 사료됩니다.",폐사는 공급정상화를 위해 제조원과 긴밀히 연락하고 있으며 최대한 신속한 해결을 위해 노력하고 있습니다. 현재로서 가능한 가장 빠른 공급 재개 시점은 3월 중순으로 예상됩니다.,2021-03-15,2021-01-29,0,8806963000628
2021-01-25,루프린주3.75mg(류프로렐린아세트산염),한국다케다제약(주),2021-01-25,일시적인 출고 지연으로 짧은 기간 동안 일시 품절이 예상됩니다.,"루프린주3.75밀리그램(류프로렐린아세트산염)은 동일 성분 및 용량을 함유한 타사 제품으로 대체 가능하며, 본 품절은 매우 일시적인 품절로 환자치료에 미치는 영향은 크지 않을 것으로 예상됩니다.",폐사는 공급정상화를 위해 제조원과 긴밀히 연락하고 있으며 최대한 신속한 해결을 위해 노력하고 있습니다. 2월 초에 공급재개가 가능할 것으로 예상됩니다.,2021-02-08,2021-01-25,0,8806963003810
2021-01-21,비쥬다인주사(베르테포르핀),디케이에스에이치코리아(주),2021-03-31,제조 설비 변경에 따른 안전성 데이터 확보 및 그에 따른 허가 변경 완료를 위해 시간이 소요될 예정입니다.,"공급 부족으로 인하여 환자 치료에 영향이 가지 않도록, 시장에 원활하게 공급될 수 있도록 노력하겠습니다.",해외제조원과 협력하여 빠른 시일 내 재공급화 될 수 있도록 노력하겠습니다.,2021-04-01,2021-01-20,119,8800555001017
2021-01-04,후릭소타이드디스커스250마이크로그램(플루티카손프로피오네이트(미분화)),(주)글락소스미스클라인,2021-01-06,site로부터 공급지연으로 부족하게 되었습니다.,2달간의 공급부족은 환자에게 미치는 영향이 거의 없습니다. 대체약으로 Arnuity 100이 있고 또한 현재 도매상들이 후릭소타이드 디스커스 250에 대한 재고가 있기 때문입니다.,"1월 27일 한국도착예정이며, local test를 최대한 빨리 할 경우, 3월 1일보다 빨리 공급예정입니다.",2021-02-28,2021-01-05,0,8806500016815
2020-12-17,저박사주,한국엠에스디(유),2020-12-14,"최근 저박사의 제조 후 출하 시험 중 무균 시험 결과 일부 제품에서 기준일탈(out of specification)이 확인되어 제품 생산이 중단됐습니다. MSD는 현재 기준일탈(out of specification)의 원인을 파악하기 위하여 유통기한이 남아 있는 모든 제조번호의 저박사 제품을 대상으로 내부 조사를 진행 중입니다. 아직 명확한 원인이 밝혀지지는 않았으나, MSD는 글로벌 차원에서 현재 조사 진행 중인 유통기한이 남은 모든 저박사 제품에 대해 공급 중단을 결정하였습니다.","항생제는 적응증과 유효균주 및 항생제 감수성에 따라 다양하게 사용되므로, 전문가의 임상경험 및 실험실 검사 결과를 종합한 판단에 의해 저박사의 대체가 필요하겠습니다. 의료진께서는 저박사에 대한 처방 정보를 검토하사고, 기존의 치료옵션에 대해 다시 평가, 처방하셔야 합니다. 저박사®주(ZERBAXA®)는 중증 감염증 치료를 위한 신약 항생제 로서 현재 세 가지 적응증이 있습니다. 먼저 복잡성 복강내 감염에 저박사®주(ZERBAXA®)와 메트로니다졸을 병용 투여하여 사용할 수 있습니다. 두 번째로 신우신염을 포함한 복잡성 요로 감염에 사용할 수 있습니다. 마지막으로 원내감염폐렴 환자 (인공호흡기 관련 폐렴 포함)에게 사용할 수 있습니다","폐사는 최대한 신속한 조사 완료 및 원활한 공급 재개를 위해 최선의 노력을 다 하고 있습니다. 공급 제한(/품절) 기간은 현재 진행중인 내부 조사 결과에 따라 달라지게 되며, 현 시점에서는 정확한 기간을 말씀드리기 어려운 점 양해 부탁드립니다.",2021-10-31,2020-12-17,5890,8806555019625
2020-12-14,알닥톤필름코팅정25밀리그람(스피로노락톤),한국화이자제약(주),2020-11-05,원료의약품의 수급 지연 및 제조원의 생산력 감소로 인해 공급 일정 지연,약학정보원에서 확인한 바로 알닥톤과 동일 성분/동일 용량인 제품은 구주스피로닥톤 (구주제약) 제품이 생산 및 유통이 되고 있는 것으로 파악됩니다.,"2020년 11월 5일자 공문(PF-2011-02)을 통하여 알닥톤정 25mg 100BLP 제형의 재 공급 시점을 2021년 1월 4일로 안내 드렸으나, 제조원의 생산 일정지연으로 인하여 공급이 지연되었습니다. 현재 확인 가능한 정보를 기준으로, 정상적인 공급이 가능한 시점은 2021년 2월 22일로 예상하고 있습니다.",2021-02-22,2020-12-14,0,8806489006111
2020-12-08,로타텍액[경구용 약독화 로타생바이러스백신(사람-소 재배열)],한국엠에스디(유),2021-01-18,완제의 추가 실험일자가 늦춰지게 되어 수입이 지연됨.,1)공급 부족으로 인하여 환자 및 의료진의 혼선이 발생 2)접종률 감소 인한 영우아 로타바이러스 위장관염 발병 위험 증가 (2차/3차 교차접종 불가) 3)지방자치단체의 취약계층 무료접종사업 진행에 차질발생,현재 예정된 수입 일정을 앞당겨 시장 수요를 충족 시킬예정,2021-02-15,2020-12-08,39370,8806555000326
2020-11-26,시그마트정5밀리그램(니코란딜),제이더블유중외제약(주),2021-01-01,시그마트정5mg 주원료(니코란딜)가 자체반응시 폭발 위험성 원료로 분류되어 일본 당국의 수출 운송방법 결정 지연 발생으로 인한 수입 지연,"자사제품 중 대체가능의약품 주사제 재고는 보유 중이며, 타사 동일성분 제품 “니코란정(한국콜마), 바딜정(한국유나이티드제약)”이 공급 중이므로 본 제품 공급부족 발생으로 인한 영향은 없을 것으로 예상됨",주성분(니코란딜) 수입지연으로 공급차질 발생 예상. 제조사와 긴밀하게 연락하여 원료 입고시 긴급생산 예정이며 공급부족 기간을 최소로하여 시장 안정화될 수 있도록 조치 예정임,2021-01-28,2020-11-25,7431,8806449028900
2020-11-12,레더코트정(트리암시놀론),에스케이케미칼(주),2020-11-02,원료 수급 지연으로 인한 일시적인 품절이 발생하였습니다.,동 품목의 대체약제들이 판매되고 있으므로 동 품목의 공급중단으로 인한 환자 치료에 미치는 영향은 적을 것으로 판단됩니다.,폐사는 공급정상화를 위해 제조원과 긴밀히 연락하고 있으며 신속한 해결을 위해 노력하고 있습니다. 현재로서 가능한 가장 빠른 공급 재개 시점은 4월말로 예상됩니다.,2021-04-30,2020-11-12,600000,8806447003022
2020-11-09,알닥톤필름코팅정25밀리그람(스피로노락톤),한국화이자제약(주),2020-11-05,원료의약품의 수급 지연 및 제조원의 생산력 감소로 인해 공급 일정 지연,약학정보원에서 확인한 바로 알닥톤과 동일 성분/동일 용량인 제품은 구주스피로닥톤 (구주제약) 제품이 생산 및 유통이 되고 있는 것으로 파악됩니다.,자사는 공급정상화를 위해 제조원과 긴밀히 연락하여 최대한 노력하고 있습니다. 현재로서는 가능한 가장 빠른 다음 입고 시점은 2021년 1월로 예상되며 2021년 1월 4일부터 공급이 다시 가능할 것으로 사료됩니다,2021-01-04,2020-11-06,0,8806489006111
2020-10-27,조스타박스주(대상포진생바이러스백신),한국엠에스디(유),2020-12-01,수요증가와 원료부족으로 인한 선적 지연,1) 공급부족으로인하여 환자 및 의료진의 혼선이 발생 2)지방자치단체의 취약계층 무료접종사업 진행에 차질 발생 3)대상포진 발병 위험도 증가,현재 예정된 수입 일정을 압당겨 시장 수요를 충족시킬 예정,2020-12-21,2020-10-27,71499,8806555009015
2020-10-23,루프린디피에스주22.5밀리그램(류프로렐린아세트산염),한국다케다제약(주),2020-11-02,루프린디피에스주22.5밀리그램의 공급량은 다케다제약의 표준(standard)에 따라 전반적인 준수를 강화하기 위해 시작된 생산 중단과 최근 실사에 따른 후속 조치의 일부 등 여러가지 이유로 감소했습니다. 이러한 개선사항은 현재 규정 준수에 대한 지속적인 보증을 강화하기 위해 수행되었습니다.,루프린디피에스주22.5밀리그램(류프로렐린아세트산염)은 동일 성분 및 용량을 함유한 타사 동일 성분 제품으로 대체 가능하므로 환자치료에 미치는 영향은 크지 않을 것으로 예상됩니다.,"다케다제약은 환자의 요구에 최선을 다하고 있으며 루프린디피에스주22.5밀리그램(류프로렐린아세트산염)의 재공급 위해 최선을 다하고 있습니다. 환자 안전과 공급 무결성은 다케다제약의 최우선 과제이며 환자에게 미칠 수있는 영향을 최소화하기 위해 관련 보건 당국과 긴밀히 협력하고 있습니다. 다케다제약은 지속적으로 공급 상황을 모니터링할 것이며, 공급상황을 업데이트 하여 환자 치료 및 안전을 확보하기 위한 적절한 비상 계획을 세울 수 있도록 할 것입니다.",2021-11-30,2020-10-23,67,8806963004817
2020-10-14,판토록정40밀리그램(판토프라졸나트륨세스키히드레이트),한국다케다제약(주),2020-11-23,갑작스런 시장 수요 증가와 제조원 제품 생산일정 지연으로 일시적인 품절이 예상됩니다. 폐사에서는 생산일정을 신속히 조절하려고 노력하고 있습니다.,"판토록정40mg은 소화성궤양용제입니다. 동일 성분의 40밀리그램 품목이 국내 허가되어 있으며, 동일 효능효과의 대체재가 다수 국내 허가되어 있어 환자에게 미치는 영향이 크지는 않을 것으로 사료됩니다.",폐사는 공급정상화를 위해 제조원과 긴밀히 연락하고 있으며 최대한 신속한 해결을 위해 노력하고 있습니다. 현재로서 가능한 가장 빠른 공급 재개 시점은 11월 말로 예상됩니다.,2020-12-18,2020-10-13,10238,8806963000628
2020-10-14,판토록정20밀리그램(판토프라졸나트륨세스키히드레이트),한국다케다제약(주),2020-10-26,갑작스런 시장 수요 증가와 제조원 제품 생산일정 지연으로 일시적인 품절이 예상됩니다. 폐사에서는 생산일정을 신속히 조절하려고 노력하고 있습니다.,"판토록정20mg은 소화성궤양용제입니다. 동일 성분의 20밀리그램 품목이 국내 허가되어 있으며, 동일 효능효과의 대체재가 다수 국내 허가되어 있어 환자에게 미치는 영향이 크지는 않을 것으로 사료됩니다.",폐사는 공급정상화를 위해 제조원과 긴밀히 연락하고 있으며 최대한 신속한 해결을 위해 노력하고 있습니다. 현재로서 가능한 가장 빠른 공급 재개 시점은 12월 초로 예상됩니다.,2020-12-02,2020-10-13,0,8806963000529
2020-10-12,"누칼라주(메폴리주맙, 유전자재조합)",(주)글락소스미스클라인,2020-10-13,"1. 당사 제품 누칼라㈜(“해당 제품”)의 배치 2E9A(429개)(“해당 배치”)에 아래와 같은 표기 오류가 있음을 발견하였습니다. 또한, 해당 오류로 인하여 현재 해당 배치의 출하가 중단되어 있는 상태입니다. 제조일자: 2020-06-16 유효기간:24개월 정확한 사용기한: 2022-06-15 해당 배치에 표시된 사용기한: 2022-06-16","3. 해당 제품은 중증 천식환자들 중에서 삼제 흡입제 요법이나 high dose의 경구용 스테로이드 치료에도 조절되지 않는 중증 천식환자들이 사용하는 약제로 희귀의약품으로 허가된 제품입니다. 만약 해당 제품이 현재 예상대로 2개월가량 품절이 발생하는 경우에는 해당 제품을 사용하는 환자들이 적절한 시기에 치료를 놓치게 되어 경우에 따라서 사망에 이를 수도 있습니다. 4. 추가로 해당 제품은 고가의 비급여 약물입니다. 따라서, 처방을 받는 환자에게 이러한 비용적인 부담을 줄이기 위하여 당사는 해당 제품을 처방 받은 환자에게 특정 기간(4주)안에 1개의 제품을 무상으로 추가 공급하고 있습니다. 만일, 해당 배치의 물량의 공급이 어려워지게 되면 환자들에게 추가적인 부담이 있을 것으로 사료됩니다.","5. 해당 제품의 평균 사용량을 고려하였을 때 해당 배치의 물량은 정확한 사용기한 내에 소진될 것으로 예상하고 있습니다. 6. 또한, 안정성 데이터를 기반으로 사용기한 대비 추가 하루 동안 제품의 품질 및 환자의 안전에 미칠 수 있는 영향은 극히 낮은 것으로 사료됩니다. 7. 따라서 이러한 심각한 상황을 감안하여 해당 배치를 시장에 제공할 수 있도록 허가해 주신다면 당사는 관련해서 해당 제품이 정해진 기간안에 소진될 수 있도록 최선의 노력을 다하도록 하겠습니다.",2020-12-08,2020-10-12,2,8806500031115
2020-09-29,듀아비브정0.45/20밀리그램,한국화이자제약(주),2020-05-12,"2020년 5월 25일자로 듀아비브 공급이 2020년 10월 19일부터 재개될 것으로 보고 드린 바 있으나, 제조원의 생산 일정 지연으로 공급이 지연되고 있습니다.","동일한 성분의 대체 약제는 없으나, 폐경 증상 치료제로서 G03C 프로기노바, G03F 크리멘, 안젤릭, 크리안, 디비나, 인디비나, G03X 리비알 등 다른 대체제가 있습니다. 폐경 후 골다공증 예방 약제로는 비비안트, 에비스타 등 대체제가 있습니다.",폐사는 즉각적인 시정 및 예방 조치를 취하여 빠른 공급 정상화를 위해 노력하고 있습니다. 현재로서 가장 빠른 일정으로 2021년 4월 중 공급이 다시 가능할 것으로 사료됩니다.,2021-04-07,2020-05-13,0,8806489028311
2020-09-25,모조빌주(플레릭사포르),(주)사노피-아벤티스코리아,2020-10-15,"최근 해외제조소로부터 모조빌주 완제의약품 특정 배치의 일부 기준 일탈(pH 기준 일탈)에 대해 공지 받았습니다. 국내 수입된 배치 중 해당 배치가 한 배치 있으나 아직 출하되지 않았으므로, 현재 유통 중인 재고에는 영향이 없음을 말씀 드립니다. 해당 배치는 출하 중지 조치한 상태이며, 본사 및 해외 제조소에서 이 기준 일탈의 정확한 사유에 대한 조사 중에 있습니다.","모조빌주(플레릭사포르)는 다음와 같은 적응증에 사용되는 희귀의약품입니다. - 비호지킨림프종 또는 다발골수종 성인 환자(만18세 이상)에서 G-CSF와 병용하여 자가조혈모세포이식과 조혈모세포 채집시 말초혈액으로 조혈모세포의 가동화 증진 - 림프종 또는 고형악성종양 소아 환자(만1세 ~ 만18세 미만)에서, G-CSF를 포함하는 적절한 가동화 이후(항암화학요법과 병행 또는 단독) 예정된 채집일에 목표하는 조혈모세포 수보다 말초혈액에 순환하는 조혈모세포 수가 충분하지 않을 것으로 예상될 때 선제요법 또는 이전에 충분한 조혈모세포의 채집에 실패한 경우에, G-CSF와 병용하여 자가조혈모세포이식과 조혈모세포 채집시 조혈모세포의 가동화 증진 공급부족으로 인하여 상기 해당 환자들에 대한 영향이 있을 것으로 예상됩니다.","아사에서는 희귀의약품인 모조빌주의 공급부족에 대해 심각성을 인지하고 있으며, 12월 초에는 원활한 공급을 재개하는 것을 목표로 하고 있습니다. 모조빌주를 필요로 하는 환자들에게 미치는 영향을 최소화하기 위해 아사는 각 의료기관 및 도매상과 긴밀히 소통할 것입니다. 국내 모조빌주의 공급을 최대한 빠르게 재개할 수 있도록 본사 및 제조소와 함께 최선의 노력을 다하겠습니다.",2020-12-01,2020-09-25,20,"8806520013405,8806520013412"
2020-09-14,마도파정125,(주)한국로슈,2020-09-15,동일 약효의 품목의 품절로 인하여 전세계적으로 마도파의 공급이 원활하지 못하여 마도파정 125mg의 공급 부족 발생.,현재 부족한 125mg의 처방으로 250mg의 분할 처방 및 확산정의 대체 처방이 발생 할 수 있음.,10월 중순경 소량 입고 후 한독으로 출고 예정이며 이후 공급 가능 물량 확보는 11월 초에 가능한 상황으로 현재 공급 부족 상황이 11월 초에 정상화 될 것으로 예상.,2020-11-02,2020-09-09,735,8806450001916
2020-09-11,"간포트점안액(1회용), 간포트점안액",한국엘러간(주),2020-08-04,예상을 뛰어넘는 판매량 증가와 태풍과 코로나로 인한 해상운송 연기,간포트 1회용 제품의 충분한 재고보유로 간포트 1회용제품으로 대체,현재 제품입고되어 QC 테스트중이로 10월8일경 출하예정,2020-10-08,2020-09-11,0,8806794001818
2020-09-02,카버젝트주사20마이크로그람(알프로스타딜),한국화이자제약(주),2020-09-02,제조원의 공급 일정 지연으로 품절이 예상되고 있습니다.,"현재 거래도매상(신성약품)에 재고량이 2020년 9월 2일 기준 1807개가 있으며, 동일 성분 및 제형의 타사 제품이 공급 중이므로 큰 문제는 없을 것으로 사료됩니다.",자사는 공급정상화를 위해 제조원과 긴밀히 연락하여 최대한 노력하고 있습니다. 현재로서는 2020년 10월 19일부터 공급이 다시 가능할 것으로 사료됩니다.,2020-10-19,2020-09-02,0,8806489010217
2020-08-24,루프린디피에스주11.25밀리그램(류프로렐린아세트산염),한국다케다제약(주),2020-09-01,루프린디피에스주11.25밀리그램의 공급량은 다케다제약의 표준(standard)에 따라 전반적인 준수를 강화하기 위해 시작된 생산 중단과 최근 실사에 따른 후속 조치의 일부 등 여러가지 이유로 감소했습니다. 이러한 개선사항은 현재 규정 준수에 대한 지속적인 보증을 강화하기 위해 수행되었습니다.,루프린디피에스주11.25밀리그램(류프로렐린아세트산염)은 동일 성분 및 용량을 함유한 타사 동일 성분 제품으로 대체 가능하므로 환자치료에 미치는 영향은 크지 않을 것으로 예상됩니다.,"다케다제약은 환자의 요구에 최선을 다하고 있으며 루프린디피에스주11.25밀리그램(류프로렐린아세트산염)의 재공급 위해 최선을 다하고 있습니다. 환자 안전과 공급 무결성은 다케다제약의 최우선 과제이며 환자에게 미칠 수있는 영향을 최소화하기 위해 관련 보건 당국과 긴밀히 협력하고 있습니다. 다케다제약은 지속적으로 공급 상황을 모니터링할 것이며, 공급상황을 업데이트 하여 환자 치료 및 안전을 확보하기 위한 적절한 비상 계획을 세울 수 있도록 할 것입니다.",2022-01-31,2020-08-24,1421,8806963004015
2020-08-14,루프린디피에스주3.75밀리그램(류프로렐린아세트산염),한국다케다제약(주),2020-09-01,루프린디피에스주3.75밀리그램의 공급량은 다케다제약의 표준(standard)에 따라 전반적인 준수를 강화하기 위해 시작된 생산 중단과 최근 실사에 따른 후속 조치의 일부 등 여러가지 이유로 감소했습니다. 이러한 개선사항은 현재 규정 준수에 대한 지속적인 보증을 강화하기 위해 수행되었습니다.,루프린디피에스주3.75밀리그램(류프로렐린아세트산염)은 동일 성분 및 용량을 함유한 자사 제품 루프린주3.75mg(류프로렐린아세트산염) 또는 타사 동일 성분 제품으로 대체 가능하므로 환자치료에 미치는 영향은 크지 않을 것으로 예상됩니다.,"다케다제약은 환자의 요구에 최선을 다하고 있으며 루프린디피에스주3.75밀리그램(류프로렐린아세트산염)의 재공급 위해 최선을 다하고 있습니다. 환자 안전과 공급 무결성은 다케다제약의 최우선 과제이며 환자에게 미칠 수있는 영향을 최소화하기 위해 관련 보건 당국과 긴밀히 협력하고 있습니다. 다케다제약은 지속적으로 공급 상황을 모니터링할 것이며, 공급상황을 업데이트 하여 환자 치료 및 안전을 확보하기 위한 적절한 비상 계획을 세울 수 있도록 할 것입니다.",2023-03-31,2020-08-14,286,8806963003919
2020-07-13,파이브로베인주3%(테트라데실황산나트륨),금청약품(주),2020-07-13,수입지연,하지정맥류 치료 어려움,제조사와 협의하여 공급정상화를 위해 최대한 노력할 것입니다.,2020-09-18,2020-07-13,1,8806849000223
2020-07-08,녹십자-파이브리노겐주(건조사람피브리노겐),(주)녹십자,2020-07-01,"판매 증가에 따른 수급 계획 조정으로 긴급 추가 생산 하였으나, 충전 후 검병 공정의 업무 부하로 포장 및 국가출하검정 신청이 일정 대비 지연되었습니다. (현재 국검 6/5 신청 후 진행 중입니다.)","본 제품은 외과처치, 선천성 저무 피브리노겐혈증 등의 저피브리노겐혈증에 사용되며, 대체 의약품이 전혀 없습니다. 다만, 허가받은 적응증에만 사용될 경우 공급에 문제가 발생하지 않으므로 환자 치료에 영향을 미치는 경우는 없었고. 간혹 공급이 한두달 정도 부족하였을 경우라도 환자치료에 문제는 없었습니다.","7월 27일 공급을 위하여 2020년 4월 3일 후속 Lot 제조를 진행하였습니다. 그 이후 2020년 5월 8일, 7월 8일에 제조를 진행하였으며, 3Q 내 약 2,000 vials과 4Q 내 약 3,000 vials 공급하여 품절을 막고 안전재고 확보 계획입니다. 향후 제조 및 품질관리시험을 신속히 진행하여 최대한 빠른 일정으로 공급할 예정이오니 양해를 부탁 드립니다.",2020-07-27,2020-07-08,118,8806436008205
2020-06-26,코다론정(아미오다론염산염),(주)한독,2020-07-13,해외 제조원의 bulk 정제 공급 지연에 따른 생산 지연 및 공급 부족,"코다론정(아미오다론염산염)은 효능/효과는 아래와 같습니다. 1. 심방성부정맥, 심실성부정맥, 기타 다른 부정맥용제로 치료되지 않는 재발성 중증 부정맥 2. 협심증 등 기초심질환을 수반하는 부정맥 상기 해당 질환을 가진 환자에게 영향이 있을 것으로 예상됩니다.","해외 제조원의 bulk 정제 공급이 지연됨에 따라 국내 공장에서의 생산 지연 및 공급 부족이 예상됩니다. 해외 제조원과의 긴밀한 협의를 통해 신속히 bulk 정제를 공급받을 수 있도록 최대한 노력하고 있으나, 일정기간 동안 국내에서 완제품 공급이 어려울 것으로 판단됩니다. 빠른 시일 내에 해외 제조원으로부터 낱알 공급을 정상화하여 완제품 공급을 재개할 예정입니다.",2020-11-05,2020-06-26,0,"8806521012506,8806521012513,8806521012520"
2020-06-25,파무에이주500밀리그램(프랄리독심염화물),제이더블유중외제약(주),2020-07-03,최근 생산분 완제품 시험결과 부적합 발생으로 공급차질 발생.,자사품목중 대체가능의약품 정제 재고는 보유 중으로 안내예정이므로 본 제품 공급부족 발생으로 인한 문제는 없을 것으로 예상됨 - 정제(파무정) 재고 약 14개월분 보유중이며 지속 공급예정임,최근 생산분 완제품 시험결과 부적합 발생으로 공급차질 발생. 제조사와 긴밀하게 신규생산 예정이며 공급부족 기간을 최소로하여 시장 안정화될 수 있도록 조치 예정임,2020-06-04,2020-06-22,0,"8806449041046,8806449041053,8806449041060"
2020-06-11,카버젝트주사20마이크로그람(알프로스타딜),한국화이자제약(주),2020-06-10,아사의 사정으로 공급이 지연되고 있습니다.,동일 성분 및 제형의 타사 제품이 공급 중이므로 큰 문제는 없을 것으로 사료됩니다.,7월 중 공급 재개 예정으로 공급안정화를 위하여 노력하고 있습니다.,2020-07-17,2020-06-10,0,8806489010217
2020-06-09,알닥톤필름코팅정25밀리그람(스피로노락톤),한국화이자제약(주),2020-06-08,원료의약품의 수급 지연 및 제조원의 생산력 감소로 인해 공급 일정 지연,약학정보원에서 확인한 바로 알닥톤과 동일 성분/동일 용량인 제품은 구주스피로닥톤 (구주제약) 제품이 생산 및 유통이 되고 있는 것으로 파악됩니다.,자사는 공급정상화를 위해 제조원과 긴밀히 연락하여 최대한 노력하고 있습니다. 현재로서는 가능한 가장 빠른 다음 입고 시점은 2020년 7월로 예상되며 2020년 7월 중순부터 공급이 다시 가능할 것으로 사료됩니다.,2020-07-17,2020-06-08,0,8806489006111
2020-06-02,파이브로베인주3%(테트라데실황산나트륨),금청약품(주),2020-06-02,제조사의 제품포장지연으로 인하여 수입이 지연됨.,하지의 정맥류 치료 어려움.,제조사와 협의하여 공급정상화를 위해 최대한 노력할 것입니다.,2020-07-15,2020-06-02,22,8806849000223
2020-05-25,듀아비브정0.45/20밀리그램,한국화이자제약(주),2020-05-12,품질 이슈로 인한 공급 부족,"동일한 성분의 대체 약제는 없으나, 폐경 증상 치료제로서 G03C 프로기노바, G03F 크리멘, 안젤릭, 크리안, 디비나, 인디비나, G03X 리비알 등 다른 대체제가 있습니다. 폐경 후 골다공증 예방 약제로는 비비안트, 에비스타 등 대체제가 있습니다.",폐사는 즉각적인 시정 및 예방 조치를 취하여 빠른 공급 정상화를 위해 노력하고 있습니다. 현재로서 가장 빠른 일정으로 2020년 10월 중 공급이 다시 가능할 것으로 사료됩니다.,2020-10-19,2020-05-13,0,8806489028311
2020-05-21,라파뮨정2밀리그램(시롤리무스),한국화이자제약(주),2020-05-18,"코로나-19로 인한 전세계 위기 상황으로 인하여 해외 제조원의 원활한 생산이 차질을 빗고 있으며, 대륙간 이동을 해야하는 복잡한 공급 체계로 인해 라파뮨정2밀리그램의 수급이 늦어지고 있습니다. 현재 가장 빠르게 공급받을 수 있는 다음 재고가 존재하나, 국내에 허가된 원료의약품의 재시험기간 (18개월)을 초과한 원료의약품을 사용하여 제조된 것이 문제가 되어 한국으로 선적을 하지 못하고 있습니다. 이에 폐사는 공급 정상화를 위해 제조원과 긴밀히 연락하여 재시험기간을 24개월로 연장하여 빠른 시일 내에 수입하기 위해 최대한 노력하고 있습니다.","라파뮨정은 신장이식 환자에서의 장기 거부반응 예방과 림프관평활근종증 환자의 치료에 쓰이는 약제로서, 필요로 하는 환자들에게 대체약으로 처방해야 해 불편함이 따를 것으로 예상됩니다.",폐사는 공급 정상화를 위해 제조원과 긴밀히 연락하여 최대한 노력하고 있습니다. 현재로서 가능한 가장 빠른 다음 입고 시점은 2020년 6월 5일로 예상되며 이에 따라 2020년 7월 6일부터 공급이 다시 가능할 것으로 사료됩니다.,2020-07-06,2020-05-15,6,8806489023316
2020-05-21,라파뮨정0.5밀리그램(시롤리무스),한국화이자제약(주),2020-05-22,"코로나-19로 인한 전세계 위기 상황으로 인하여 해외 제조원의 원활한 생산이 차질을 빗고 있으며, 대륙간 이동을 해야하는 복잡한 공급 체계로 인해 라파뮨정0.5밀리그램의 수급이 늦어지고 있습니다. 현재 가장 빠르게 공급받을 수 있는 다음 재고가 존재하나, 국내에 허가된 원료의약품의 재시험기간 (18개월)을 초과한 원료의약품을 사용하여 제조된 것이 문제가 되어 한국으로 선적을 하지 못하고 있습니다. 이에 폐사는 공급 정상화를 위해 제조원과 긴밀히 연락하여 재시험기간을 24개월로 연장하여 빠른 시일 내에 수입하기 위해 최대한 노력하고 있습니다.","라파뮨정은 신장이식 환자에서의 장기 거부반응 예방과 림프관평활근종증 환자의 치료에 쓰이는 약제로서, 필요로 하는 환자들에게 대체약으로 처방해야 해 불편함이 따를 것으로 예상됩니다.",폐사는 공급 정상화를 위해 제조원과 긴밀히 연락하여 최대한 노력하고 있습니다. 현재로서 가능한 가장 빠른 다음 입고 시점은 2020년 6월 5일로 예상되며 이에 따라 2020년 7월 6일부터 공급이 다시 가능할 것으로 사료됩니다.,2020-07-06,2020-05-15,81,8806489025112
2020-05-15,카버젝트주사20마이크로그람(알프로스타딜),한국화이자제약(주),2020-05-18,"지난 3월, 본 품목에 대하여 공급 부족을 보고한 바 있습니다. 아사의 사정으로 공급 정상화가 지연되어 재보고합니다.",동일 성분 및 제형의 타사 제품이 공급 중이므로 큰 문제는 없을 것으로 사료됩니다.,"지난 3월, 본 품목에 대하여 5월 18일 공급 재개할 것이라고 보고한 바 있습니다. 공급 정상화가 지연되어 6월 중 공급 재개 예정으로 재보고합니다.",2020-06-01,2020-05-15,0,8806489010217
2020-05-13,포스레놀정750밀리그램(탄산란탄),제이더블유중외제약(주),2020-06-15,제품의 경도 시험 기준일탈로 인한 수입 지연,자사 품목 중 대체가능 의약품 재고는 보유 중으로 대체의약품을 안내예정 이므로 본 제품 공급부족으로 인한 문제는 없을 것으로 예상됨 - 산제(포스레놀산1000mg) 재고 약 2개월분 보유중이며 지속 공급 예정임,"제조사에서 생산 중, 정제 경도 규격시험 문제 발생으로 수입지연 발생 중. 제조사와 긴밀하게 생산일정을 조율하여 공급부족 기간을 최소로하여 시장 안정화 될 수 있도록 조치 예정임.",2020-08-01,2020-05-11,153,8806449042425
2020-04-29,"감마-글로불린주(사람면역글로불린)(수출명:감마네이트,아이.엠.글로불린/지씨피디)",(주)녹십자,2020-04-24,사유 1: 2020년 1~2월 판매량이 2019년 같은 시기 평균 대비 증가하였습니다. (계획 대비 Sales 증가: 771병->2098병) 사유 2: 본 제품이 식약처 연구과제(표준품 후보물질)에 쓰여 2019년 11월 기준 재고가 7384병 차감되었습니다. 사유 3: 본 제품이 충전되는 폐사 오창공장 1충전실의 충전기 변경으로 인해 대단위 GMP 실사를 받았습니다.,"본 제품은 대체 의약품이 없으나, 그간 허가받은 적용증에만 사용 시, 공급에 문제가 발생하지 않았습니다. 최대한 빠른 재 공급을 통해 환자치료에 문제가 없게 끔 하겠습니다.","2020년 1,2월 판매량 증가를 인지 한 후 1충전실 충전기 변경에 따른 대단위 GMP 실태조사를 위한 Process validation 시 감마불린주를 1순위로 진행하였습니다.(2020년 3월) 이후 품질관리시험을 신속히 진행하여 최대한 빠른 일정으로 공급할 예정이오니 양해를 부탁 드립니다.",2020-06-26,2020-04-28,0,8806436000100
2020-04-17,덱실란트디알캡슐30밀리그램(덱스란소프라졸),한국다케다제약(주),2020-03-27,제조원 제품 생산일정 지연으로 일시적인 품절이 예상됩니다. 폐사에서는 생산일정을 신속히 조정하려고 노력하고 있습니다.,"덱실란트디알캡슐은 소화성궤양용제입니다. 동일 성분의 60밀리그램 품목이 국내 허가되어 있으며, 동일 효능효과의 대체재가 다수 국내 허가되어 있어 환자에게 미치는 영향이 크지는 않을 것으로 사료됩니다.",폐사는 공급정상화를 위해 제조원과 긴밀히 연락하고 있으며 최대한 신속한 해결을 위해 노력하고 있습니다. 현재로서 가능한 가장 빠른 공급 재개 시점은 4월말로 예상됩니다.,2020-04-21,2020-04-16,0,8806963001724
2020-04-10,제일제약네오스티그민메틸황산염주,(주)제일제약,2020-05-08,주성분(네오스티그민메틸황산염)원료의 수급이 어려워 다른 공급처를 확인 중에 있습니다.,(2020.04 현재)퇴장방지의약품으로 본사의 제품과 더불어 대한네오스티그민메틸황산염주사액이 등록되어 있는 상황입니다.,주성분원료 공급처가 확보되는 대로 제품의 생산이 가능 할 것으로 판단됩니다.,2020-07-10,2020-04-10,24,"8806505005500,8806505005517,8806505005524"
2020-04-10,알닥톤필름코팅정25밀리그람(스피로노락톤),한국화이자제약(주),2020-03-24,제조원의 공급 일정 지연,약학정보원에서 확인한 바로 알닥톤과 동일 성분/동일 용량인 제품은 구주스피로닥톤 (구주제약) 제품이 생산 및 유통이 되고 있는 것으로 파악됩니다.,자사는 공급정상화를 위해 제조원과 긴밀히 연락하여 최대한 노력하고 있습니다. 현재로서는 가능한 가장 빠른 다음 입고 시점은 2020년 4월으로 예상되며 2020년 5월부터 공급이 다시 가능할 것으로 사료됩니다.,2020-05-06,2020-04-10,0,8806489006111
2020-04-09,마플러스나잘스프레이,(주)유한양행,2020-06-10,공급부족 관련 사유서 첨부.,동 품목의 대체약제들이 다수 판매되고 있으므로 동 품목의 공급중단으로 인한 환자 치료에 미치는 영향은 적을 것으로 판단됩니다.,"코로나 19로 인한 항공선적 일정 지연되고 있으나, 항공일정을 조속히 조율하여 빠른 시일 내에 품목 공급이 정상화될 수 있도록 하겠습니다.",2020-05-15,2020-04-08,"1,969","8806421004809,8806421004816"
2020-04-09,5-에이치티피캅셀(5-하이드록시트립토판(옥시트립탄)),한국희귀필수의약품센터,2020-04-13,"작년 월 평균 출고량 대비 2020년 1분기 평균 출고량 증가로 재고 부족 현상이 발생하였습니다. 유첨의 자료에서 입출고량 단위는 capsule입니다. 해당 의약품의 유통 단위는 병(50caps/병)이므로 유통 단위로 환산하기 위해서는 50으로 나누어야 합니다. <2019년 대비 2020년 평균 출고량> 2019년 월평균 출고량 : 약 33병 2020년 1분기 월평균 출고량 : 70병 (4월 9일까지의 출고분, 산출 시 3.3개월로 계산)","온라인으로 검색 결과, 5-HTP는 유첨의 자료에서 확인할 수 있듯이, 식품의약품안전처에서 인터넷 구매대행 수입금지 성분으로 지정하고 있습니다. 따라서 국내에 정식으로 허가된 건강기능식품은 없어서 조속한 공급 재개가 필요합니다.",제조사 측 회신에 따르면 송금 이후에 생산을 계획 중으로 최종 입고되기까지 걸리는 시간은 3~4개월 소요될 것으로 예상하여 7월 27일에 공급 재개를 계획하고 있습니다.,2020-07-27,2020-04-09,7,8806640000118
2020-03-05,소아용루리드현탁정50밀리그람(현탁용록시트로마이신),(주)한독,2020-06-01,주성분 원료 수급에서의 이슈 발생으로 인한 일시 공급 중단,"소아용루리드는 인후두염, 급성기관지염, 편도염 등 호흡기감염증과 중이염, 부비동염 등에 적응증이 있는 마크로라이드계 약제로, 50mg의 공급부족으로 인해 일부 환자의 불편함이 예상되지만, 주성분 동일한 성인용 정제(루리드정 150mg)가 현재 공급되고 있어 환자 치료에 큰 영향을 미치지 않을 것으로 생각됩니다.",최대한 노력하여 빠른 시일 내 공급이 정상화 될 수 있도록 노력하겠습니다.,2020-10-15,2020-02-29,4491,"8806521005607,8806521005614"
2020-03-04,카버젝트주사20마이크로그람(알프로스타딜),한국화이자제약(주),2020-03-03,제조소 사정으로 공급부족이 발생하고 있습니다.,동일 성분 및 제형의 타사 제품이 공급 중이므로 큰 문제는 없을 것으로 사료됩니다.,5월 중 공급 재개 예정으로 공급안정화를 위하여 노력하고 있습니다.,2020-05-18,2020-03-03,0,8806489010217
2020-02-18,화이자시타라빈주,한국화이자제약(주),2020-02-01,"기존 수요를 고려해서 안전한 재고를 유지하고 있었으나, 시장에서의 예측하지 못한 과수요(기존 월평균대비 4배)로 인해서 단기 품절되었습니다.","시타라빈주는 급성 골수성 백혈병 및 급성 림프성 백혈병을 포함한 백혈병 치료 전반에 관해 요법 및 공고 요법에 사용되는 약제로서 다른 성분의 약제로 대체가 불가능합니다. 다만, 당사의 시타라빈주와 동일한 성분의 약제들이 존재하며, 해당 약제의 수급에 문제가 없는 상태로, 시타라빈주의 이번 품절로 인한 환자 치료에 미치는 영향은 적을 것으로 생각됩니다.",폐사는 공급정상화를 위해 제조원과 긴밀히 연락하여 최대한 노력하고 있습니다. 현재로서 가능한 가장 빠른 다음 입고 시점은 2020년 2월로 예상되며 이에 따라 2020년 3월부터 공급이 다시 가능할 것으로 사료됩니다.,2020-03-31,2020-01-28,0,8806489032813
2020-02-18,화이자데페록사민메실레이트주500mg,한국화이자제약(주),2020-02-04,"기존 수요를 고려해서 안전한 재고를 유지하고 있었으나, 시장에서의 예측하지 못한 과수요가 20년 1월에 발생하여 단기 품절되었습니다.","데페록사민 메실레이트 주는 신체 내 철분의 균형유지를 위해 주로 사용되는 약제입니다. 신체 내 철분 축적 치료를 위해서 경구용으로 투여되는 대체제가 국내에 판매되고 있지만, 본 약제가 국내에서 정맥주입 또는 근육주사로 투여되는 유일한 약제이기 때문에 공급 부족 시 정맥주입 또는 근육주사로만 투여 가능한 환자들에게는 대체제가 없는 상황입니다.",폐사는 공급정상화를 위해 제조원과 긴밀히 연락하여 최대한 노력하고 있습니다. 현재로서 가능한 가장 빠른 다음 입고 시점은 2020년 2월로 예상되며 이에 따라 2020년 3월부터 공급이 다시 가능할 것으로 사료됩니다.,2020-03-09,2020-01-30,47,8806489032028
2020-02-18,디스포트주(클로스트리디움보툴리눔A형독소-혈구응집소복합체),입센코리아(주),2020-02-21,2019년에 수입된 디스포트의 국내출하시험에 밸리데이션 문제가 있음.,"타 회사에서 동일 성분의 제품이 판매 중으로 치료에 직접적인 영향을 미치거나, 시장 공급 부족 발생 가능성이 없을 것으로 파악됨.",도매상 및 공단에 공문 배포 2020년 3월 새로운 배치의 수입 및 국내 실험실 조건 안정화를 위한 실험 진행중,2020-06-01,2020-02-18,0,8806814000111
2020-02-12,덱실란트디알캡슐30밀리그램(덱스란소프라졸),한국다케다제약(주),2020-02-12,제조원 제품 생산일정 지연으로 일시적인 품절이 예상됩니다. 폐사에서는 생산일정을 신속히 조정하려고 노력하고 있습니다.,"덱실란트디알캡슐은 소화성궤양용제입니다. 동일 성분의 60밀리그램 품목이 국내 허가되어 있으며, 동일 효능효과의 대체재가 다수 국내 허가되어 있어 환자에게 미치는 영향이 크지는 않을 것으로 사료됩니다.",폐사는 공급정상화를 위해 제조원과 긴밀히 연락하고 있으며 최대한 신속한 해결을 위해 노력하고 있습니다. 현재로서 가능한 가장 빠른 공급 재개 시점은 2월말로 예상됩니다.,2020-02-25,2020-02-12,0,8806963001724
2020-02-11,테라마이신안연고,한국화이자제약(주),2019-11-06,"테라마이신안연고 3.5G 1TUBE 제형은 제조원의 제품 생산 일정 지연으로 인하여 품절이 예상되고 있습니다. 해당 제품은 새로운 옥시테트라사이클린염산염 원료 공급처로 변경하는 과정에서 생산 일정이 지연되어, 지난 2019년 11월 6일자 보고 드렸던 공급 정상화 예상일정 대비 추가 지연이 예상되고 있어 해당 업데이트 사항 보고 드립니다. 폐사는 제품 공급정상화를 위하여 제조원과 긴밀히 연락하며 최대한 노력하고 있으며, 불가피하게 2020년 7월 중순 이후부터 공급이 다시 가능할 것으로 사료됩니다.","테라마이신 안연고는 옥시테트라사이클린염산염 및 폴리믹신B 감수성균에 의한 결막과 각막을 포함한 표재성 안감염 치료에 사용되는 제제로, 동일 성분내 유일한 제제이며, 이에 환자 진료 및 치료에 불편함이 따를 것으로 예상됩니다.",폐사는 공급 정상화를 위해 제조원과 긴밀히 연락하여 최대한 노력하고 있습니다. 현재로서 가능한 가장 빠른 다음 입고 시점은 2020년 5월로 예상되며 이에 따라 2020년 7월부터 공급이 다시 가능할 것으로 사료됩니다.,2020-07-15,2019-11-06,0,8806489010811
2020-02-06,네시나메트정12.5/500밀리그램,한국다케다제약(주),2020-02-05,제조원 제품 생산일정 지연으로 일시적인 품절이 예상됩니다. 폐사에서는 생산일정을 신속히 조정하려고 노력하고 있습니다.,"네시나메트정은 당뇨병치료제입니다. 동일 성분의 단일제가 국내 허가되어 있으며, 동일 효능효과의 대체재가 다수 국내 허가되어 있어 환자에게 미치는 영향이 크지는 않을 것으로 사료됩니다.",폐사는 공급정상화를 위해 제조원과 긴밀히 연락하고 있으며 최대한 신속한 해결을 위해 노력하고 있습니다. 현재로서 가능한 가장 빠른 공급 재개 시점은 2월말로 예상됩니다.,2020-02-29,2020-02-05,0,8806963003445
2020-02-06,네시나메트정12.5/1000밀리그램,한국다케다제약(주),2020-02-05,제조원 제품 생산일정 지연으로 일시적인 품절이 예상됩니다. 폐사에서는 생산일정을 신속히 조정하려고 노력하고 있습니다.,"네시나메트정은 당뇨병치료제입니다. 동일 성분의 단일제가 국내 허가되어 있으며, 동일 효능효과의 대체재가 다수 국내 허가되어 있어 환자에게 미치는 영향이 크지는 않을 것으로 사료됩니다.",폐사는 공급정상화를 위해 제조원과 긴밀히 연락하고 있으며 최대한 신속한 해결을 위해 노력하고 있습니다. 현재로서 가능한 가장 빠른 공급 재개 시점은 2월말로 예상됩니다.,2020-03-20,2020-02-05,0,8806963003346
2020-02-03,화이자데페록사민메실레이트주500mg,한국화이자제약(주),2020-02-04,"기존 수요를 고려해서 안전한 재고를 유지하고 있었으나, 시장에서의 예측하지 못한 과수요가 20년 1월에 발생하여 단기 품절되었습니다.","데페록사민 메실레이트 주는 신체 내 철분의 균형유지를 위해 주로 사용되는 약제입니다. 신체 내 철분 축적 치료를 위해서 경구용으로 투여되는 대체제가 국내에 판매되고 있지만, 본 약제가 국내에서 정맥주입 또는 근육주사로 투여되는 유일한 약제이기 때문에 공급 부족 시 정맥주입 또는 근육주사로만 투여 가능한 환자들에게는 대체제가 없는 상황입니다.",폐사는 공급정상화를 위해 제조원과 긴밀히 연락하여 최대한 노력하고 있습니다. 현재로서 가능한 가장 빠른 다음 입고 시점은 2020년 2월로 예상되며 이에 따라 2020년 3월부터 공급이 다시 가능할 것으로 사료됩니다.,2020-03-09,2020-01-30,47,8806489032028
2020-01-30,후릭소타이드네뷸2밀리그램(플루티카손프로피오네이트(미분화)),(주)글락소스미스클라인,2020-05-01,공급지연으로 인해 장기간 품절예상됩니다.,공급지연으로 인해 장기간 품절 예상됩니다.,품절기간을 최소화하기위해 최선을 다하겠습니다.,2020-12-31,2020-01-30,2757,8806500016624
2020-01-30,화이자시타라빈주,한국화이자제약(주),2020-02-01,"기존 수요를 고려해서 안전한 재고를 유지하고 있었으나, 시장에서의 예측하지 못한 과수요(기존 월평균대비 4배)로 인해서 단기 품절되었습니다.","시타라빈주는 급성 골수성 백혈병 및 급성 림프성 백혈병을 포함한 백혈병 치료 전반에 관해 요법 및 공고 요법에 사용되는 약제로서 다른 성분의 약제로 대체가 불가능합니다. 다만, 당사의 시타라빈주와 동일한 성분의 약제들이 존재하며, 해당 약제의 수급에 문제가 없는 상태로, 시타라빈주의 이번 품절로 인한 환자 치료에 미치는 영향은 적을 것으로 생각됩니다.",폐사는 공급정상화를 위해 제조원과 긴밀히 연락하여 최대한 노력하고 있습니다. 현재로서 가능한 가장 빠른 다음 입고 시점은 2020년 2월로 예상되며 이에 따라 2020년 3월부터 공급이 다시 가능할 것으로 사료됩니다.,2020-03-31,2020-01-28,0,8806489032813
2020-01-22,프레다정1mg(에스트라디올반수화물),(주)다림바이오텍,2020-02-01,당사는 우수의약품 생산을 통한 지속적인 성장과 새로운 도약을 위해 원주기업도시에 신 공장을 건설하여 대단위 GMP 승인을 준비 중에 있으며 금주 내 신청서류를 제출할 계획입니다. 공장이전 기간 동안 제품공급에 문제없도록 비축생산과 재고관리를 해왔으나 예상보다 빨리 재고가 소진되었고 기존 공장은 2019년 9월 셧다운되어 추가 생산이 불가능합니다. .,별첨,"신속한 제품 공급을 위해 프레다정 1mg을 대단위 GMP 신청품목으로 선정하여 생산하였으며, 대단위 GMP승인이 예상되는 4월말 또는 5월 초에 정상 공급이 가능할 것으로 판단됩니다.",2020-05-01,2020-01-15,11,8806646010418
2020-01-21,5-에이치티피캅셀(5-하이드록시트립토판(옥시트립탄)),한국희귀필수의약품센터,2020-01-21,제조사에 원료의약품 수급이 지연되어 생산이 연기되었습니다. (유첨된 파일의 5-HTP 관련 서신_4),온라인으로 검색을 해보면 5-HTP가 주성분인 식품을 해외 구매대행을 통해 구할 수 있다는 광고글을 찾을 수 있으나 현재 식품의약품안전처에서는 인터넷 구매대행 수입금지 성분으로 지정하고 있습니다. 따라서 국내에 정식으로 허가된 건강기능식품은 없어서 조속한 공급 재개가 필요할 것으로 사료됩니다.,서신_4를 보시면 공급처에서 1월 15일 생산을 재개하여 2월 2주차면 생산이 완료된다고 언급하고 있습니다. 따라서 생산 일정과 배송 기간을 고려하여 4월 1일에 공급 재개하는 계획을 세웠습니다.,2020-04-01,2020-01-21,0,8806640000118
2020-01-20,5-에이치티피캅셀(5-하이드록시트립토판(옥시트립탄)),한국희귀필수의약품센터,2020-01-20,제조사에 원료의약품 수급이 지연되어 생산이 연기되었습니다. (유첨된 파일의 5-HTP 관련 서신_4 참고),온라인으로 검색을 해보면 5-HTP가 주성분인 식품을 해외 구매대행을 통해 구할 수 있다는 광고글을 찾을 수 있으나 현재 식품의약품안전처에서는 인터넷 구매대행 수입금지 성분으로 지정하고 있습니다. 따라서 국내에 정식으로 허가된 건강기능식품은 없어서 조속한 공급 재개가 필요할 것으로 사료됩니다.,서신_4를 보시면 공급처에서 1월 15일 생산을 재개하여 2월 2주차면 생산이 완료된다고 언급하고 있습니다. 따라서 생산 일정과 배송 기간을 고려하여 4월 1일에 공급 재개하는 계획을 세웠습니다.,2020-04-01,2020-01-20,0,8806640000118
2020-01-09,알닥톤필름코팅정25밀리그람(스피로노락톤),한국화이자제약(주),2019-12-12,제조원의 생산 일정 및 연말 연휴로 인한 선적 지연,약학정보원에서 확인한 바로 알닥톤과 동일 성분/동일 용량인 제품은 구주스피로닥톤 (구주제약) 제품이 생산 및 유통이 되고 있는 것으로 파악됩니다.,"자사는 공급정상화를 위해 제조원과 긴밀히 연락하여 최대한 노력하고 있습니다. 2019년 12월 13일자로 2019년 12월 말 입고하여 2020년 1월 중순으로 공급 정상화 일자를 보고 드렸으나, 연말 연휴로 인한 선적 지연의 이유로 2020년 1월 말 이후부터 공급이 다시 가능할 것으로 사료되어 새로이 보고드립니다.",2020-01-31,2020-01-09,0,8806489006111
2019-12-27,"가다실 9 프리필드시린지[인유두종바이러스9가(6, 11, 16, 18, 31, 33, 45, 52, 58형)백신(유전자재조합)]",한국엠에스디(유),2020-03-02,"이번 한시적인 공급 부족은 MSD 자체 가다실9 완제품의 검수 과정 중 일부 수량에서 백신 접종 이력 관리용 라벨부분을 제거 시, 유효기간, lot 번호 일부가 손상될 수 있을이 발견되어 추가적인 조사가 이루어져 공장에서 출하가 지연되었습니다.",1)가다실9의 공급지연으로 기존 접종 스케줄에접종을 못하는 사례가 발생하며 환자와 병원에 혼선이 발생 2)필요한 환자에게 접종을 못하게 되어 HPV 감염으로 인한 질환의 위험도가 증가함.,본사와 논의 하고 있음.,2020-04-01,2019-12-26,98269,8806555019311
2019-12-26,유한이세파마이신주사(이세파마이신황산염),(주)유한양행,2020-02-28,공급부족 관련 사유서 첨부,동 품목의 대체약제들이 다수 판매되고 있으므로 동 품목의 공급중단으로 인한 환자 치료에 미치는 영향은 적을 것으로 판단됩니다.,원료 입고 후 조속히 완제품 생산 진행하여 빠른 시일 내에 품목 공급이 정상화될 수 있도록 하겠습니다.,2020-03-26,2019-12-26,800,8806421021141
2019-12-13,알닥톤필름코팅정25밀리그람(스피로노락톤),한국화이자제약(주),2019-12-12,제조원의 생산 일정 지연,"현재 스피로노락톤 성분명의 대체 의약품으로 스피락톤정(대원제약), 스피로닥톤(구주제약), 로피톤정(영일제약) 등의 Originator 제품 포함 총 6개 제품이 생산 및 유통되고 있습니다. (본 자료는 의약품 정보검색센터인 KIMS online 에서 확인하였습니다.)","자사는 공급정상화를 위해 제조원과 긴밀히 연락하여 최대한 노력하고 있습니다. 현재로서 가능한 가장 빠른 다음 입고 예상 시점은 2019년 12월 31일이며, 2020년 1월 9일부터 공급이 다시 가능할 것으로 사료됩니다.",2020-01-09,2019-12-13,0,8806489006111
2019-12-10,파이브로베인주3%바이알(테트라데실황산나트륨),금청약품(주),2019-12-10,제조사의 제품포장지연으로 인하여 수입이 지연됨.,하지의 정맥류 치료 어려움,제조사와 협의하여 공급정상화를 위해 최대한 노력할 것입니다.,2020-01-14,2019-12-10,30,8806849000322
2019-12-10,파이브로베인주1%(테트라데실황산나트륨),금청약품(주),2019-12-10,제조사의 제품 포장 지연으로 인하여 수입이 지연되어 공급 부족이 발생함,압박경화요법에 따른 하지의 정맥류 처치의 어려움,제조사와 협의하여 공급정상화를 위해 최대한 노력할 것입니다.,2019-12-20,2019-12-10,19,8806849000421
2019-12-10,카버젝트주사10마이크로그람(알프로스타딜),한국화이자제약(주),2019-12-10,제조소 사정으로 공급 부족이 발생하고 있습니다.,동일 성분 및 제형의 타사 제품이 공급 중이므로 큰 문제는 없을 것으로 사료됩니다.,2월 초 공급 재개 예정으로 공급안정화를 위하여 노력하고 있습니다.,2020-02-10,2019-12-09,0,8806489010118
2019-12-05,카버젝트주사20마이크로그람(알프로스타딜),한국화이자제약(주),2019-12-04,제조소의 공급 지연입니다.,동일 성분 및 제형의 타사 제품이 공급 중이므로 큰 문제는 없을 것으로 사료됩니다.,2월 초 공급 재개 예정으로 공급안정화를 위하여 노력하고 있습니다.,2020-02-10,2019-12-05,0,8806489010217
2019-11-21,"프리오릭스주(홍역,유행성이하선염및풍진혼합생바이러스백신)",(주)글락소스미스클라인,2020-01-01,당사제품 프리오릭스(Priorix)는 홍역으로 인한 수요 증가로 인해 2020년 1월부터 3개월간 단기 품절이 예상됩니다.,동일성분의 백신 접종이 가능합니다.,공급 정상화를 위해 본사와 지속적으로 논의 중입니다.,2020-04-01,2019-11-21,55213,8806500014217
2019-11-06,테라마이신안연고,한국화이자제약(주),2019-11-06,테라마이신안연고 3.5G 1TUBE 제형은 제조원의 제품 생산 일정 지연으로 인하여 품절이 예상되고 있습니다. 폐사는 공급 정상화를 위해 제조원과 긴밀히 연락하여 최대한 노력하고 있습니다.,"테라마이신 안연고는 옥시테트라사이클린염산염 및 폴리믹신B 감수성균에 의한 결막과 각막을 포함한 표재성 안감염 치료에 사용되는 제제로 동일 성분내 유일한 제제이며, 이에 환자 진료 및 치료에 불편함이 따를 것으로 예상됩니다.",폐사는 공급 정상화를 위해 제조원과 긴밀히 연락하여 최대한 노력하고 있습니다. 현재로서 가능한 가장 빠른 다음 입고 시점은 2020년 1월로 예상되며 이에 따라 2020년 2월 중순부터 공급이 다시 가능할 것으로 사료됩니다.,2020-02-12,2019-11-06,0,8806489010811
2019-10-21,파루탈정(메드록시프로게스테론아세테이트),한국화이자제약(주),2019-10-05,DP(Drug Product) 부족으로 제조원에서 생산 지연,"파루탈정500mg은 유방암, 자궁내막암, 신장암, 전립선암의 치료를 위해 사용되는 약제입니다. 현재 동일 성분 대체 약제는 없지만, 다른 호르몬 제제, 수술 요법, 그리고 항암제 등 국내에 허가된 대체 요법이 있습니다.",폐사는 공급정상화를 위해 제조원과 긴밀히 연락하여 최대한 노력하고 있습니다. 현재로서는 2019년 11월 중순부터 공급이 다시 가능할 것으로 사료됩니다.,2019-11-11,2019-10-21,0,8806489010910
2019-09-20,로지맥스서방정,한국아스트라제네카(주),2019-10-07,"로지맥스서방정은 아래의 예상 재고량 표와 같이 2019년 10월 초부터 품절과 함께 시장에서의 공급부족도 예상됩니다. 표. 2019년 로지맥스서방정 예상 재고량(2019년 9월 18일 기준) -마지막 수입일 : 2019년 5월 3일 연월 2019 7월 8월 9월 10월 11월 12월 (예상) 수요량 338 258 208 263 257 235 판매량 338 258 208 160 0 0 (예상) 재고량 635 368 160 0 0 0 주된 공급부족 사유는 제조사의 반제품 정제 공급 지연입니다. 반제품 정제의 공급지연으로 인해 완제품 생산이 늦어지고 있으며 한국아스트라제네카는 지속적으로 빠른 공급 재개를 위한 방법을 논의 중입니다만, 공급부족이 해소되는 시점을 확실히 확인하지 못하고 있습니다. 현재의 예상으로는 보수적으로 약 3개월의 공급부족이 예상되며 2020년 1월에는 추가로 공급이 가능할 것으로 예상됩니다. - 로지맥스서방정 : 2019년 10월 7일 ~ 2020년 1월 2일","로지맥스서방정은 β1-선택적차단제인 메토프롤롤숙신산염과 칼슘채널차단제인 펠로디핀의 복합제입니다. 복합성분을 통해 단독요법으로 혈압이 적절히 조절되지 않는 고혈압에 사용됩니다. 현재 시판 중인 메토프롤롤/펠로디핀을 유효성분으로 하는 복합제는 로지맥스가 유일하지만, 아래와 같이 단일제가 있습니다. 메토프로롤 : 푸로롤100서방정(메토프롤롤숙신산염) 펠로디핀 : 유한스프렌딜지속정5밀리그람(펠로디핀) 외 34개 품목 동일 성분이 아닌 동일 계열약물로는 - β1-선택적차단제 : 아테놀롤, 비소프롤롤, 베탁솔롤, 네비보롤 등을 유효성분으로 하는 다양한 완제의약품이 허가되어 있습니다. - 칼슘채널차단제 : 암로디핀, 니페디핀, 레르카니디핀, 니카르디핀, 니모디핀, 니솔디핀, 라시디핀, 마니디핀, 베니디핀, 바니디핀 등을 유효성분으로 하는 다양한 완제의약품이 허가되어 있습니다. 완전히 동일한 복합제는 없으나 단일제 품목과 동일 계열약물을 포함한 상기의 약제들이 고혈압의 치료적응증을 동일하게 가지고 있으며, 환자의 입장에서는 치료에 큰 혼선 없이 대체가 가능할 것으로 보입니다.","공급정상화를 위해 지속적으로 제조원의 상황을 주시하고, 반제품 정제의 확보를 위해 지속적으로 제조원에 필요성을 제기할 것입니다. 공급이 가능한 시점에서는 각 공급 과정에서 소요되는 일정을 줄여 공급부족 기간을 최소화할 예정입니다.",2020-01-02,2019-09-18,154,8806507001630
2019-09-17,하브릭스주(A형간염백신),(주)글락소스미스클라인,2019-09-03,A형 간염 확산으로 인한 수요 과다로 공급 부족이 발생하였습니다.,성인용 A형간염 백신을 접종하고자 하는 경우 하브릭스 1440이외에 다른 제품으로 접종해야 합니다.,본사와 지속적으로 안정적인 공급에 관해 논의하고 있으며 현재 기준으로 예상되는 정상화 시점은 2019년 12월 13일 경입니다.,2019-12-13,2019-09-17,0,8806500018017
2019-09-05,타가메트주사(시메티딘),(주)유한양행,2019-11-08,공급부족 관련 사유서 첨부,"타가메트주사의 대체약제들이 다수 판매되고 있고, 11월 중 공급 정상화가 예정됨에 따라 동 품목의 일시적 공급부족으로 인한 환자 치료에 미치는 영향은 적을 것으로 판단됩니다.","주성분 원료는 10월 중 입고 예정으로, 빠른 시일 내에 품목 공급이 정상화될 수 있도록 원료 입고 후 조속히 완제품 생산 진행하겠습니다.",2019-11-30,2019-09-04,442,8806421024227
2019-08-28,저박사주,한국엠에스디(유),2019-09-02,"２． 저박사®주(ZERBAXA®)의 생산 공장에서 제조 후 출하 시험 중, 일부 바이알에서 미립자(Particle)가 발견되어 원인 파악을 위해 생산 및 공급이 중단되었습니다.",３． 원인 파악 및 시설 개선은 완료되었으며 현재 시장에 출고된 저박사®주(ZERBAXA®)의 품질에는 문제가 없습니다.,2020년 3분기에 공급이 재개될 것으로 예상됩니다. 폐사는 이번 저박사®주(ZERBAXA®)의 장기 공급중단이 환자에 미치는 영향 등 사안의 중대성을 깊이 인식하고 원활한 공급 재개를 위해 노력하고 있습니다.,2020-07-20,2019-08-28,2,8806555019625
2019-08-19,플루다라정(플루다라빈포스페이트),(주)사노피-아벤티스코리아,2019-09-01,"플루다라정(플루다라빈포스페이트)의 1차 포장제조원의 정제 및 1차포장자재 수급 지연 이슈가 지속적으로 발생됨에 따라 9월로 생산이 지연될 것임을 통보 받았습니다. 이에 따라 2차포장제조원을 거쳐 제품을 국내 수입하여 판매 가능한 시점은 11월로 예상되는 바, 해당 제품의 일시적 결품이 예상됩니다. 해당 제품은 global demand가 매우 낮아 생산 빈도가 낮은 바, 타 국가 역시 지속적으로 공급 불안정한 상태입니다.","플루다라정(플루다라빈포스페이트)은 B 세포 만성 임파구성 백혈병의 일시적 치료 혹은 이차적 치료에 사용되는 희귀의약품입니다. 국내에는 플루다라정의 제네릭 의약품은 없으나, 동일 성분을 함유하며, 동일 적응증을 보유하고 있는 아사의 플루다라주(플루다라빈포스페이트)가 원활히 공급되고 있습니다. 아사는 불가피한 공급중단으로 인한 환자들의 피해를 최소화하기 위해, 해당 의약품의 공급중단기간 동안 플루다라주로 대체 처방이 가능하도록 병원 측의 양해를 구하였습니다. 이와 같이, 아사는 환자의 치료에 지장이 없도록 최선을 다하겠습니다.","아사에서는 제조원의 공급 지연에 대해 심각성을 인지하고 있으며, 플루다라정의 생산일정이 지연되지 않게 하기 위해 국내 11월 공급을 최우선으로 두고 생산을 진행하고 있습니다. 아사에서는 플루다라정의 생산이 재개되는 대로 수입할 수 있도록 하겠습니다.",2019-11-04,2019-08-12,14,8806411009609
2019-08-13,리루텍정(리루졸),(주)사노피-아벤티스코리아,2019-10-25,원료물질 공급 부족으로 인한 주성분 생산 지연에 따른 결품,"자사에서 공급중인 리루텍정(리루졸)은 주성분 제조에 사용되는 원료 공급 부족에 따라 일시적 결품이 예상됩니다. 해당 제품은 10월 25일경부터 도매상 출고가 중단될 것으로 보이며, 재고량에 따라 중단 일자가 앞당겨질 수 있습니다. 판매 추이를 고려하였을 때, 실제 시장에서 결품이 발생하는 시점은 2019년 11월 중순 경으로 예상됩니다. 리루텍정(리루졸)은 운동신경세포병(Motor neuron disease, G12.2)의 세부 분류 중 하나인 근위축성축삭경화증(Amyotrophic lateral sclerosis, ALS), 속칭 루게릭병이라 불리는 질환의 치료제입니다. 국내에는 리루텍정의 제네릭 의약품 1개 품목이 있습니다.","현재 원료의약품 제조소에서 보유 중인 원료물질로 적절한 품질의 주성분 생산을 재개할 예정이며, 추후 새로운 공급처로부터 원료물질을 공급받아 안정적으로 주성분을 생산할 수 있도록 할 예정입니다. 아사에서는 리루텍정의 생산이 재개되는 대로 수입할 수 있도록 하겠습니다.",2020-02-24,2019-08-12,1803,"8806520002201,8806520002218"
2019-08-12,큐티베이트크림(플루티카손프로피오네이트(미분화)),(주)글락소스미스클라인,2019-07-11,제조처의 사정으로 당사 제품 큐티베이트크림 15g이 품절 상태입니다.,"동일 성분의 제품은 없지만, 동일한 강도의 스테로이드 연고가 존재하여, 환자 치료에 미치는 영향을 적을 것으로 판단됩니다.",공급 정상화 추진 계획 : 재공급시기를 앞당길 수 있도록 노력하고 있습니다. 공급 정상화 예상 일자 : 지금 시점으로는 2020년 1월 이후로 예상 됩니다.,2020-01-02,2019-08-09,50,8806500019113
2019-08-07,리소드렌정500밀리그람(미토테인),비엘엔에이치(주),2019-09-02,제조사측의 생산 문제로 인하여 수입이 원활하지 않아 공급부족이 예상됩니다.,리소드렌정의 제품은 부신피질암(항암제) 치료제로써 현재 대체제가 없으며 일반적으로 수술을 통해 치료가 가능하지만 그렇지 못할 경우 리소드렌정을 처방 받아 매일 복용해야 합니다.,현재 수입이 원활하지 않아 제조사와 협의중이며 2019년 10월 중에 리소드렌을 받기로 하였으며 국내 수입 후 QC(자가품질검사) 진행하여 11월초~ 11월 말 쯤 다시 원활히 공급 될 수 있도록 추진하고 있습니다.,2019-11-25,2019-08-07,31,8806797004410
2019-07-10,벤토린네뷸2.5mg(살부타몰황산염),(주)글락소스미스클라인,2019-08-01,전세계적 수요급증으로 인해 제조처로부터의 공급이 원활하지 않습니다.,"nebule과 solution제제는 성상만 다를 뿐 같은 약제이므로 한쪽 약제가 일시 품절된다고 해서 환자 치료에 큰 영향을 준다고 생각하기에는 어렵습니다. 단, 문제는 두 약제가 모두 품절이 되는 경우인데 이런 경우에는 즉각적인 기관지 확장이 필요한 환자에게는 위해가 갈 수 있습니다. 그래서 벤토린이 공급 이슈가 있을 시 보고 대상이 되는 약제입니다.",Site에 지속적으로 한국에서 벤토린 네뷸이 필요하다고 계속 설득중입니다.,2019-08-20,2019-07-10,12427,8806500004539
2019-06-10,"가다실 프리필드시린지[인유두종바이러스 4가(6,11,16,18형) 백신(유전자재조합)]",한국엠에스디(유),2019-07-29,생산라인변경으로 인한 일시적인 생산지연,"1. 가다실4 국가필수예방접종 사업 공급 지연으로, 가다실4 두 번째 접종(2가 백신과 교차 접종 불가)을 못하는 경우가 발생하여 환자 및 병원에 큰 혼선이 발생할수 있음. 2. 가다실4 국가필수예방접종 사업 공급지연으로, 접종을 개시하지 못하여 HPV 노출로 인한 감염의 우려가 있음.",본사와 논의 하고있음,2019-08-23,2019-06-10,45167,8806555000203
2019-05-15,하나니트로글리세린0.6밀리그람설하정,하나제약(주),2019-05-16,- 포장 자재 중 병내부 완충솜(CottonBall) 부적합으로 인한 공급지연,"포장 자재 수급 이 후 빠른 공급이 가능하며, 해당품목과 유효성분이 동일하며 제형이 같은 제품(명문니트로글리세린0.6밀리그램설하정)이 존재하여 환자의 치료에 영향을 미치지 않을 것으로 판단됨",포장 자재(병내부 완충솜(Cotten ball) 수급 후 즉시 공급 정상화 (포장 대기중인 생산 Lot의 제조 일자 : 2019.03.06.),2019-07-26,2019-05-15,36,8806578023111
2019-05-15,쿠파린정2밀리그람(와파린나트륨),하나제약(주),2019-05-16,주원료 공급지연(와파린나트륨 부적합으로인한 공급지연),없음,생산 재개(생산 재개 일자 : 2019.04.30)를 통한 공급 정상화,2019-05-24,2019-05-15,23,8806578019022
2019-05-10,"가다실 9 프리필드시린지[인유두종바이러스9가(6, 11, 16, 18, 31, 33, 45, 52, 58형)백신(유전자재조합)]",한국엠에스디(유),2019-06-17,"이번 한시적인 공급 부족은 MSD 자체 가다실9 완제품의 검수 과정 중 라벨 제거 시 유효기간, Lot 번호가 손상됨이 발견되어 해당 포장 제품에 대해 재포장이 아닌 전량 재 생산이 결정되어 일시적으로 지연이 되었습니다.",1) 가다실9의 공급 지연으로 기존 접종 스케줄에 접종을 못하는사례가 발생하며 환자와 병원에 혼선이 발생 2) 특히 작년 10월 공급 재개 후 1차 접종을 했던 3차 샹이 5-7월에 집중 되어 일반적인 상황 보다 더 큰 혼선이 예상 3) 필요한 환자에게 접종을 못하게 되어서 HPV 감염으로 인한 질환의 위험도가 증가 함.,본사와 논의 하고있음,2019-08-01,2019-05-10,72795,8806555019304
2019-05-08,프로베라정5mg(메드록시프로게스테론아세테이트),한국화이자제약(주),2018-12-04,프로베라 정 5MG 제형은 예상치 못한 11월 판매량 급증으로 가용화 재고가 빠르게 소진되어 12월 품절이 예상되고 있습니다. 폐사는 최대한 빠른 시간 안에 공급을 정상화 하고자 노력을 하고 있습니다,"본 제품은 속발성 무월경, 호르몬불균형에 기인하는 기능성 자궁출혈, 경증 또는 중등도 자궁내막증, 폐경기여성에 대한 에스트로겐투여시 병용요법에 투여되는 약제로 2가지 함량(5mg, 10mg)을 가지고 있습니다. 공급 부족이 발생한 함량은 5mg으로 나머지 10mg 함량은 정상적으로 판매되고 있습니다.",아사는 공급정상화를 위해 제조원과 긴밀히 연락하여 최대한 노력하고 있습니다. 현재로서 1월 초부터 공급이 가능할 것으로 여겨집니다.,2019-01-02,2018-11-29,67ea,8806489012204
2019-05-08,나이트로프레스주(니트로푸루시드나트륨),한국화이자제약(주),2019-03-25,첨부,첨부,첨부,2019-03-26,2019-03-22,0,8806489030406
2019-03-27,"간포트점안액(1회용), 간포트점안액",한국엘러간(주),2019-04-01,포장재 지연으로 인한 공급 지연,신약으로 현재 리스트 중이여서 큰 영향은 없습니다.,5월초 수입 예정입니다.,2019-06-03,2019-03-27,9,8806794002723
2019-03-22,브이펜드주사200밀리그람(보리코나졸)(주사용),한국화이자제약(주),2019-03-22,증가하는 수요와 제조원의 제품 생산 일정 지연으로 인하여 단기적으로 공급이 부족하게 되었습니다.,"브이펜드 주는 침습성 Aspergillus 감염에 대한 치료 및 칸디다혈증 및 칸디다 감염, Scedosporium apiospermum 과 Fusarium 속(Fusarium solani 포함)에 의한 중증 진균감염 중 다른 치료법에 대해 내약성이 나쁘거나 불응성인 환자에 대한 치료 및 조혈모세포 이식환자의 진균감염 예방 적응증이 있는 약제로, 당사의 동일 제재의 경구 제형 및 타사의 동일 성분 주사제가 있고 암포테리신 B 등 다른 옵션도 고려해볼 수 있어 환자 진료에 미치는 영향은 적을 것으로 사료됩니다.","다음 생산분은 3월 중순에 국내 입항되었으며, 국내 출하승인 시험이 종료되는 4월 초에 공급이 정상화 될 것으로 예상됩니다.",2019-04-08,2019-03-22,0,8806489003714
2019-03-21,부광살부타몰정4밀리그램(살부타몰황산염),부광약품(주),2019-03-20,공급부족 관련 사유서 첨부(공문 및 사유서),"현재 국내에서 동 품목과 동일한 주성분의 대체 가능 치료 약제와 그밖에 유사⋅동일한 적응증을 효능⋅효과로 가지는 다양한 의약품이 시장에서 다수 판매되고 있으므로, 환자에 미치는 영향이 크지 않을 것으로 예상됩니다.",변경신고(주성분 제조원 추가)건 처리 완료 후 2019년 4월경부터 재공급 가능할 것으로 예상됩니다.,2019-04-04,2019-03-20,0,"8806422007502,8806422007519,8806422007526,8806422007533,8806422007540"
2019-03-14,옴나리스나잘스프레이(미분화시클레소니드),한국아스트라제네카(주),2019-02-08,"주된 공급부족 사유는 포장자재의 기준일탈에 따른 포장과정의 지연입니다. 완제의약품 포장과정에서 필수 포장자재의 공급이 예상 밖으로 해결되지 않았고, 낮은 빈도로 공급되는 품목으로 연간 수입 횟수가 적으며 예상치를 웃도는 수요량으로 재고수준이 빠르게 낮아져 공급부족에 이르게 되었습니다. 추가로 일련번호 부여시스템에 대한 테스트도 지연되면서 아래의 기간동안 공급부족이 예상됩니다. - 옴나리스나잘스프레이 : 2019년 2월 8일 ~ 6월 말 한국아스트라제네카는 공급부족을 막기위해 지속적으로 제조소와 본사에 제품 수요를 설명하고 공급 재개 시기 단축을 독려하고 있으나, 현재로서는 포장자재의 확보로 인한 품절을 우회 할 수 있는 방법이 없는 상황입니다.","옴나리스는 알레르기비염에 사용하는 나잘스프레이 제제로, 코르티코스테로이드의 일종인미분화시클레소니드를 코로 전달합니다. 현재 시판중인 나잘스프레이 중 시클레소니드를 주성분으로 하는 의약품은 옴나리스가 유일하지만, 코르티코스테로이드인 모메타손푸로에이트를 유효성분으로 알레르기 비염에 효능효과가 있는 제품으로(나조넥스나잘스프레이 등) 약 41종의 의약품이 허가되어 있습니다. 또한 또다른 코르티코스테로이드인 fluticasone proate를 주성분으로 하는 아바미스 나잘 스프레이 역시 시판 중에 있습니다. 완전히 동일한 성분은 아니나, 상기의 약제들이 통년성 또는 계절성 비염의 치료적응증을 동일하게 가지고 있으며, 양쪽 비공에 하루 1-2회씩 분사하는 형태가 동일하여, 환자의 입장에서는 큰 혼선 없이 사용이 가능할 것으로 보입니다.","공급정상화를 위해 지속적으로 제조원의 상황을 주시하고, 각 공급 과정에서 소요되는 일정을 줄이도록 촉구하고 있습니다. 또한 수입 이후에 한국에서 실시하는 출하시험을 최대한 빨리 진행하여 공급을 정상화 할 수 있도록 출하시험 실시기관에 협조를 요청하였습니다.",2019-06-30,2019-03-13,0,8806507010212
2019-03-05,크레오신질크림2%(클린다마이신포스페이트),한국화이자제약(주),2019-03-05,제조원의 제품 생산 일정 지연으로 인하여 품절이 예상되고 있습니다. 폐사에서는 생산일정을 최대한 당겨보려 지속적으로 노력하고 있습니다.,"크레오신질크림2%는 세균성 질증 치료를 위해 사용되는 약제 입니다. 동일 성분 약제는 아니지만, 세균성 질증 치료를 위해 국내에 허가된 대체제가 다수 있으므로 환자에게 미치는 영향이 크지는 않을 것으로 여겨집니다.",폐사는 공급정상화를 위해 제조원과 긴밀히 연락하여 최대한 노력하고 있습니다. 현재로서 가능한 가장 빠른 공급 재개 시점은 4월 중순으로 사료됩니다.,2019-04-19,2019-03-05,0,8806489010613
2019-01-14,알리톡연질캡슐10밀리그램(알리트레티노인),(주)글락소스미스클라인,2019-01-15,수입 및 통관 일정 지연으로 공급이 1.5개월간 공급이 부족한 상황입니다.,"알리톡은 유일한 경구용 만성 중증 손습진 치료제으로 10mg, 30mg가 발매되었습니다., 10mg의 공급부족으로 인해 환자의 불편함이 예상되지만, 상용량인 30mg는 현재 공급되고 있습니다. 불편을 최소화하기 위해 최선을 다하겠습니다",최대한 노력하여 2월말에 공급 정상화 될 수 있도록 하겠습니다.,2019-02-28,2019-01-14,0,8806500031610
2019-01-07,화이자플루다라빈주(플루다라빈포스페이트),한국화이자제약(주),2019-01-21,제조원에서quality investigation으로 인한 생산 지연,플루다라빈주는 골수 보유가 충분한 환자로서 B-세포 만성 임파구성 백혈병의 일차적인 치료나 이차적인 치료에 사용되는 주사제입니다. 동일 성분/동일 함량으로 국내에 허가 받은 대체제가 존재하므로 환자들에게 대체제를 처방해야 하는 불편함 외에는 환자에게 미치는 영향이 크지 않을 것으로 여겨집니다.,"다음 생산분은 2월 말 제조원에서 출하하여 3월 말 국내 입항될 예정이며, 4월 초 정상화 될 것으로 예상됩니다.",2019-04-01,2018-12-20,90,8806489031410
2019-01-04,프레드포르테점안액(프레드니솔론아세테이트),한국엘러간(주),2019-01-31,공장 Capacity 문제로 인한 공급 부족,타사의 동일성부 대체 약품 사용,현재 생산 라인 증가중임,2019-04-22,2019-01-04,1400,8806794001016
2018-12-18,프로베라정10mg(메드록시프로게스테론아세테이트),한국화이자제약(주),2018-12-17,"제조원 생산일정 지연으로 인하여 공급부족 발생하였으며, 1월 초 공급 재개 예정으로 아사는 공급안정화를 위하여 노력하고 있습니다.","품절예상되는 제품은 프로베라정10mg으로, 승인된 타 제품 있으므로 환자 진료에 미치는 영향 크지 않을 것으로 여겨집니다.",1월 초 공급 재개 예정으로 아사는 공급안정화를 위하여 노력하고 있습니다.,2019-01-11,2018-12-18,0,8806489012006
2018-12-03,프로베라정5mg(메드록시프로게스테론아세테이트),한국화이자제약(주),2018-12-04,제조원 생산일정 지연으로 품절이 예상되고 있습니다. 폐사는 빠른시간 안에 정상화하고자 노력하고 있습니다.,품절예상되는 제품은 프로베라정5mg으로 프로베라정10mg은 정상공급되고 있으므로 환자 진료에 미치는 영향 크지 않을 것으로 여겨집니다.,제조원 생산일정 지연으로 품절이 예상되고 있습니다. 제조원과 논의된 가장 빠른 공급 정상화 일정은 1월 초 입니다.,2019-01-02,2018-11-29,67ea,8806489012204
2018-11-30,님벡스주(시스아트라쿠륨베실산염),미쓰비시다나베파마코리아주식회사,2018-11-05,"수입 지연으로 인해 「님벡스주(시스아트라쿠륨베실산염)」의 2가지 포장단위 2.5ml/Amp, 10ml/Amp의 일시적 품절이 발생하여, 이를 보고하고자 합니다.","요양기관 및 유통업체에 공급부족과 공급 정상화 일정을 사전에 안내하여, 환자 치료에 미치는 영향을 최소화하기 위한 조치를 취하고 있으며, 명문제약(주) 아크리움주사(아트라쿠륨베실산염)와 하나제약(주) 아트라주(아트라쿠륨베실산염)으로 대체 투약 가능할 것으로 사료됨.","2019년 1월 수입 예정, 2019년 2월 출하(공급) 예정",2019-02-01,2018-11-27,0,"8806533010-507,606"
2018-11-16,설파마이론퍼5%토피컬솔루션산(초산마페나이드),(주)한국유니팜,2018-11-12,"외국제조사의 사정상 공급부족 때문이지만, 2019년 8월 이내 공급예상",별첨 첨부자료,별첨 첨부자료,2019-08-30,2018-11-12,0,8806858000108
2018-11-02,알베스코흡입제80(시클레소니드),한국아스트라제네카(주),2018-10-01,"주된 공급부족 사유는 생산과정의 지연입니다. 완제의약품 생산과정에서 필요한 반제품 생산 중 디바이스의 공급이 늦어져 지연되고 있습니다. 예상되는 품절기간은 아래와 같습니다. - 알베스코흡입제 160 : 11월 12일 ~ 12월 말 - 알베스코흡입제 80 : 10월 1일 ~ 2019년 2월 초 한국아스트라제네카는 공급부족을 막기위해 지속적으로 제조소와 본사에 제품 수요를 설명하고 공급 재개 시기 단축을 독려하고 있으나, 현재로서는 디바이스 부족으로 인한 품절을 우회 할 수 있는 방법이 없는 상황입니다.","알베스코는 천식에 사용하는 흡입용 코르티코스테로이드(ICS, Inhaled CorticoSteroid)제제로, 가압 정량흡입기(pMDI, pressurized Metered Dose Inhaler)를 통해 유효성분인 시클레소니드를 폐로 전달합니다. 현재 시판중인 흡입제 중 시클레소니드를 주성분으로 하는 의약품은 알베스코가 유일하지만, 아래와 같은 천식진료지침(2015)의 권고에 따라 다른 약제로 현재 사용중인 용량을 고려하여 변경 할 수 있습니다.","공급정상화를 위해 지속적으로 제조원의 상황을 주시하고, 각 생산 과정에서 소요되는 일정을 줄이도록 촉구하고 있습니다. 또한 수입 이후에 한국에서 실시하는 출하시험을 최대한 빨리 진행하여 공급을 정상화 할 수 있도록 출하시험 실시기관에 협조를 요청하였습니다.",2019-02-08,2018-10-04,0,8806507010410
2018-10-30,이수푸렐주(이소프로테레놀염산염),한국화이자제약(주),2018-10-23,제조원에서quality investigation으로 인한 생산 지연,"이수푸렐주(이소프레테레놀염산염) 1ml은 Adams-Stokes 증후군의 발작시(고도의 서맥, 심박동정지 포함) 그리고 심근경색이나 세균 내 독소 등에 의한 급성 심부전, 수술 후의 저심박출량 증후군에 사용되는 약물이며, 현재 국내에 동일 성분의 대체 의약품은 없습니다. 도부타민을 비롯한 다른 종류의 강심제를 시도해볼 수 있지만, 약리작용이 달라 최적의 선택이 될 수 없으며 의학적 근거 또한 부족한 상태로, 온전한 대체제가 될 수 없고, 서맥을 포함한 심박동정지라는 응급상황에 쓰이는 약물임을 고려했을 때 치명적일 수 있음.","현재 제조원에서 새로운 배치 출하되었으며, 국내 입고 작업 중 (샘플시험 등) 입니다. 국내 출하는 11월말 예상하고 있습니다.",2018-12-17,2018-10-24,0개,8806489030628
2018-09-30,프로베라정10mg(메드록시프로게스테론아세테이트),한국화이자제약(주),2018-10-03,"정제 제조 시 압축 기계에 대한 기술적 문제로 포장용 벌크 tablet의 재고 부족이 발생하여 시장 공급이 지연되고 있습니다. 약 1개월가량 품절 예상되고 있으며, 아사에서는 기술적 문제를 해결하고 생산일정을 최대한 당겨보려 지속적으로 노력하고 있습니다.","본 제품은 속발성 무월경, 호르몬불균형에 기인하는 기능성 자궁출혈, 경증 또는 중등도 자궁내막증, 폐경기여성에 대한 에스트로겐투여시 병용요법에 투여되는 약제로 2가지 함량(5mg, 10mg)을 가지고 있습니다. 공급 부족이 발생한 함량은 10mg으로 나머지 5mg 함량은 정상적으로 판매되고 있습니다.","아사는 공급정상화를 위해 제조원과 긴밀히 연락하여 최대한 노력하고 있습니다. 현재로서 가능한 가장 빠른 생산 시점은 9월이며, 이에 따라 11월 초부터 공급이 가능할 것으로 여겨집니다.",2018-11-09,2018-09-28,953ea,8806489012013
2018-09-10,시네메트정25/100,한국엠에스디(유),2018-09-07,현재 판매중인 폐사의 제품 시네메트25/100mg 의 수급불안정으로 인해 한시적으로 공급이 지연될 예정입니다.,"시네메트정25/100의 공급부족이 예상되어 일부 환자에게 공급이 어려울 가능성이 있음. 다만, 시네메트정25/100과 주성분 및 함량이 동일한 대체제가 존재하며, 현재 유통되고 있음",공급 일정 관련하여 본사와 논의하고 있음,2019-04-30,2018-09-07,351,8806555001811
2018-09-10,시네메트정,한국엠에스디(유),2018-09-07,현재 판매중인 폐사의 제품 시네메트25/100mg 의 수급불안정으로 인해 한시적으로 공급이 지연될 예정입니다.,"시네메트정25/100의 공급부족이 예상되어 일부 환자에게 공급이 어려울 가능성이 있음. 다만, 시네메트정25/100과 주성분 및 함량이 동일한 대체제가 존재하며, 현재 유통되고 있음.",공급 일정 관련하여 본사와 논의하고 있음,2019-04-30,2018-09-07,505,8806555001729
2018-08-14,비아핀에멀젼(트롤아민),고려제약(주),2018-10-01,제조처의 타 국가 공급수요 증가로 기존의 생산 및 배송 소요기간 증가에 따른 일정 조율과정에서 고려제약 발주 물량 생산일정 지연이 발생하여 비아핀에멀젼의 공급이 일시적으로 부족하게 되었습니다. 현재 비아핀에멀젼의 생산 및 공급의 조율을 통해 11월 중순 수입하여 12월 초 부터는 정상 공급이 가능할 것으로 예상됩니다.,동 제품은 화상 등에 사용하는 품목으로 필요시 다른 화상제품으로 치료가 가능합니다. 따라서 제품의 공급부족으로 환자치료에 미치는 영향은 미미할 것으로 판단됩니다.,2018년 11월 중순 수입예상 2018년 12월초부터 정상 공급 예상,2018-12-01,2018-08-08,22035,8806428008114
2018-07-12,알베스코흡입제80(시클레소니드),한국아스트라제네카(주),2018-07-24,"알베스코 흡입제는 2018년 7월 10일 현재 폐사에서 보유중인 재고가 없으며, 도매상에서 약 2~3주 분의 재고를 보유 하고 있는 것으로 사료 됩니다. 따라서 7월 중후반에는 시장에서 공급부족을 겪게 될 것으로 예상됩니다. 표. 2018년 알베스코흡입제 판매량 2018년 1월 2월 3월 4월 5월 6월 7월(예상) 8월(예상) 9월(예상) 판매량 1,500 130 1,770 1,300 1,501 1,088 1,000 1,000 900 주된 공급부족 사유는 생산과정의 지연입니다. 완제의약품 생산과정에서 필요한 반제품 생산, 디바이스 등의 준비가 연속적으로 지연되었으며 제조원의 출하시험 일정 또한 지연되면서 예상되는 공급가능한 시점이 9월 말 혹은 10월 초가 되었습니다. 한국아스트라제네카는 공급부족을 막기위해 지속적으로 제조소와 본사에 제품 수요를 요청하고 출하일정을 확인 했으나 연속적이고 다양한 지연원인으로 공급가능 시점이 지속적으로 연기되면서 공급부족을 초래 하게 되었습니다.","알베스코는 천식에 사용하는 흡입용 코르티코스테로이드(ICS, Inhaled CorticoSteroid)제제로, 가압 정량흡입기(pMDI, pressurized Metered Dose Inhaler)를 통해 유효성분인 시클레소니드를 폐로 전달합니다. 현재 시판중인 흡입제 중 시클레소니드를 주성분으로 하는 의약품은 알베스코가 유일하지만, 아래와 같은 천식진료지침(2015)의 권고에 따라 다른 약제로 현재 사용중인 용량을 고려하여 변경 할 수 있습니다. 표. 성인 흡입 스테로이드제 일일 용량 약제간 비교 약제 저용량 (ug/일) 중간용량 (ug/일) 고용량(ug/일) Beclomethasone dipropionate (CFC) 200-500 >500-1000 >1000 Beclomethasone dipropionate (HFA) 100-200 >200-400 >400 Budesonide (DPI) 200-400 >400-800 >800 Ciclesonide (HFA) 80-160 >160-320 >320 Fluticasone propionate (DPI, HFA) 100-250 >250-500 >500 시판 중인 알베스코가 가압 정량흡입기(pMDI)인 점을 고려 하였을 때 동일한 가압 정량흡입기인 흡입 스테로이드 약제로 Fluticasone propionate를 주성분으로 하는 후릭소타이드에보할러250마이크로그램, 후릭소타이드주니어 에보할러50마이크로그램이 있습니다. 위의 제제로 알베스코흡입제80을 갈음한다면 완전히 동일하지 않지만환자입장에서 큰 혼선 없이 약제를 사용 할 수 있을 것으로 사료됩니다.","공급정상화를 위해 지속적으로 제조원의 상황을 주시하고, 각 생산 과정에서 소요되는 일정을 줄이도록 촉구하고 있습니다. 또한 수입 이후에 한국에서 실시하는 출하시험을 최대한 빨리 진행하여 공급을 정상화 할 수 있도록 출하시험 실시기관에 협조를 요청하였습니다.",2018-10-01,2018-07-12,0,8806507010410
2018-07-05,"가다실 9 프리필드시린지[인유두종바이러스9가(6, 11, 16, 18, 31, 33, 45, 52, 58형)백신(유전자재조합)]",한국엠에스디(유),2018-07-02,Production capability issue,"1. 가다실9 공급 지연으로, 접종을 개시하지 못하여 HPV노출로 인한 감염의 우려가 있음. 2. 가다실9 공급 지연으로, 기존 접종 스케줄 대신 대체 접종 일정을 고려해야해서 환자 및 병원에 큰 혼선 발생할 수 있음.",공급 일정 관련해서 본사와 논의하고 있음,2018-10-15,2018-07-05,0,8806555019304
2018-05-23,코다론주사(아미오다론염산염),(주)사노피-아벤티스코리아,2018-05-21,"제조소 측의 생산 일정이 지연되어, 한국으로의 수입 일정 또한 지연되었습니다. 따라서 단기간 (5월21일부터 30일) 공급 부족 발생 가능성이 있습니다.","현재 자사와 거래도매상들에 가용 재고는 있으나, 공급 부족이 예상되는 기간 (5월 21일 ~ 30일) 동안에는 도매상에 공급하는 물량을 제한적으로 조율하고 있습니다. 이에 대하여 도매상과 긴밀한 협조를 진행하고 있습니다. 아미오다론은 항부정맥제로써, 아미오다론 이외 드로네다론 (아사의 멀택정)과 같은 후속약물이 시판 중에 있습니다. 그러나 아래 경우 등 일부 특정 환자에서는 여전히 아미오다론의 필요성이 있습니다. - 심폐소생술 시 제세동으로 심실세동이 종료되지 않을 때, 아미오다론 정맥주사 (300 mg, 말초 정맥 bolus 주입) 후 심폐소생술을 지속할 경우 생존율이 우수함이 알려져 리도카인보다 우선적으로 사용할 것을 권하고 있습니다. - 또한 심방세동 환자에서 빠른 심실박동수가 나타날 때에도 맥박수 조절 효과를 기대할 수 있어 유용하게 사용할 수 있다.","현재 자사와 거래도매상들에 가용 재고는 있으나, 공급 부족이 예상되는 기간 (5월 21일 ~ 30일) 동안에는 도매상에 공급하는 물량을 제한적으로 조율하고 있습니다. 이에 대하여 도매상과 긴밀한 협조를 진행하고 있습니다. 5월에 수입된 배치에 대한 출하 시험이 현재 진행되고 있으며, 5월 30일에 출하할 수 있을 것으로 예상하고 있습니다.",2018-05-30,2018-05-21,545,8806520004502
2018-05-14,나이트로프레스주(니트로푸루시드나트륨),한국화이자제약(주),2018-03-06,제조원의 제품 생산 일정 지연으로 인하여 품절이 예상되고 있습니다. 폐사에서는 생산일정을 최대한 당겨보려 지속적으로 노력하고 있습니다.,"나이트로프레스주는 응급성 고혈압 (고혈압성 발증), 외과수술시 출혈감소를 위한 마 취 중 혈압강하를 목적으로 사용되는 주사제입니다. 동일 성분에 대해서는 완전대체제 (일부 경구제만 시판)가 없지만, 일부 타 성분 제제를 해당 약제의 대체제로 사용 가 능할 것으로 사료됩니다. 1) Labetalol 성분 주사제 : 임신성고혈압을 포함한 응급성 고혈압, 급성심근경색에 의한 고혈압, 마취 시 혈압강하를 적응증으로 하는 약제로, 나이트로프레스주의 대체 제로 사용될 수 있을 것으로 사료됩니다. 2) 완전 대체제는 아니지만, 긴급 상황 시 Esmolol, Nicardipine, Nitroglycerin, Nifedipine을 주성분으로 하는 제제들을 대체제로 고려할 수 있을 것으로 사료됩니다.","폐사는 공급정상화를 위해 제조원과 긴밀히 연락하여 최대한 노력하고 있습니다. 당초의 2018년 3월 7일자 공급부족보고서에서 5월 31일자로 해당 제품의 공급이 정상화 될 예정이라고 보고 드린 바 있으나, 제조원의 제품 생산 일정 지연으로 인하여 공급 정상화 예정 일자가 늦어져 재 보고드립니다. 현재로서 가능한 가장 빠른 공급 재개 시점은 7월 말으로 사료되며, 폐사는 해당 제품의 공급 안정화를 위해 최선을 다하겠습니다.",2018-07-31,2018-05-14,0,8806489030413
2018-05-04,미토마이신씨교와10밀리그람주,한국쿄와하코기린(주),2018-12-31,해외 제조원 변경에 따라 허가변경을 진행 중에 있으며 허가승인 후 신속히 수입 및 공급을 계획하고 있으나 허가 승인이 늦을 경우 공급부족이 발생될 수 있음,여러 종양치료에 사용되고 있으며 허가초과약제로 녹내장 치료 등에 많이 사용됨에 따라 이들 환자의 치료에 영향을 미칠 수 있음 (백혈병 및 위암 치료제로서 국가필수의약품으로 지정),신속히 허가변경을 진행중에 있으며 향 후 수입 및 공급을 계획하고 있음,2019-01-31,2018-05-03,26824,8806663002519
2018-04-06,아노렉스캡슐25밀리그램(단트롤렌나트륨수화물),(주)유영제약,2018-04-13,해당품목 주성분 제조원인 (주)대희화학은 해당 지방청의 GMP 심사중에 있으며 경인지방식품의약품안전청 지시로 2018년 1월 2일부터 원료 의약품 제조 판매 금지 지시로 모든 제품을 판매하지 못하고 있는 상황입니다.((주)대희화학 공문 첨부),"해당 품목은 국내 시중에 유통되고 있는 단독 품목으로, 매달 30캡슐-4,000병, 500캡슐-2,000병 정도가 지속적으로 판매되고 있는 품목입니다. 아노렉스캡슐 25mg 상병 분석 결과 뇌성마비, 편마비, 뇌혈관질환 후유증과 같은 중증 질환에 주로 사용되는 의약품으로 공급 중단이 발생할 경우 처방이 이루어 질 수 없어 환자를 치료하는데 영향이 클 것으로 판단됩니다.",단트롤렌나트륨수화물의 다른 원료 공급처인 (주)엔지켐 생명과학 원료(현재 허가 진행중)를 주성분 제조원 추가 허가변경 계획중에 있습니다(허가변경 신청 예상일 : 2018년 4월 중순). (주)엔지켐의 원료 허가 및 자사 허가 변경이 조속히 이루어져 최대한 빠른 시일 내에 공급 원활화가 이루어 질 수 있도로 최선을 다하겠습니다.,2018-06-29,2018-04-06,"30캡슐 11,004개(병)",8806482009409
2018-03-30,씨스코이알서방정20밀리그램(니솔디핀),현대약품(주),2017-12-27,"주원료(니솔디핀) 제조업체인 독일 Bayer 사가 미국 FDA 공장실사 관련 이슈 (시설 및 설비 관련)로 인해 일시적으로 주원료 생산을 중단한 상태이며, 업체 측의 이슈 조치 완료 후 주원료 생산이 재개될 예정입니다. - 이건은 기존에 보고했던 건으로써, 주원료 제조업체의 사정에 따라 생산이 지연되어 재보고하는 건입니다.","씨스코이알서방정20밀리그램(니솔디핀)은 본태고혈압 환자에 처방되는 Calcium-channel Blocker약제로서, 대체가능한 약물로 유사한 효능효과를 갖는 치료제제가 다수 시판 중에 있어 환자 치료에는 큰 영향이 없을 것으로 예상됩니다.",독일 Bayer 사의 이슈 조치 후 2018년 3월 말부터 재공급 가능할 것으로 예상됩니다.,2018-07-31,2018-03-30,33240,8806420006804
2018-03-30,씨스코이알서방정10밀리그램(니솔디핀),현대약품(주),2017-12-27,"주원료(니솔디핀) 제조업체인 독일 Bayer 사가 미국 FDA 공장실사 관련 이슈 (시설 및 설비 관련)로 인해 일시적으로 주원료 생산을 중단한 상태이며, 업체 측의 이슈 조치 완료 후 주원료 생산이 재개될 예정입니다. - 이미 기 보고하였던 건이나, 주원료 제조업체의 사정에 따라 생산이 지연되어 재보고 하는 건입니다.","씨스코이알서방정10밀리그램(니솔디핀)은 본태고혈압 환자에 처방되는 Calcium-channel Blocker약제로서, 대체가능한 약물로 유사한 효능효과를 갖는 치료제제가 다수 시판 중에 있어 환자 치료에는 큰 영향이 없을 것으로 예상됩니다.",독일 Bayer 사의 이슈 조치 후 2018년 3월경부터 재공급 가능할 것으로 예상됩니다.,2018-05-31,2018-03-30,0,880642006705
2018-03-07,이수푸렐주(이소프로테레놀염산염),한국화이자제약(주),2018-04-16,기술적인 문제로 인하여 제조소의 라인 재정비가 필요한 상황이며 이에 따라 생산물량 조정이 불가피합니다.,"이수푸렐주(이소프레테레놀염산염) 1ml은 Adams-Stokes 증후군의 발작시(고도의 서맥, 심박동정지 포함) 그리고 심근경색이나 세균 내 독소 등에 의한 급성 심부전, 수술 후의 저심박출량 증후군에 사용되는 약물이며, 현재 국내에 동일 성분의 대체 의약품은 없습니다. 도부타민을 비롯한 다른 종류의 강심제를 시도해볼 수 있지만, 약리작용이 달라 최적의 선택이 될 수 없으며 의학적 근거 또한 부족한 상태로, 온전한 대체제가 될 수 없고, 서맥을 포함한 심박동정지라는 응급상황에 쓰이는 약물임을 고려했을 때 공급차질 시 영향이 큰 약물일 수 있습니다.","제조원에서 6월 중 생산 예정이며, 국내 출하는 8월 중 예상하고 있습니다. 다만 한국 공급 물량은 현재로선 구체적인 답변을 받을 수 없었습니다. 품절최소화를 위해 여러 방안을 모색중입니다.",2018-08-31,2018-03-05,529개,8806489030628
2018-02-28,알닥톤필름코팅정25밀리그람(스피로노락톤),한국화이자제약(주),2018-02-22,제조원의 제품 생산 일정 지연 (첨부 품절 고지공문(안) 참고),"현재 스피로노락톤 성분명의 대체 의약품으로 스피락톤정(대원제약), 스피로자이드(명인제약), 듀로자이드(오스틴제약) 등의 Originator 제품 포함 총8개 제품이 생산 및 유통이 되고 있습니다. (본 자료는 의약품 정보검색센터인 KIMS online 에서 확인하였습니다.)","자사는 공급정상화를 위해 제조원과 긴밀히 연락하여 최대한 노력하고 있습니다. 당초 공급 정상화 예정 시점에 맞춰 2월 5일 공급이 재개 되었고, 2월 19일 추가 공급도 진행하였으나, 급증한 수요로 인하여 다시 공급부족이 발생하게 되어 보고 드립니다. 현재로서는 2018년 3월 26일부터 공급이 다시 가능할 것으로 사료됩니다.",2018-03-26,2018-02-28,0,8806489006111
2018-02-06,화이자비노렐빈타르타르산염주10mg/mL,한국화이자제약(주),2018-02-06,"원료의약품 공급지연 및 부족으로 인한 제조처 생산 지연 (2018년1월에 품절보고된 화이자비노렐빈주는 50mg/5ml 제제, 금번 10mg/1ml 제제가 추가로 품절됨)","비노렐빈타르타르산염주는 비소세포폐암과 진행성 유방암, 그리고 호르몬-저항성 전립선암 치료에 사용되는 약제입니다. 이와 같은 성분과 적응증으로 국내에 두 개의 타 회사에서 유통되고 있어서 폐사의 공급부족 부분을 충분히 해소할 수 있을것으로 판단됩니다.","제조처에서는 완제의약품 생산을 위해 2월 중 원료의약품 추가 공급 받아 완제품 생산을 시작할 예정이며, 자사는 해당 완제의약품 생산 일정 관련 추가 지연 없도록 제조처와 긴밀히 논의 중입니다.",2018-06-25,2018-02-06,0개,8806489032417
2018-01-26,"프리오릭스주(홍역,유행성이하선염및풍진혼합생바이러스백신)",(주)글락소스미스클라인,2017-11-23,1. 희석액 공급의 차질로 인해 일시적으로 프리오릭스(MMR) 백신의 공급이 5월까지(국검 기간 미포함) 어려울 것으로 예상됩니다. 2. 공급 정상화 일정은 제조처의 상황에 따라 변경 될 수 있습니다.,현재 국내에 MMR2의 공급이 원활하게 진행되고 있어 프리오릭스 공급 부족으로 인해 예방접종을 못하는 경우는 발생하지 않을 것으로 예상됩니다.,"1. 현재 시점으로 2018년 5월부터 수입이 가능 할 것이라 예상됩니다. (국검 후 8월 출시예정) 2. 질병관리본부의 백신 공급계획에 적극 협조 하고 있으며, 백신의 원활한 국내 수급을 위해 최선을 다하고 있습니다.",2018-08-31,2018-01-26,0,8806500014224
2018-01-18,알닥톤필름코팅정25밀리그람(스피로노락톤),한국화이자제약(주),2018-01-23,제조원의 제품 생산 일정 지연 (첨부 품절 고지공문(안) 참고),"현재 스피로노락톤 성분명의 대체 의약품으로 스피락톤정(대원제약), 스피로자이드(명인제약), 듀로자이드(오스틴제약) 등의 Originator 제품 포함 총8개 제품이 생산 및 유통이 되고 있습니다. (본 자료는 의약품 정보검색센터인 KIMS online 에서 확인하였습니다.)",자사는 공급정상화를 위해 제조원과 긴밀히 연락하여 최대한 노력하고 있습니다. 현재로서는 2018년 2월 12일부터 공급이 다시 가능할 것으로 사료됩니다.,2018-02-12,2018-01-15,591500,8806489006111
2018-01-15,화이자비노렐빈타르타르산염주10mg/mL,한국화이자제약(주),2018-01-15,원료의약품 공급지연 및 부족으로 인한 제조처 생산 지연,"비노렐빈타르타르산염주는 비소세포폐암과 진행성 유방암, 그리고 호르몬-저항성 전립선암 치료에 사용되는 약제입니다. 이와 같은 성분과 적응증으로 국내에 두 개의 타 회사에서 유통되고 있어서 폐사의 공급부족 부분을 충분히 해소할 수 있을것으로 판단됩니다.","제조처에서는 완제의약품 생산을 위해 1~2월 중 원료의약품 추가 공급 받아 제조처 내 Test 진행 예정이며, 자사는 해당 완제의약품 생산 일정 관련 추가 지연 없도록 제조처와 긴밀히 논의 중입니다.",2018-06-25,2018-01-12,0,8806489032516
2018-01-12,포탈락산(락티톨수화물),(주)유한양행,2018-01-04,원료공급업체와의 계약문제로 원료공급이 지연되어 공급부족보고하고자 합니다. 빠른시일내에 원료공급이 재개될 예정입니다.,"포탈락산은 일반의약품의로 변비환자에게 사용됩니다. 시중에 변비약제가 다수 판매되고 있으므로 환자에 미치는 영향이 크지 않을 것으로 판단됩니다. 또한 이미 공급된 제품이 도매상, 병원, 약국에 일부 재고로 있으므로 환자의 불편이 크지 않을것으로 사료됩니다.",원료공급이 빠른시일내에 재개될 예정입니다.,2018-01-31,2018-01-12,0,201211096
2018-01-11,화이자데페록사민메실레이트주500mg,한국화이자제약(주),2018-01-11,제조원의 제품 생산 일정 지연으로 인하여 품절이 예상되고 있습니다. 폐사에서는 생산일정을 최대한 당겨보려 지속적으로 노력하고 있습니다.,"데페록사민 메실레이트 주는 신체 내 철분의 균형유지를 위해 주로 사용되는 약제입니다. 신체 내 철분 축적 치료를 위해서 경구용으로 투여되는 대체제가 국내에 판매되고 있지만, 본 약제가 국내에서 정맥주입 또는 근육주사로 투여되는 유일한 약제이기 때문에 공급 부족 시 정맥주입 또는 근육주사로만 투여 가능한 환자들에게는 대체제가 없는 상황입니다.","폐사는 공급정상화를 위해 제조원과 긴밀히 연락하여 최대한 노력하고 있습니다. 당초 공급 정상화 예정 시점에 맞춰 1월 9일 일시적으로 공급이 재개 되었으나, 공급 수량이 많지 않아 1월 11일 다시 공급부족이 발생하게 되어 보고 드립니다. 현재로서 가능한 가장 빠른 다음 입고 시점은 2018년 4월으로 예상되며 이에 따라 6월 초순 경부터 공급이 다시 가능할 것으로 사료됩니다.",2018-06-08,2018-01-11,0,8806489032028
2017-12-21,씨스코이알서방정20밀리그램(니솔디핀),현대약품(주),2017-12-27,"주원료(니솔디핀) 제조업체인 독일 Bayer 사가 미국 FDA 공장실사 관련 이슈 (시설 및 설비 관련)로 인해 일시적으로 주원료 생산을 중단한 상태이며, 업체 측의 이슈 조치 완료 후 주원료 생산이 재개될 예정입니다.","씨스코이알서방정20밀리그램(니솔디핀)은 본태고혈압 환자에 처방되는 Calcium-channel Blocker약제로서, 대체가능한 약물로 유사한 효능효과를 갖는 치료제제가 다수 시판 중에 있어 환자 치료에는 큰 영향이 없을 것으로 예상됩니다.",독일 Bayer 사의 이슈 조치 후 2018년 3월 말부터 재공급 가능할 것으로 예상됩니다.,2018-03-30,2017-12-20,"45,360정",8806420006804
2017-12-21,씨스코이알서방정10밀리그램(니솔디핀),현대약품(주),2017-12-27,"주원료(니솔디핀) 제조업체인 독일 Bayer 사가 미국 FDA 공장실사 관련 이슈 (시설 및 설비 관련)로 인해 일시적으로 주원료 생산을 중단한 상태이며, 업체 측의 이슈 조치 완료 후 주원료 생산이 재개될 예정입니다.","씨스코이알서방정10밀리그램(니솔디핀)은 본태고혈압 환자에 처방되는 Calcium-channel Blocker약제로서, 대체가능한 약물로 유사한 효능효과를 갖는 치료제제가 다수 시판 중에 있어 환자 치료에는 큰 영향이 없을 것으로 예상됩니다.",독일 Bayer 사의 이슈 조치 후 2018년 3월경부터 재공급 가능할 것으로 예상됩니다.,2018-03-30,2017-12-20,"5,430정",880642006705
2017-12-19,할시온정0.125밀리그램(트리아졸람),한국화이자제약(주),2018-01-03,허리케인(MARIA) 피해로 인하여 푸에르코리코 제조원의 제품 생산 일정 지연으로 품절이 예상되고 있습니다. 폐사에서는 생산일정을 최대한 당겨보려 지속적으로 노력하고 있습니다.,"본 제품은 2가지 함량(0.125mg, 0.25mg)을 가지고 있습니다. 공급 부족이 발생한 함량은 0.125mg으로 나머지 0.25mg 함량은 정상적으로 판매되고 있으며 대체가능합니다. 또한 동일성분/동일함량으로 국내에서 허가받은 타사의 대체제가 시판되고 있으므로 환자들에게 대체제를 처방해야 하는 불편함 외에는 환자에게 미치는 영향이 크지 않을 것으로 여겨집니다.","폐사는 공급정상화를 위해 제조원과 긴밀히 연락하여 최대한 노력하고 있습니다. 현재로서 가능한 가장 빠른 생산 시점은 2월이며, 이에 따라 3월 말부터 공급이 가능할 것으로 여겨집니다.",2018-03-30,2017-12-19,1687,8806489012327
2017-12-18,화이자데페록사민메실레이트주500mg,한국화이자제약(주),2017-12-15,"제조원의 제품 생산 일정 지연으로 인하여 품절이 예상되고 있습니다. 당초 공급 정상화 예정 일자였던 12월 18일보다 이른 12월 11일 일시적으로 공급이 재개 되었으나, 오래 지속된 품절 상황으로 인한 수요 증가로 12월 15일 예상치 못하게 다시 공급부족이 발생 하였습니다. 폐사에서는 생산일정을 최대한 당겨보려 지속적으로 노력하고 있습니다.","데페록사민 메실레이트 주는 신체 내 철분의 균형유지를 위해 주로 사용되는 약제입니다. 신체 내 철분 축적 치료를 위해서 경구용으로 투여되는 대체제가 국내에 판매되고 있지만, 본 약제가 국내에서 정맥주입 또는 근육주사로 투여되는 유일한 약제이기 때문에 공급 부족 시 정맥주입 또는 근육주사로만 투여 가능한 환자들에게는 대체제가 없는 상황입니다.","폐사는 공급정상화를 위해 제조원과 긴밀히 연락하여 최대한 노력하고 있습니다. 당초 공급 정상화 예정 일자였던 12월 18일보다 이른 12월 11일 일시적으로 공급이 재개 되었으나, 오래 지속된 품절 상황으로 인한 수요 증가로 12월 15일 예상치 못하게 다시 공급부족이 발생하여 보고 드립니다. 현재로서 가능한 가장 빠른 다음 입고 시점은 2017년 1월 초로 예상되며 이에 따라 1월 중순경부터 공급이 다시 가능할 것으로 사료됩니다.",2018-01-15,2017-12-18,0,8806489032028
2017-12-15,화이자빈크리스틴황산염주1mg/mL,한국화이자제약(주),2017-11-08,제조원의 제품 생산 일정 지연으로 인하여 품절이 예상되고 있습니다. 폐사에서는 생산일정을 최대한 당겨보려 지속적으로 노력하고 있습니다.,"빈크리스틴 주는 급성백혈병 및 종양 치료를 위해 다른 항암제와 병용요법으로 쓰이는 항암 주사제로 2가지 함량(1mg, 2mg)을 가지고 있습니다. 동일성분/동일함량으로 국내에서 허가받은 대체제가 다수 있으므로 환자들에게 대체제를 처방해야 하는 불편함 외에는 환자에게 미치는 영향이 크지 않을 것으로 여겨집니다.","폐사는 공급정상화를 위해 제조원과 긴밀히 연락하여 최대한 노력하고 있습니다. 최대한 빠른 시간 안에 공급을 정상화하고자 노력하고 있으며, 1mg은 1월 초순, 2mg은 3월 초순부터 공급이 다시 가능할 것으로 사료됩니다.",2018-01-12,2017-12-15,0,8806489029820
2017-11-10,나이트로프레스주(니트로푸루시드나트륨),한국화이자제약(주),2017-10-02,제조원으로부터 제조 중 지연이 발생하여 제품을 당분간 받을 수 없다는 소식을 받았습니다. 현재로서는 정확한 품절 기간을 예상할 수가 없습니다. 당초 11월 중 공급정상화 될 수 있을 것으로 예상하였으나 제조원 출하가 지연되고 있습니다.,"나이트로프레스 주는 응급성 고혈압 (고혈압성 발증), 외과수술시 출혈감소를 위한 마취중 혈압강하(주사제) 목적으로 사용되며, 일부 경구제제가 있으나 이 약의 완전대체제(응급시 사용)는 없는 것으로 확인됩니다",폐사는 공급정상화를 위해 제조원과 긴밀히 연락하며 최대한 노력하고 있습니다. 당초 11월 중 공급정상화 될 수 있을 것으로 예상하였으나 제조원 출하 지연이 길어지고 있어 현재로선 정확한 입고정상화 날짜를 예측하기 어렵습니다. 정,2018-01-31,2017-11-01,0,8806489030413
2017-10-16,후릭스정(푸로세미드),일양약품(주),2017-11-01,"후릭스정의 주성분은 수입원료를 사용하고 있으며, 현재 원료수급이 지연되고 있어 약 3달간 공급이 부족할 것으로 예상됨.","후릭스정은 고혈압(본태성, 신성 등), 심성부종(울혈성심부전), 신성부종, 간성부종(복수), 말초혈관성부종에 사용하는 약제로서 유사한 효능 효과의 대체 의약품이 [별첨1]과 같이 있으므로 환자의 치료에 미치는 영향은 없습니다.","후릭스정의 주성분 구매를 진행 중에 있으며, 1월 중 원료를 수령하여 생산후 즉시 공급할 예정입니다.",2018-02-01,2017-10-16,0,8806417027522
2017-09-22,알보젠주사용페니실린지칼륨(500만단위),알보젠코리아(주),2017-10-31,원료 수급 문제로 인한 공급부족 보고,"현재 시판중인 동일품목(페니실린지칼륨주사) 및 유사품목은 없으나, 각 적응증별로 대체 가능한 약물이 존재하여 공급 부족이 예상되는 약 5개월 동안 환자 치료가 불가능하지는 않을 것으로 예상됨 - 동일품목: 펜믹스페니실린지칼륨주500만단위 -> 미생산 - 유사폼목: 한올마이신주120만단위(벤자틴페니실린G수화물) -> 생산중단",신규 배치 생산 일정 - 원료입고: 2017년 9월 말 - 완제 생산: 2017년 12월 - 완제품 출하 및 공급: 2월 중순 빠른 정상 공급을 위해 최선을 다할 예정임,2018-02-16,2017-09-15,149개,8806526003752
2017-09-01,화이자데페록사민메실레이트주500mg,한국화이자제약(주),2017-10-31,화이자데페록사민메실레이트주는 제조원의 제품 생산 일정 지연으로 인하여 품절이 예상되고 있습니다. 폐사에서는 생산일정을 최대한 당겨보려 노력하였으나 결국 품절은 피할 수 없을 것으로 사료됩니다.,"데페록사민 메실레이트 주는 신체 내 철분의 균형유지를 위해 주로 사용되는 약제입니다. 신체 내 철분 축적 치료를 위해서 경구용으로 투여되는 대체제가 국내에 판매되고 있지만, 본 약제가 국내에서 정맥주입 또는 근육주사로 투여되는 유일한 약제이기 때문에 공급 부족 시 정맥주입 또는 근육주사로만 투여 가능한 환자들에게는 대체제가 없는 상황입니다.",폐사는 공급정상화를 위해 제조원과 긴밀히 연락하여 최대한 노력하고 있습니다. 현재로서 가능한 가장 빠른 다음 입고 시점은 2017년11월로 예상되며 이에 따라 12월 중순경부터 공급이 다시 가능할 것으로 사료됩니다.,2017-12-18,2017-08-30,565,8806489032028
2017-09-01,나이트로프레스주(니트로푸루시드나트륨),한국화이자제약(주),2017-10-02,제조원으로부터 제조 중 지연이 발생하여 제품을 당분간 받을 수 없다는 소식을 받았습니다. 현재로서는 정확한 품절 기간을 예상할 수가 없습니다.,"나이트로프레스 주는 응급성 고혈압 (고혈압성 발증), 외과수술시 출혈감소를 위한 마취중 혈압강하(주사제) 목적으로 사용되며, 이 약의 완전대체제는 없는 것으로 확인됩니다",폐사는 공급정상화를 위해 제조원과 긴밀히 연락하며 최대한 노력하고 있습니다. 현재로서는 정확한 품절기간을 알 수 없으나 소식을 받는대로 사용처에 안내할 계획입니다.,2017-11-20,2017-08-30,1248,8806489030413
2017-08-22,리소드렌정500밀리그람(미토테인),(유)한국비엠에스제약,2017-09-01,1. 의약품 일련번호 지원을 위한 시설 업그레이드 2. 의약품 묶음 번호 관련 오류 3. 총 호기성 미생물 시험방법 관련 문제,현재 리소드렌정은 대상 환자가 적어 한국 희귀 필수 의약품 센터를 통해 공급되고 있습니다. 국내에 제네릭 의약품이 없어 필수 의약품으로 판단됩니다. 이에 BMS에서는 가급적 이른 시간내에 공급하고자 노력하고 있습니다.,제조소의 여름 휴가가 끝나는 대로 (2017년 8월 28일) 관련 오류를 즉시 수정하여 공급을 재개할 예정입니다. 별도로 미생물 시험법과 관련한 사항도 8월 28일 이전에 해결하고자 노력 중입니다.,2017-10-02,2017-08-22,0,8806587000516
2017-06-14,리브락스정,고려제약(주),2017-09-10,리브락스정의 주원료 공급 지연으로 인해 공급이 일시적으로 부족하게 되었습니다. 11월 1일 부터는 원료 공급이 정상화 되어 12월 초부터 정상 공급이 가능할 것으로 예상됩니다.,동 제품은 정신신체장애에 사용하는 품목으로 필요시 바리움정(디아제팜) 등 다른 제품으로 치료가 가능합니다. 따라서 제품의 공급부족으로 환자치료에 미치는 영향은 미미할 것으로 판단됩니다.,2017년 11월 1일경 수입예상 2017년 11월말~12월 초 부터 정상 공급 예상,2017-12-01,2017-06-09,1223,8806428005038
2017-05-19,온코타이스주(비씨지StrainTice),한국엠에스디(유),2017-05-17,제조소의 공급 지연으로 인해 국내로의 수입 일정이 지연되었습니다.,온코타이스주는 국내 동일성분 대체의약품이 없는 의약품으로서 방광암 요로상피세포암 및 요로상피내암의 절제 수술 일정 연기 및 이미 수술한 환자들에서의 유지요법의 경우 일정 조정이 불가피합니다. 폐사에서는 해당 병의원 및 도매상에 사전 공문을 보내 사전에 일정이 조정될 수 있도록 영향을 최소화하고자 노력하고 있습니다.,이번에 공급부족이 발생한 사유인 제조소의 공급지연을 해결하기 위해 사이트와 계속 적인 연락을 통하여 빠른 시일 내에 정상화 되도록 모든 조치를 취하고 있습니다,2017-06-07,2017-05-18,0,8806555012107
2017-05-04,셀트리온옥시메톨론정,(주)셀트리온제약,2017-05-01,API 공급업체 공급중단으로 인한 제조원 변경,퇴장방지의약품으로서 해당 품목과 동일 성분의 제품은 존재하지 않음.,주성분 제조원 추가를 위한 변경허가 진행 전략: 주성분(별규) 사전검토를 통한 변경허가 중 보완사항 최소화 첨부파일: [셀트리온옥시메톨론정] 의약품등 사전 검토 신청서,2017-10-01,2017-03-10,27460,198300174
2017-03-27,세트로타이드주0.25밀리그램(세트로렐릭스아세트산염),머크(주),2017-04-07,제조소의 생산 수급이 원활하지 않아 일시적으로 공급이 중단될 예정입니다.,‘세트로타이드주0.25밀리그램’은 세트로렐릭스아세트산염으로서 난모세포 채취 및 보조생식술을 수반하는 체외수정시술시 과배란 유도(Controlled Ovarian Stimulation)에서 미성숙난자의 배란방지를 효능효과로 하는 의약품입니다. 대체 가능한 약물로서 ㈜베키오바이오젠의 ‘유레릭스주0.25밀리그램’이 시판 중에 있어 환자 치료에는 큰 영향이 없을 것으로 예상됩니다.,"폐사에서는 제품의 원활한 공급을 위해 모든 사전 조치를 취하고 있으며, 제조소에서의 생산이 원활하게 되는 2017년 5월 8일 이후부터 정상적인 공급이 예상됩니다.",2017-05-08,2017-03-27,369,8806617002022
2016-12-21,하이캄틴주4밀리그램(토포테칸염산염),한국노바티스(주),2017-02-01,"하이캄틴 주사제는 표준화학요법에 실패한 전이성 난소암, 1차 화학요법에 실패한 재발성 소세포폐암, 수술요법 또는 방사선 요법으로 치료되지 않는 Ⅳ-B기, 재발성 지속성 자궁경부암에 투여하는 약품입니다. 하이캄틴 주사제는2016년 4월 27일 한국 글락소스미스클라인 으로부터 양도양수 받은 제품으로, 글락소스미스클라인의 보험코드는 2017년 1월 31일까지만 유효하고 2017년 2월 1일부터는 노바티스의 보험코드로만 처방이 가능하나, 아사 제조소의 원료 수급문제로 인하여 노바티스 포장제품의 공급에 일시적인 차질이 발생 하였습니다.","하이캄틴 주사제는 표준화학요법에 실패한 전이성 난소암, 1차 화학요법에 실패한 재발성 소세포폐암, 수술요법 또는 방사선 요법으로 치료되지 않는 Ⅳ-B기, 재발성 지속성 자궁경부암에 투여하는 약품입니다. 하이캄틴 주사제를 대체할 수 있는 약품으로는 이리노테칸 및 벨로테칸성분의 주사제가 존재하여(캄토프주-이리노테칸염산염/씨제이셀스케어, 캄토벨주-벨로테칸/종근당), 하이캄틴 주사제의 일시 공급부족이 환자의 불편을 초래할 가능성은 크지 않을 것으로 예상 됩니다.","공급 중단 보고일(2016년 12월 21일) 현재, 글락소스미스클라인 하이캄틴 주사제 보유 재고량은 227팩이며, 글락소스미스클라인 보험코드가 유효한 2017년 1월 31일까지 공급할 충분한 수량을 보유하고 있습니다. 다음 공급 일정은 2017년 3월 5주차 경으로 예상되나, 공급 부족 기간을 조금이라도 더 앞당기기 위하여 본사와 긴밀한 커뮤니케이션을 진행하고 있습니다. 그리고 노바티스 포장제품의 공급이 시작되기까지 병원 및 환자가 불편함을 겪지 않도록, 제품의 일시적 공급 중단에 대한 공문을 병원 및 의약품 도매에 미리 발송하여 적극적으로 안내하였습니다.",2017-03-27,2016-12-21,227팩,8806536027922
2016-12-02,욘델리스주사1.0밀리그램(트라벡테딘),(주)한국얀센,2016-11-24,수입 지연,"욘델리스주사는 연조직육종에 사용되며 현재 비급여로 시판 중에 있습니다. 본 제품의 중단 시 젬시타빈,비노렐비느 다카르바진, 테모졸로미드 등이 대체의약품으로 고려될 수 있습니다.",11월 24일 긴급 수입 완료 후 12월 12일 판매 재개 예정,2016-12-12,2016-11-24,0,8806469010619
2016-11-02,티씰,대한적십자사,2016-10-31,제조사와 국내공급업체간의 계약종료로 근 10개월간 해당 제품 수입되지 못했습니다.,공급이 제한적인 혈장분획제제 특성상 타사 제품 역시 시장의 수요만큼 탄력적으로 공급하지 못하는 상황입니다. 지혈제를 요하는 수술 환자에게 영향을 미칠 수 있는 상황입니다.,"9월 말까지 티씰 2mL 14,135kits, 및 10,598 kits를 수입하여 국가출하승인 신청, 시험법이전 및 자검 과정에 있는 상황입니다.",2016-11-25,2016-11-02,0,8806553001608
2016-10-31,비아핀에멀젼(트롤아민),고려제약(주),2016-10-28,수입 선적지연으로 인해 공급이 일시적으로 부족함,동 제품은 화상 등에 사용하는 품목으로 필요시 다른 화상제품으로 치료가 가능합니다. 따라서 제품의 공급부족으로 환자치료에 미치는 영향은 미미할 것으로 판단됩니다.,2016년 11월 20일경 수입예상 2016년 11월말부터 정상 공급 예상,2016-11-29,2016-10-28,4,8806428008114
2016-10-28,대한덱스트란40덱스주,대한약품공업(주),2016-11-08,원료공급업체 사정으로 원료 공급 지연,대한덱스트란40덱스주 공급중단으로 대체 품목을 찾을 것으로 예상,원료공급업체로부터 신속히 원료 공급받아 공급 재개 예정,2017-03-06,2016-10-25,"1,425개",200000503
2016-09-20,말라론정,(주)글락소스미스클라인,2016-09-01,갑작스런 수요 증가로 인한 공급 부족,"말라론 정(염산프로구아닐/아토바쿠온)은 Plasmodium falciparum 말라리아의 예방 및 급성,비복합성 Plasmodium falciparum 말라리아의 치료약제로서 일시적인 공급 지연이 발생될 경우, 말라리아 예방 및 치료에 어려움이 발생될 것으로 예상됩니다. 다만, 해당 약제군 중 말라클로(클로로퀸)이나 라리암(염산메프로퀸)이 대체 가능한 약물로 사용가능하며 라리암의 경우 클로로퀸 내성지역에서는 사용 가능하나 일부 염사메프로퀸 내성지역에서 말라리아 예방 및 치료에는 어려움이 발생 할 것으로 생각 됩니다. 당사에서는 공급 정상화를 통해 환자의 안정적인 치료가 이루어 질 수 있도록 최선의 노력을 다하겠습니다.",수입량 증대 및 수입 일정 조기 조정을 통한 공급 중단 기간 최소화,2016-11-01,2016-08-29,484,8806500003310
2016-07-22,이연트롬빈동결건조분말5000단위,이연제약(주),2016-10-01,주성분 원료 수입이 지연됨에 따라 공급이 부족함,"본 제제는 여러 출혈 부위에 사용할 수 있는 지혈제제입니다. 제네릭 제품은 없으나, 대체 가능한 다른 성분의 지혈제가 시판 중이므로 환자의 치료에 미치는 영향은 미미하다 할 수 있습니다.","원료수급 지연 문제가 조기 해결될 수 있도록 노력 중이며, 9월 중 입고 즉시 생산하여 공급 재개할 예정입니다.",,2016-07-22,9452,198700108
2016-06-24,유시락스정10밀리그램(히드록시진염산염),한국유씨비제약(주),2015-10-07,"제조소에서 일부 부형제의 미세한 색상차이가 발생하여 품질에 대한 확인차 2015년 10월부터 수입/공급을 일시중단하였습니다. 원인규명 및 개선 후 공급을 재개하고자 하였으나, 정확한 원인규명이 이루어지지 못하고 있어 장기적인 공급부족이 예상됩니다.","유시락스정10밀리그램은 히드록시진염산염으로서, 정신신경계 영역에서 불안, 긴장, 초조 완화, 피부과 영역에서 두드러기, 피부염 등의 가려움 완화를 위해 사용됩니다. 대체가능한 약물로서 유시락스시럽과 히드록시진염산염 제네릭제품인 아디팜정(태극제약)이 시판 중에 있습니다.","조속한 공급 정상화를 위하여 원인 규명과 함께 제형 개선도 검토 중이나, 제형의 개선으로 결정될 경우 허가 변경 등의 행정절차와 생산라인 반영 등 재공급까지 걸리는 시일이 결정일 이후 최소 1년 이상 소요될 것으로 예상됩니다. 따라서 제형 개선 검토 및 결정, 이후의 소요기간을 감안하였을 때 현재로부터 최소 1년 6개월 이후 공급 정상화가 가능할 것으로 예상됩니다.",2017-12-31,2016-06-24,0,197800398
2016-05-11,알케란주(멜팔란),삼일제약(주),2016-05-31,제조사 사정으로 인한 일시적으로 수입이 지연됨,"동일제제 주사제는 없으나, 동일성분 제제 정제가 공급되고 있어, 환자 치료에는 큰 영향이 없을 것으로 판단 됨.",현재 제조사와 정상공급을 위해 지속적으로 협의 중에 있으며 2016년 3분기 이후 정상 공급될 것으로 보임,2016-10-03,2016-05-11,279,8806439030500
2016-03-10,비아핀에멀젼(트롤아민),고려제약(주),2016-05-20,제조원의 원료 공급 문제로 일시적으로 생산이 중단됨,동 제품은 화상 등에 사용하는 품목으로 필요시 다른 화상제품으로 치료가 가능합니다. 따라서 제품의 공급부족으로 환자치료에 미치는 영향은 미미할 것으로 판단됩니다.,2016년 7~8월 생산예상 2016년 9월 수입예상 2016년 10월부터 정상 공급 예상,2016-10-01,2016-03-08,19074,8806428008114
2016-01-27,프레드포르테점안액(프레드니솔론아세테이트),한국엘러간(주),2016-02-15,공장 생산 수급의 문제로 공급 부족,"본 제제는 염증조절이 필요한 다양한 안과적 상황에서 사용할수 있는 점안 스테로이드 제제입니다. 환자 치료시 필요한 경우, 타사의 점안 스테로이드를 사용할 수 있으므로 환자의 치료에 미치는 영향은 미미하다 할 수 있습니다.","고객을 최우선으로 하는 아사에서는 원활한 공급을 위해 최대한 생산일정을 앞당기기 위해 공장과 communication 하고 있으며, 추가 비용이 발생하더라도 항공편으로 제품을 선적하여 최대한 빠른 시일내에 고객에게 공급할 수 있도록 모든 사전 조치를 취하고 있는 상황입니다.",2016-04-01,2016-01-27,1425,8806794001023
2016-01-05,테라마이신안연고,한국화이자제약(주),2016-01-06,"테라마이신안연고는 원료수급문제로 인한 공급부족으로 품절이 예상됩니다. 기존 원료 생산처에서 수입하는 모든 나라가 공급에 어려움을 겪고 있는 상황이며, 폐사는 지속적으로 최대한 빠른 시간 안에 공급을 정상화 하고자 노력하고 있습니다.",테라마이신 안연고는 옥시테트라사이클린염산염 및 폴리믹신B 감수성균에 의한 결막과 각막을 포함한 표재성 안감염 치료에 사용되는 제제로 필요로 하는 환자들에게 대체약으로 처방해야 해 불편함이 따를 것으로 예상됩니다.,원료수급문제로 인한 공급부족으로 대체원료공급자를 검토 중에 있으며 최대한 빠른 시간 안에 공급을 정상화 하고자 노력하고 있습니다.,2016-12-01,2015-12-31,18959,8806489010811
2015-12-18,유니바스크정7.5밀리그램(모엑시프릴염산염),한국유씨비제약(주),2016-04-30,제조소의 허가 후 안정성 시험에서 일부 기준 일탈이 발생함에 따라 생산을 중단합니다. 향후 시험방법 및 제형개선 완료 후 재생산 예정입니다.,"유니바스크정 7.5 밀리그램은 모엑시프릴염산염으로서 고혈압환자에 처방되는 ACE inhibitor 약제입니다. 제네릭제품은 없으나, 대체 가능한 약물로서 다양한 ACE inhibitor(captopril, ramipril, analapril 등)가 시판 중에 있어 환자 치료에는 큰 영향이 없을 것으로 예상됩니다.",시험방법 및 제형 개선 후 재생산에 약 1년이 소요될 것으로 예상됩니다.,2017-01-31,2015-12-18,"5,683",200308337
2015-12-18,유니바스크정15밀리그램(모엑시프릴염산염),한국유씨비제약(주),2016-02-29,제조소의 허가 후 안정성 시험에서 일부 기준 일탈 결과가 발생함에 따라 생산을 중단합니다. 향후 시험방법 및 제형개선 완료 후 재생산 예정입니다.,"유니바스크정 15밀리그램은 모엑시프릴염산염으로서 고혈압환자에 처방되는 ACE inhibitor약제입니다. 제네릭제품은 없으나, 대체가능한 약물로서 다양한 ACE inhibitor(captopril, ramipril, analapril 등)가 시판 중에 있어 환자 치료에는 큰 영향이 없을 것으로 예상됩니다.",시험방법 및 제형 개선 후 재생산에 약 1년이 소요될 것으로 예상됩니다.,2017-01-31,2015-12-18,762,200308341
2015-10-28,유시락스정10밀리그램(히드록시진염산염),한국유씨비제약(주),2015-10-07,수입은 이루어졌으나 제조소의 원료공급처 변경으로 인한 품질 우려로 공급을 보류하고 있습니다.,"유시락스정10밀리그램은 히드록시진염산염으로서, 정신신경계 영역에서 불안, 긴장, 초조 완화, 피부과 영역에서 두드러기, 피부염 등의 가려움 완화를 위해 사용됩니다. 대체가능한 약물로서 유시락스 시럽과 히드록시진염산염 제네릭제품인 아디팜정(태극제약)이 시판 중에 있어 환자 치료에는 큰 영향이 없을 것으로 예상됩니다.",적절한 품질 확보를 위해 제조소에 대한 조사와 조정을 완료 후 2016년 3월 중 정상적인 공급을 재개하고자 합니다.,2016-03-31,2015-10-28,60개,197800398
2015-07-23,"인판릭스-아이·피·브이 프리필드시린지(흡착 디프테리아, 파상풍 톡소이드, 정제 백일해 및 개량 불활화 폴리오 혼합백신)",(주)글락소스미스클라인,2015-09-30,전세계적인 수요 증가에 따른 생산 확보에 소요되는 시간으로 인해 제조처에서의 수급이 원활하지 않아 일시적으로 공급이 중단될 예정입니다.,현재 국내에 유통되고 있는 DTap-IPV 백신으로는 사노피 파스퇴르의 테트락심이 있습니다. 당사 대비 충분한 재고를 확보해 놓아 당분간 공급에 차질이 없는 것으로 알고 있으며 이미 상당수 병원이 테트락심으로 제품 전환을 하고 있는 상황입니다.,"본사에서의 생산이 원활하게 되는 2017년 초부터 정상적인 공급이 예상되며, 지속적으로 본사와 논의를 진행하고 협조를 요청하고 있습니다.",2017-01-01,2015-07-22,97420,8806500027309
2015-06-30,"인판릭스주(흡착디프테리아,파상풍톡소이드및정제백일해혼합백신)",(주)글락소스미스클라인,2015-07-20,해외 제조처에서의 공급 지연으로 추가 물량이 6월에 입고되었고 약 4개월의 국가검정 이후 10월 중순 시장에 공급 재개가 가능할 것으로 예상됩니다.,"당사 백신의 공급 부족 기간 동안 타사 (SK케미칼, LG생명과학, 한국백신) DTP백신 수급에는 이슈가 없는 것으로 알고 있어, 백신 접종에는 문제가 없을 것으로 예상됩니다.",2015년 6월 신규 입고된 수량이 4만 도즈이고 국가 검정 완료 후 10월 중순에는 공급이 재개될 수 있을 것입니다.,2015-10-12,2015-06-30,3021,8806500010011
2015-06-17,하이캄틴주4밀리그램(토포테칸염산염),(주)글락소스미스클라인,2015-06-20,공급처의 공급지연으로 인하여 수급에 어려움이 발생 하였습니다.,"해당 제품은 표준 화학 요법에 실패한 전이성 난소암, 1차 화학요법에 실패한 재발성 소세포 폐암, 수술 요법 또는 방사선 요법으로 치료되지 않는 전이성, 지속성 자궁경부암의 치료로 허가된 약제로 일시적 공급 지연이 발생할 경우, 환자 투여가 불가능할 것으로 예상됩니다. 하지만 해당 질환의 경우 다수의 치료제가 개발되어 임상에 적용되고 있어 환자 치료의 차질은 크지 않을 것으로 추정합니다. 실례로 난소암의 경우 벨로테칸/라이포좀 독소루비신, 폐암의 경우 이리노테칸/벨로테칸, 자궁경부암의 경우 파클리탁셀 등의 약제가 대체제로 사용될 수 있어 적극적인 안내를 통한다면 치료에 미치는 영향은 적을 것입니다. 해당 제품인 하이캄틴주 4mg의 경우, 지난달 말 기준 도매상 재고(228개), 당월 판매(82개), 회사 보유분(16개), 총 326개가 유통 중 또는 가능한 상황이어서, 월평균 실사용량(153개)을 감안하면 7월 중순까지 사용 가능할 것으로 추정되어, 7월 하순부터 8월 중순까지 약 1개월간 실제 공급 부족 현상이 발생될 것으로 예상됩니다. 당사에서는 환자의 안정적인 치료를 위해 공급 정상화를 위해 최선의 노력을 다하겠습니다.",조기 수입 및 수입량 증가를 통한 공급 중단 가능성 최소화,2015-08-14,2015-06-16,16,880650001550
2015-05-27,차코도트현탁액(약용탄),제이텍바이오젠,2015-05-08,캐나다 제조사인 pharmascience사의 생산차질,영향에 미침.,"현재 캐나다 제조사의 생산계획을 통보하여 줄것을 요청중이나, 현재로서는 정확한 공급가능일을 알려줄수 없는 상태임.",2015-08-31,2015-05-08,0,8806596004413
2015-05-27,이미그란정50밀리그램(수마트립탄숙신산염),(주)글락소스미스클라인,2015-06-19,GSK 글로벌에서 이미그란 API(원료의약품) 생산처를 변경하는 과정에서 일시적으로 공급에 차질이 생겼습니다.,"명인제약, 이연제약에서 동일성분의 대체의약품을 보유하고 있습니다. 원외처방전에 의한 문전약국 조제시 대체조제가 필요한 상황입니다. 종합병원 및 원내 약국의 경우 보관 정책상 3개월 재고를 유지할 가능성이 높으므로 정상적인 조제 및 약물 수령이 가능할 것으로 예상됩니다.",원료의약품의 국내 허가 일정에 맞춰 해외 제조소와는 공급 일정을 최대한 앞당길 수 있도록 진행 중입니다. 늦어도 8월 중순 이전에는 공급이 재개될 수 있을 것으로 예상됩니다.,2015-08-10,2015-05-27,0,8806500009923
2015-03-13,가나피드정(염산이토프리드),한올바이오파마(주),2015-03-13,111,1111,11,2015-03-13,2015-03-01,1,1
2015-03-10,한올마이신주120만단위(벤자틴페니실린G수화물),한올바이오파마(주),2015-04-19,2015년 2월 4일 식약처 위해정보과로부터 원료의약품 제조처의 제조공정에 대한 EUGMP위반과 그에 대한 WHO성명을 통보받음. 제품의 안전성 재고 차원에서 잠정적으로 공급을 중단함.,"한올마이신주는 다양한 적응증을 가지고 있으나, 주로 매독(비뇨기과)에 많이 사용되는 의약품임. 매독을 적응증으로 하는 다른 의약품은 있으나, 1차 추천요법이 아니고, 투여횟수 및 부작용, 내성 등의 이유로 마이신주를 대체하여 사용하는 빈도가 많지 않아 환자의 투약에 지장이 예상됨. (첨부 : 매독을 적응증으로 하는 의약품)","식약처 검토 결과 회신에 따라 기 생산분 공급 예정, 새로운 원료제조처 확보후 추가 생산가능 (현 진행상황 : 2월 9일 의약품관리총괄과 자료제출 지시 -> 2월 10일 식약처 자사제품 50vials 제품수거함 -> 2월 12일 자료제출 완료 ) -도매상 재고현황을 첨부할 곳이 적당하지 않아, 본 파일첨부란에 첨부합니다.",2016-04-01,2015-03-09,"17,810",8806556024703
2015-02-27,하브릭스주(A형간염백신),(주)글락소스미스클라인,2015-04-20,해외제조처에서의 수급차질로 2015년 물량 공급이 어려운 상황이라 한시적으로 공급을 중단하게 되었습니다.,"현재 A형 간염 백신인 MSD의 박타, 사노피 파스퇴르의 아박심이 국내에 유통되고 있고 또한 지속적으로 시장에 공급되는 것으로 알고 있습니다. 당사 하브릭스의 일시적 공급 부족이 있지만 다른 두 회사의 A형 간염 백신이 있기 때문에 환자 치료에 미치는 영향은 크지 않을 것이라 생각됩니다.","본사에서의 생산이 원활하게 되는 2016년 초부터 정상적인 공급이 가능할 것으로 예상되며, 더 빠른 공급을 위해 지속적으로 본사와 논의를 진행하고 협조를 요청하고 있습니다.",2016-01-01,2015-02-27,20230,8806500019403
2014-12-29,하브릭스주(A형간염백신),(주)글락소스미스클라인,2015-03-01,해외 제조처에서의 수급 차질로 2015년 물량 공급이 어려운 상황이라 한시적으로 공급을 중단하게 되었습니다.,"현재 A형 간염 백신인 MSD의 박타, 사노피 파스퇴르의 아박심이 국내에 유통되고 있고 또한 지속적으로 시장에 공급되는 것으로 알고 있습니다. 당사 하브릭스의 일시적 공급 부족이 있지만 다른 두 회사의 A형 간염 백신이 있기 때문에 환자 치료에 미치는 영향을 줄일 수 있을 것이라고 생각합니다.","해외 제조처에서의 생산이 원활하게 되는 2016년 초부터 정상적인 공급이 가능할 것으로 예상되며, 더 빠른 공급을 위해 지속적으로 본사와 논의를 진행하고 협조를 요청하고 있습니다.",2016-01-01,2014-12-29,28166,8806500018017
2014-11-24,온코타이스주(비씨지StrainTice),한국엠에스디(유),2014-11-25,공급처 공정지연 따른 공급부족,첨부파일 참고요망,첨부파일 참고요망,2015-02-06,2014-11-24,67,8806555012114
2014-11-14,이수푸렐주(이소프로테레놀염산염),호스피라코리아(주),2015-01-01,허가 변경 지연으로 인해 수입일정 지연,주로 응급환자를 대상으로 사용되며 동일 성분의 대체제품이 없어 영향이 큼,허가 변경을 빠른 시일내에 완료하여 공급 정상화 추진함,2015-04-01,2014-11-12,9975,8806935004012
2014-10-16,하나페노바르비탈정,하나제약(주),2014-10-22,"2014.09.17.자로 입고된 원료(페노바르비탈)의 QC test 결과, 부적합 판정(유연물질 항목 부적합)을 받아 사용이 불가능하게 됨.","하나페노바르비탈정의 품절이 불가피하며, 다음 원료 입고 및 생산 완료까지 국내 환자에게 페노바르비탈 단일제(정제) 공급이 어려워 질 것으로 예상됨.","10월 16일 현재 페노바르비탈 원료 수입 승인 신청을 완료함. 수입절차에 따라 2015년 1월 9일 원료가 입고될 것으로 예상됨. 원료 QC test 후 적합 판정을 받을 경우, 완제의약품 생산 후 출하되는 시기는 2015년 2월 2일로 예상됨.",2015-02-02,2014-10-16,1051,8806578028727
2014-10-15,조피고주(라듐-223염화물),바이엘코리아(주),2014-10-10,최근 생산된 배치들에서 섬유(fiber)가 함유된 바이알의 수가 정상보다 높은 것으로 확인되어 해당 배치의 제품이 출하되지 못하였습니다.,새로운 환자에게는 약물 투약을 시작하지 않고 있으며 투약 진행 중인 환자에서는 투약 지연이 예상됩니다.,현재 전문가팀에서 원인 분석을 진행하고 있으며 조속히 생산이 재개될 수 있도록 필요한 조치들을 취하고 있습니다.,2014-11-28,2014-10-15,0,8806411058317
2014-08-25,"프로류킨주(알데스류킨, 유전자재조합)",한국노바티스(주),2014-10-27,본사 생산기지 변경에 따른 일정 차질로 수입이 지연되어 공급 부족 발생이 예상됨.,성인(18세이상)의 전이성 신장세포암.,"노바티스 본사 생산기지 이전에 따른 생산 일정에 따라 2015년 10월 이후 공급이 재개 될 것으로 예상하나, 공급 재개 시점을 앞당기기 위하여 본사와 긴밀한 협조가 이루어 지고 있는 상태 입니다.",2015-10-01,2014-08-25,210,8806536012614
2014-08-25,엘리델크림1%(피메크로리무스),한국메나리니(주),2014-09-30,"수탁제조원인 노바티스, 독일의 제조 공정중 Deviation이 발생하였고 이로인해 원인을 파악하고 문제를 해결하는 중이며 문제의 해결이 완료될 때까지 생산이 중단된 상황입니다. 이로인해 국내 수입일정에 차질이 발생하였고 현재 재고가 충분치 않은 상황입니다.",엘리델크림은 피메크로리무스를 주성분으로 하는 아토피피부염의 2차 치료제입니다. 동일 성분의 제제가 등재되어 있지 않은 단독등재된 제품으로 기 사용중인 화자들의 경우 진료차질이 예상됩니다.,"수탁제조원인 노바티스, 독일에서 문제를 해결하기 위해 노력을 하고 있으나 공급 재개일정이 확실치는 않은 상황입니다. 다만, 제조원의 추가를 통해 새로운 공급처로의 확대를 진행중입니다. 이릐 등록이 신속히 진행된다면 Global license holder가 직접 제조를 하게됨으로서 제품공급선을 다양화하고 또, 책임감 있는 제품공급이 이루어 질것으로 생각됩니다.",2014-12-31,2014-08-25,7000튜브,8806749003706
2014-07-11,한올마이신주120만단위(벤자틴페니실린G수화물),한올바이오파마(주),2014-09-01,"원료 QC 부적합으로 반품 후 새로운 원료 입고되기까지 2달 소요되어 일시적 공급부족 발생 예상됨. 별도의 증빙서류 없어, 공급부족보고서로 첨부하고자 합니다.",환자 투약에 지장 예상됨. 별첨: 공급부족보고서,9월 중 신규 원료 입고되는 대로 생산 진행 예정 별첨: 공급부족보고서,2014-10-20,2014-07-10,7320,8806556024703
2014-06-12,보트리엔트정400밀리그램(파조파닙염산염),(주)글락소스미스클라인,2014-06-16,공급처의 공급지연으로 인하여 수급에 어려움이 발생 하였습니다.,"보트리엔트 정은 진행성 신세포암 환자와 이전에 화학요법을 투여 받은 진행성 연조직 육종 환자의 치료를 위해 허가된 표적 항암제로, 월 평균 약 400여명의 환자의 치료에 사용되고 있으나, 공급처의 일시적인 공급 지연으로 인해 현재 회사에서 보유하고 있는 88개의 판매가 완료되면 해당 제품의 품절이 예상됩니다. 현재 도매상에서 보유하고 있는 수량(447 개)으로 이 기간 중에 필요한 수요를 충족할 수 있을 것으로 예상하나, 여전히 약 2주 간의 잠재적인 품절이 있을 수 있습니다. 품절이 발생하게 되면 보트리엔트가 필요한 신규 환자 및 기존 투약 환자가 일시적으로 공급을 받지 못할 수 있습니다. 신장암 환자의 경우, 신규 환자의 경우 여타 동일 기전 약제로 치료가 가능하나 보트리엔트를 투여받고 있는 환자의 경우 임상의의 의학적인 판단과 현행 보험 급여 원칙하에 동일 기전 약제로 전환이 가능한지 여부에 따라 변경 처방이 가능할 수 있을 것으로 판단됩니다. 연조직 육종 환자의 경우, 보트리엔트는 유일하게 승인된 표적항암제로, 직접적으로 대체 가능한 의약품이 없어, 임상의의 판단하에 대안 약제로 변경이 필요할 것으로 보입니다. 당사에서는 공급 지연으로 인하여 보트리엔트를 투여 받고 있던 환자의 영향이 최소화될 수 있도록 최선의 노력을 경주하겠습니다.",조기 수입 및 수입량 증대를 통한 공급 중단 가능성 최소화,2014-07-07,2014-06-11,88,8806500027804
2014-03-21,바이에타펜주5마이크로그램(엑세나타이드),(유)한국비엠에스제약,2014-04-01,BMS사는 2013년 바이에타 품목의 원 개발사인 Amylin사를 합병하였고 이에 따라 당시 EU 및 미국 등의 허가권자인 릴리사의 제조원 일부를 변경하게 되었습니다. 국내에서는 2013년 7월 동 품목의 허가권이 한국릴리로부터 한국BMS제약으로 양도양수 되었습니다. 이에 따라 2013년 9월 26일 보건복지부 고시 “약제급여목록 및 급여상한금액표 고시 개정”에 따라 이전 품목허가권자인 한국릴리의 바이에타 품목은 2014년 3월 31일까지만 보험 적용이 가능한 상황입니다. 따라서 현재 도매상 및 병원에 비록 한국릴리의 바이에타품목 재고는 있으나 보험 규정에 따라 사용이 불가능하다고 하여 BMS의 제품을 요청하고 있습니다. 국내에서는 global 제조원 변경 일정에 따라 2014년 1월 이전 릴리 제조원에서 BMS사의 제조원으로 허가 변경을 진행하였습니다. 그런데 한국BMS의 바이에타 품목의 수입 일정에 차질이 발생하여 국내 제조원 허가변경 이후 수입 지연이 발생하였고 최대한 급히 이들 제품을 수입하였으나 (2013년 3월 20일 이들 품목 수입 완료) 국내 품질검사 일정에 따라 2014년 5월에 출하될 것으로 예상됩니다. (첨부: 한국BMS 바이에타 수입신고 필증) 따라서 2014년 4월 1일부터 4월 30일까지 국내에서 바이에타 품목의 공급 부족이 예상됩니다.,현재 바이에타 제품의 제네릭은 없습니다. 또한 같은 계열의 약제로서 노보노디스크제약의 빅토자펜주6밀리그램(리라글루티드) 제품이 있으나 국내 제품 출시를 하지 않은 것으로 알고 있습니다. (첨부: 바이에타 효능효과) 따라서 바이에타 제품이 공급되지 않을 경우 대체 의약품이 없어 지속적인 혈당 관리가 필요한 환자에게 어려움이 있을 것으로 사료됩니다.,공급부족사유에서 말씀드린 바와 같이 현재 품목 제품 자체는 각 도매상 및 자사의 창고에 보관되어 있으나 관련 보험 규정과 국내 품질검사 일정에 따라 출하가 지연되고 있는 상황입니다. 조속한 공급을 위해 폐사에서는 품질검사 수행 기관인 한독약품과 긴밀히 협의하고 있으나 시험검사 항목 중 긴 시간을 요하는 검사 항목이 있어 품질검사 일정에 따르면 최소 한달의 시험 기간이 소요될 것으로 보입니다.,2014-05-01,2014-03-20,2877,8806587005917
2014-03-21,바이에타펜주10마이크로그램(엑세나타이드),(유)한국비엠에스제약,2014-04-01,BMS사는 2013년 바이에타 품목의 원 개발사인 Amylin사를 합병하였고 이에 따라 당시 EU 및 미국 등의 허가권자인 릴리사의 제조원 일부를 변경하게 되었습니다. 국내에서는 2013년 7월 동 품목의 허가권이 한국릴리로부터 한국BMS제약으로 양도양수 되었습니다. 이에 따라 2013년 9월 26일 보건복지부 고시 “약제급여목록 및 급여상한금액표 고시 개정”에 따라 이전 품목허가권자인 한국릴리의 바이에타 품목은 2014년 3월 31일까지만 보험 적용이 가능한 상황입니다. (첨부: 보건복지부 고시) 따라서 현재 도매상 및 병원에 비록 한국릴리의 바이에타품목 재고는 있으나 보험 규정에 따라 사용이 불가능하다고 하여 BMS의 제품을 요청하고 있습니다. 국내에서는 global 제조원 변경 일정에 따라 2014년 1월 이전 릴리 제조원에서 BMS사의 제조원으로 허가 변경을 진행하였습니다. 그런데 한국BMS의 바이에타 품목의 수입 일정에 차질이 발생하여 국내 제조원 허가변경 이후 수입 지연이 발생하였고 최대한 급히 이들 제품을 수입하였으나 (2013년 3월 20일 이들 품목 수입 완료) 국내 품질검사 일정에 따라 2014년 5월에 출하될 것으로 예상됩니다. (첨부: 한국BMS 바이에타 수입신고 필증) 따라서 2014년 4월 1일부터 4월 30일까지 국내에서 바이에타 품목의 공급 부족이 예상됩니다.,현재 바이에타 제품의 제네릭은 없습니다. 또한 같은 계열의 약제로서 노보노디스크제약의 빅토자펜주6밀리그램 (리라글루티드) 제품이 있으나 국내 제품 출시를 하지 않은 것으로 알고 있습니다. 따라서 바이에타 제품이 공급되지 않을 경우 대체 의약품이 없어 지속적인 혈당 관리가 필요한 환자에게 어려움이 있을 것으로 사료됩니다.,공급부족사유에서 말씀드린 바와 같이 현재 품목 제품 자체는 각 도매상 및 자사의 창고에 보관되어 있으나 관련 보험 규정과 국내 품질검사 일정에 따라 출하가 지연되고 있는 상황입니다. 조속한 공급을 위해 폐사에서는 품질검사 수행 기관인 한독약품과 긴밀히 협의하고 있으나 시험검사 항목 중 긴 시간을 요하는 검사 항목이 있어 품질검사 일정에 따르면 최소 한달의 시험 기간이 소요될 것으로 보입니다.,2014-05-01,2014-03-20,4780,8806587006013
2014-02-05,타미플루캡슐75밀리그램(인산오셀타미비르),(주)한국로슈,2014-02-05,계절독감이 유행함에 따라 타미플루 캡슐의 수요가 증가함,"도매상 수준에서 공급부족 현상으로 인해, 직접적인 환자치료에 일시적인 어려움이 있을 수 있으나 추가 공급분 확보로 해소될 것으로 사료됨","2014년 2월 4째주경 127,545 명분의 제품 입고 예정임",2014-02-28,2014-02-04,0,8806450004610
2014-02-05,타미플루캡슐45밀리그램(인산오셀타미비르),(주)한국로슈,2014-02-05,계절독감이 유행함에 따라 타미플루 캡슐의 수요가 증가함,"도매상 수준에서 공급부족 현상으로 인해, 직접적인 환자치료에 일시적인 어려움이 있을 수 있으나 추가 공급분 확보로 해소될 것으로 사료됨","2014년 2월 4째주경 21,550명분의 제품 입고 예정임 2014년 3월 말 80,000명분의 제품 입고 예정임",2014-03-17,2014-02-04,0,8806450007413
2014-02-05,타미플루캡슐30밀리그램(인산오셀타미비르),(주)한국로슈,2014-02-05,계절 독감이 유행함에 따라 타미플루 캡슐의 수요가 증가함,"도매상 수준에서 공급부족 현상으로 인해, 직접적인 환자치료에 일시적인 어려움이 있을 수 있으나 추가 공급분 확보로 해소될 것으로 사료됨","2014년 2월 4째주경 6,578명분의 제품 입고 예정임 2014년 3월 말일 경 80,000명분의 제품 입고 예정임",2014-03-17,2014-02-04,0,8806450007314
2014-01-17,라보파서방캡슐(염산리토드린),제이더블유중외제약(주),2013-11-26,2013.11.26일자로 식약처 판매중단 및 회수지시에 의한 생산중단(강제회수),"동일한 적응증으로 대체가능한 주사제는 JW중외제약의 라보파주와 한국페링제약의 트랙토실주가 있으나, 경구제 제형으로의 대체품목이 없음으로 기존 조산환자의 경구제시장의 공급부족이 예상됨 * 파일첨부 : 2호 서식 날인본본","2013년 11월 26일 판매중단 및 회수 명령 조치시점 이후 추가 생산 및 공급계획은 없으며, 기존 시장재고에 대하여도 전량 회수 예정임(공급정상화예상일자: 해당없음)",2020-01-31,2014-01-15,"14,016 갑",8806449006816
2014-01-14,리다민캅셀(염산리다미딘),고려제약(주),2014-01-13,원료수급차질에 따른 공급부족 발생,일반의약품으로서 동일 효능의 제품이 시중에 유통되고 있으므로 대체가 가능하기 때문에 환자치료에 미치는 영향은 크지 않음.,원료수급차질에 따른 공급부족 발생. 2014년 2월 말 원료확보 및 3월말까지 공급부족 해소 예정,2014-03-13,2014-01-13,0,8806428004604
2013-12-04,녹십자-파이브리노겐주(건조사람피브리노겐),(주)녹십자,2013-12-20,"생산대비 수요증가 -년간 2회 생산(약2,000병)하는 품목으로 2013년 6~8월중 사용량이 2배로 급증함에 따라 재고 소진되었음 - 2013년 9월 공장 설비 교체로 인해 추가 생산 불가하였음.","본 제품은 외과처치, 선천성 저·무 피브리노겐혈증 등의 저피브리노겐혈증에 사용되며, 대체의약품이 전혀 없습니다. 다만 허가받은 적응증에만 사용될 경우 공급에 문제가 발생하지 않으므로 환자 치료에 영향을 미치는 경우는 없었고, 간혹 공급이 한두달정도 부족하였을 경우라도 환자치료에 문제는 없었음.","2013년 11월 11일에 긴급하게 생산에 들어가 분병을 완료하였으며, 자체 품질검사를 완료하고 12월 11일에 국가검정을 신청하여 2014년 2월초에 공급이 될 수 있도록 할 것이며, 국가검정센터 혈액제제검정팀 담당자와 협의하여 최대한 빠른 시일내 국가검정이 완료되어 공급을 할수 있도록 하겠습니다.",2014-02-10,2013-11-27,105병,200403354
2013-10-10,다이나써크서방캡슐(이스라디핀),한국노바티스(주),2013-10-14,생산 공장의 원재료 수급이 늦어지는 원인으로 수입이 지연되어 공급 부족,고혈압 환자의 신장기능을 정상적으로 유지하면서 지속적인 혈압조절은 물론 단백뇨 감소 효과를 통한 신장보호 효과를 나타냄,"1) 10월 1일부터 15,877팩 시장출고 진행 완료(1.2 개월 재고분) 2) 생산 공장의 원재료 공급 정상화 작업이 완료후 11월 25일까지 재고 정상화 예정",2013-11-25,2013-10-10,407,8806536001618
2013-10-01,페데아주(이부프로펜),(주)삼오제약,2013-11-30,"2013년 페데아주 수탁제조원인 Merckle에서 생산된 완제품에서 원인을 알수 없는 이물질(visible particle) 이 발견되어 생산을 중단되었으며, 위탁제조사인 Orphan Europe에서 Merckle사와 협력하에 이물생성에 대한 원인 규명을 위해 노력하고 있지만, 현재까지 명확한 원인 규명이 되지 않아 생산 재개를 못하고 있습니다. 이 처럼, 원인조사 및 제품 생산재개에 필요한 시간 등을 고려해 볼 때 국내 공급물량에 대한 충분한 재고확보가 어려워 해당 공급부족사태가 발생하게 되었습니다 이와 관련된 증빙서류로 2013년 8월 22일자 Orphan Europe 의 공문을 증빙서류로 첨부 하였습니다. (첨부문서)","페데아주는 34주 미만의 미숙아에 있어 발생 가능한 동맥관개존증 질환에 사용되는 희귀의약품이며, 현재 국내에서는 이 제품의 대체약제가 없는 상황으로, 심각한 경우 수술이 대체치료법이 될 수 있습니다. 이에 Orphan Europe에서는 미국 FDA에서 페데아주와 동일한 효능 효과로 허가된 네오프로펜(성분 :ibuprofen lysine 10mg/ml, 2ml 바이알)을 희귀의약품센터를 통하여 공급하여 환자치료에 영향을 최소화 할 수 있도록 노력 중에 있습니다. 그리고 국내에서도 일시 공급부족현생에 대하여 페데아주를 사용하는 병원 및 신생아학회에 그 내용을 전달하고 있습니다",폐사와 Orphan Europe 은 해당 공급문제가 조만간 해결될 수 있도록 모든 조치를 취하고 있으나 현재까지 공급재개일이 결정되지는 못하였습니다. 이와 관련하여 추후 변경사항이 있을 경우 즉시 알려드리도록 하겠습니다.,2020-10-01,2013-10-01,45,8806597008823
2013-09-30,온코타이스주(비씨지StrainTice),한국엠에스디(유),2013-09-25,생산처의 생산지연으로 인한 공급지연,온코타이스는 방광암 환자의 TURBT 시행 후 재발을 방지하기 위한 면역치료에 사용되는 약제입니다. 수술후 1~2주간 이후부터 한주에 하나씩 총 6번을 투여 하게 되는 induction 단계가 가장 중요한데 이 치료를 시행하는 데에 필요한 수량은 부족하지 않을 것으로 생각됩니다. 하지만 이후 시행하게 되는 유지요법에 필요한 수량은 병원별로 좀 부족할 수 있다고 생각됩니다. 품절 기간이 길지 않기 때문에 수술 일정 등을 10월 중순 이후로 연기하는 등의 조치를 병원별로 취하게 할 예정입니다.,지난 9월 2일에 선적된 물량이 현재 동물실험 중에 있습니다. 이 실험을 거친 후 10월 31일에 정상공급 예정입니다.,2013-10-31,2013-09-25,0,8806555012107
2013-08-23,리보스틴점안액(레보카바스틴염산염),(주)한국얀센,2013-09-30,"당사는 리보스틴점안액(레보카바스틴염산염)을 벨기에(Janssen Pharmaceutica N.V., Belgium)로부터 수입하여 판매하고 있으나, 본사의 정책에 따라 벨기에에서 본 제품에 대한 생산을 중단하고, 그리스(Famar S.A., Greece)에서 전공정 위탁 제조하도록 제조처 변경 중에 있습니다. 당사의 제조처 변경을 위한 식품의약품안전처의 심사가 완료되기까지 예상보다 많은 시간이 소요되고 있어, 허가 변경일정이 지연되어 시장 공급 부족이 발생하게 되었습니다. 진행중인 제조처변경 민원에 대한 자료를 증빙서류로 첨부드립니다. 첨부1. 제조처변경 민원 접수증 첨부2. 식약처 보완요청 공문","리보스틴점안액의 효능효과는 ‘봄철결막염 및 알레르기결막염 증상의 완화’입니다. 국내에 동일한 주성분의 점안제는 없으며, ‘알레르기성 결막염’에 대한 치료제로써 릴레스타트점안액0.05%(에피나스틴염산염, 삼일엘러간), 알러쿨점안액(아시타자노라스트, 한미), 파타데이0.2%점안액(염산올로파타딘, 한국알콘), 자디텐점안액(푸마르산케토티펜, 한국알콘), 크릭스점안액(트라닐라스트, JW중외제약) 등이 이용가능 합니다. 공급부족으로 인한 영향을 최소화하기 위해 공급부족 알림 및 협조요청 공문을 7월 말 각 도매상 및 병원약제부로 전달하였습니다.","당사는 조속한 제조처 변경허가 완료를 위해 제조처 및 식약처에 적극 협조할 것입니다. 해당 민원 처리예정기간은 2013년 9월 21일이며, 변경완료 이후 제조처 생산, 포장재 준비 및 local QC test 등으로 약 5~6개월 뒤 정상공급이 가능할 것으로 예상됩니다.",2014-02-17,2013-08-21,2459,199504180
2013-08-21,포리부틴드라이시럽(트리메부틴),삼일제약(주),2013-08-16,행정처분,동일제제 제네릭 의약품인 베부틴드라이시럽 4.8mg/ml 및 크로부틴건조시럽 787mg/100g이 있어 공급 부족 가능성은 없을 것으로 판단 됨,2013년 9월 16일 이후 정상 공급 계획,2013-09-16,2013-08-16,0,8806439016214
2013-08-21,자이로릭정(알로푸리놀),삼일제약(주),2013-08-16,행정처분,동일제제 제네릭 의약품인 유유 알로푸리놀 정 100mg 및 한국유나이티드 알로푸리놀 정 100mg 이 있어 공급 부족 가능성은 없을것으로 판단 됨,2013년 9월 16일 이후 정상 공급 계획,2013-09-16,2013-08-16,0,8806439013916
2013-08-21,글립타이드정200밀리그람(설글리코타이드),삼일제약(주),2013-08-16,행정처분,"동일제제 제네릭 의약품의 부재로, 도매상에서 보유하고있는 제품이 모두 소진되는 경우 공급 부족 가능성 있음",2013년 9월 16일 이후 정상 공급 계획,2013-09-16,2013-08-20,0,8806439000206
2013-08-20,다이나써크서방캡슐(이스라디핀),한국노바티스(주),2013-09-02,제품의 생산공장의 원재료 공급문제로 생산 일정이 지연되어 일시적으로 공급 중단,고혈압 환자의 신장 기능을 정상적으로 유지하면서 지속적인 혈압조절은 물론 단백뇨 감소효과를 통한 신장보호 효과를 나타냄,1) 9월말까지 1차 15000팩 수입 예정 2) 생산 공장의 원재료 공급 정상화 작업이 완료되면 10월말까지 2차 수입후 재고 정상화 예정,2013-10-01,2013-07-31,7860,8806536001618
2013-08-07,님벡스주(시스아트라쿠륨베실산염),(주)글락소스미스클라인,2013-08-07,당사의 님벡스 주 2.5ML 는 생산공장의 일시적인 생산량 감소로 9월 1일까지 수급에 어려움이 발생하였습니다.,"현재 님벡스주는 2.5ML/10ML 2가지 제형으로 판매되고 있으며 10ML 제형으로 대체 가능합니다. 또한 8월 741 PACKS이 수입 되었으며, 이는 9월 1일 이전에 공급 가능할 것으로 판단됩니다.",수입 이후 공급까지 단계에 소요되는 시간을 최소화하여 공급 중단 기간의 최소화,2013-09-01,2013-08-07,741,8806500001026
2013-07-03,사이프린캡슐(트리엔틴염산염),한국메나리니(주),2013-08-01,완제품 수입일정이 6월이었으나 제조원의 생산지연으로 213년 9월에 공급이 가능함. -제조사의 메일 참조,사이프린캡슐은 윌슨병이라는 희귀질환에 사용되는 약제로 본 약제를 지속적으로 복용하여야 하는 환자군의 경우 대체 약제가 적절치 않아 문제가 될 수 있으나 현재 도매상이나 병원의 재고가 9월까지는 가능할 것으로 예상됨,현재 수입가능 일정이 9월이며 수입 후 즉시 출하될 수 있도록 할 예정임. 지속적으로 제조원에 요청하여 일정을 앞당길 수 있도록 노력중입니다. 공급일정과 관련하여 도매업체에 공지하였으며 윌슨병 환우회에도 공지가 된 상태입니다.,2013-10-01,2013-07-03,279개(100캡슐/병),674900210
2013-05-31,펜타글로빈주10mL(IgM고함유사람면역글로불린),대한적십자사,2013-07-31,제조소인 독일의 Biotest와 현재 국내 공급업체 간의 계약 종결됨에 따라 현재 새로운 국내 공급업체와의 계약 협상 진행중으로 수입 지연 발생,대체 약물 없음,- 해외 제조소와 계약 관련 협상 중으로 협상 완료 후 신속히 국내 공급 예정 - 수입 지연에 따른 품절을 막기 위해 계약 전 임시 물량 발주 및 수입 예정,2013-08-01,2013-05-29,0,8806553001912
2013-05-31,펜타글로빈주100mL(IgM고함유사람면역글로불린),대한적십자사,2013-05-31,제조소인 독일의 Biotest와 현재 국내 공급업체 간의 계약 종결됨에 따라 현재 새로운 국내 공급업체와의 계약 협상 진행중으로 수입 지연 발생,대체 약물 없음,- 해외 제조소와 계약 관련 협상 중으로 협상 완료 후 신속히 국내 공급 예정 - 수입 지연에 따른 품절을 막기 위해 계약 전 임시 물량 발주 및 수입 예정,2013-08-01,2013-05-29,0,8806553001813
2013-05-31,메갈로텍주(항싸이토메갈로바이러스인면역글로불린),대한적십자사,2013-05-31,제조소인 독일의 Biotest와 현재 국내 공급업체 간의 계약 종결됨에 따라 현재 새로운 국내 공급업체와의 계약 협상 진행중으로 수입 지연 발생,대체 약물 없음,- 해외 제조소와 계약 관련 협상 중으로 협상 완료 후 신속히 국내 공급 예정 - 수입 지연에 따른 품절을 막기 위해 계약 전 임시 물량 발주 및 수입 예정정,2013-08-01,2013-05-29,0,8806553000113
2013-05-29,티모프틱0.5%점안액(티몰롤말레산염),한국엠에스디(유),2013-02-15,"2013 년 2월 15 일 (기 보고건임, 공급정상일이 연기되어 재보고함.) - 공급처의 생산 지연 및 예상되지 못한 시장의 과다수요. - 2월 13일 완제의약품 공급부족 보고시에, 5월 15일경 정상공급 예정하였음. 하지만, 공급처의 생산 지연으로 인해, 기존 공급정상예정일보다 약 1달 반 늦게 공급가능할 것으로 예상. (참고로, 아래 마지막 수입일인 2월 25일에 도착한 물량은 극히 소량인 관계로 , 2월 보고시에 공급정상화가 5월 15일경에 이뤄질 것으로 보고되었음)",국내에 대체가능의약품 Timoptic XE 0.25 및 XE 0.5% 제형이 시판 (2013년 4월 23일기준)되고 있으므로 환자들의 치료에 중대한 영향이 미치지 않을 것으로 사료됨.,2013년 7월 1 일 경부터 정상공급예정,2013-07-01,2013-04-23,0,199504274
2013-04-11,"에론바주사 150마이크로그램(코리폴리트로핀 알파, 유전자재조합)",한국엠에스디(유),2013-04-05,선적 지연,본 제품은 불임 여성에서 과배란 유도 초기에 다수의 난포를 발달시키기 위한 치료제로 daily FSH제제의 일주일 투여로 에론바의 투여를 대체할 수 있으므로 환자에게 끼치는 영향을 최소화 할 수 있을 것으로 생각됨,2013년 6월 1 일 경부터 정상공급예정,2013-06-01,2013-04-11,16,201100482
2013-04-04,보나링에이정(디멘히드리네이트),일양약품(주),2013-04-02,"보나링에이정의 기존 주성분 제조처로부터 원활한 원료 수급이 되지 않음으로 인하여, 새로운 원료 공급원 수배 및 추가로 인하여 일시적으로 공급이 부족하게 되었습니다.","보나링에이정은 수술 후 구역 구토, 방사선 숙취에 의한 구역 · 구토 · 어지러움, 멀미, 메니에르증후군에 사용하는 약제로서 유사한 효능 효과의 대체 의약품이 [별첨1]과 같이 있으므로 환자의 치료에 미치는 영향은 없습니다.","보나링에이정의 주성분 제조원 추가를 위한 변경을 2013년3월22일 [별첨2]와 같이 허가변경을 진행 중에 있으며, 변경 후 즉시 생산을 하여 공급을 재개할 예정입니다.",2013-04-30,2013-04-02,0,8806417005605
2013-04-02,보나링에이정(디멘히드리네이트),일양약품(주),2013-04-15,"보나링에이정의 기존 주성분 제조처로부터 원활한 원료 수급이 되지 않음으로 인하여 공급이 부족하게 되었으며, 새로원 제조원을 추가하는 동안 일시적으로 공급이 부족하게 되었습니다.","보나링에이정은 건강보험 약제급여목록 및 급여상한금액표에 퇴장방지의약품으로 등재되어 있으며, 현재 단독 등재 의약품입니다. 동일 제제가 없음으로 인하여 환자분들의 치료에 차질이 예상 됩니다.","4월1일에 마지막 공급을 하였으며, 신규 주성분 제조원 수배하여 2013년3월22일 제조원 추가 허가변경 접수를 완료 하였습니다. 해당 변경 완료 후 즉시 추가 생산을 하여 공급을 정상화 할 예정입니다. 보나링에이정 생산에 10일 정도 소요되는 바 2013년 4월18일까지 허가 변경 완료시 금월 이내 재공급이 가능 할 것으로 사료됩니다.",2013-04-18,2013-04-02,0,8806417005605
2013-04-01,녹십자-파이브리노겐주(건조사람피브리노겐),(주)녹십자,2013-03-20,"년간 2회 생산(약2,000병)하는 품목으로 재고를 거의 가져가고 있지않는 품목이나, 환자 치료에 사용되는 양이 생산 대비 수요가 2013년 1~2월중에 2배 급증되어 재고가 소진, 공급부족이 발생하였음.","본 제품은 외과처치, 선천성 저·무 피브리노겐혈증 등의 저피브리노겐혈증에 사용되며, 대체의약품이 전혀 없습니다. 다만 허가받은 적응증에만 사용될 경우 공급에 문제가 발생하지 않으므로 환자 치료에 영향을 미치는 경우는 없었고, 간혹 공급이 한두달정도 부족하였을 경우라도 환자치료에 문제는 없었음.",2013년 3월 27일 긴급히 생산을하여 자사시험을 거친 후 4월 17일 국가검정을 신청하여 6월초에 공급이 될수있도록 국가검정센터 혈액제제검정팀과 협의하여 최대한 빠른시일내 공급을 할 예정임.,2013-06-03,2013-03-20,0,8806436008212
2013-03-14,오베스틴질좌제(에스트리올),한국엠에스디(유),2013-03-07,선적 지연,"오베스틴의 대체의약품 (지노프로질정, 현대약품, 에스트리올 0.3mg 함유)이 있는 상태입니다. 따라서 환자 치료에 미치는 영향은 거의 없다라고 할 수 있습니다",2013년 6월 7일 경부터 정상공급예정,2013-06-07,2013-03-07,174,200009114
2013-02-18,프로디악스-23(폐렴구균백신),한국엠에스디(유),2013-01-28,국가검정 시험 완료일 지연,"2월에 유행했던 독감시즌에 PPV 접종을 요청했던 환자들에게 백신 접종 및PPV 백신 접종이 필요한 환자군 (i.e. 65세 이상 노인, 흡연자, 만성질환자 등)에게 백신 접종의 어려움",최대한 빠른 시일내에 정상화 시키도록 국검 식약청 선생님과 긴밀하게 협조를 구하겠습니다.,2013-03-05,2013-02-18,0,200009064
2013-02-13,티모프틱0.5%점안액(티몰롤말레산염),한국엠에스디(유),2013-02-15,시장수요 급증에 따른 공급부족,국내에 대체의약품 및 Timoptic XE 0.5제형이 시판되고 있으므로 환자들의 치료에 중대한 영향이 미치지 않을 것으로 사료됨,2013년 5월 15일 경부터 정상공급예정,2013-05-15,2013-02-13,18,199504275
2013-02-01,티모프틱엑스이0.25%점안액(말레인산티몰롤),한국엠에스디(유),2013-01-25,시장수요 급증에 따른 공급부족,국내에 대체의약품 및 Timoptic XE 0.5제형이 시판되고 있으므로 환자들의 치료에 중대한 영향이 미치지 않을 것으로 사료됨,2013년 5월 20일 경부터 정상공급예정,2013-05-20,2013-01-31,0,200109136
2013-02-01,카베닌제이주500밀리그램,제일약품(주),2013-02-01,"카베닌제이주는 폐사에서 수입하는 제품으로 보건복지부고시 “생산수입공급 중단 보고 대상 의약품” 제2조 3항에 따라 보고 대상에 해당되는 제품입니다. 이와 관련하여 폐사에서는 제품 수입 단가 상승에 따른 수익성악화로 2012.09.26자로 카베닌주0.5그램의 수입허가를 취하하고, 동일 제품인 제조허가인 파니프론주500밀리그램을 카베닌제이주로 제품명 변경을 진행하였습니다. 참고로 카베닌주0.5그램은 일본다이이찌산쿄를 통해 수입하는 제품이었으며, 카베닌제이주(구 파니프론주500밀리그램)은 국내제조허가로 보유하던 제품이나 카베닌주0.5그램을 수입하면서 국내에 판매되지 않았었습니다. 또한 제품명을 변경하는 동시에 도매상 및 병원에는 카베닌주의 판매중단을 알렸으며, Imipenem, Meropenem, Ertapenem, Doripenem 등으로 대체 조제를 요청하였습니다. 그리고 폐사에서는 카베닌제이주는 2013.01.02 발매 예정으로 제품 생산을 진행하여 수입제품을 자사제조품목으로 변경하려 하였습니다. 허나, 폐사의 사정에 의해 현재 제품의 생산이 지연되고 있습니다. 현재 카베닌주의 도매상 출고수량으로 공급부족 발생 예상일자를 추정하면 2013.02.01로 예상하며, 제품 발매 예상시기는 2013.04.01입니다. 이에 폐사에서는 카베닌제이주가 아닌 카베닌주의 거래도매상 재고량을 첨부하였습니다. 현재 2013.04.01까지 정상적인 출고를 위해 폐사에서 노력하고 있으니 선처하여주시기 바랍니다.","각 병원에 Imipenem, Meropenem, Ertapenem, Doripenem등 카바페넴계열로 대체조제를 요청하였습니다. 따라서 공급부족에 따른 문제는 발생되지 않을 것으로 보입니다.",공급부족 사유서 참조 요망,2013-04-01,2012-12-27,0,8806454019603
2013-01-31,에스트라시트캅셀140밀리그람(에스트라머스틴인산나트륨),한국화이자제약(주),2012-11-07,에스트라시트 캅셀은 현재 허가상 등록되어 있는 원료 제조원 (Pfizer Cork Ltd. Ireland) 의 공급부족으로 인하여 장기 품절이 예상되고 있습니다.,"에스트라시트(estramustine)는 치료일선에서 주로 Metastatic Castration Recurrent Prostatic Cancer 에서만 제한적으로 Doxetaxel 과 병용되어 사용되고 있습니다. 첨부하는 NCCN 2013 Prostate Cancer guideline에는 다양한 대체 치료법이 예시되어 있으니 참조하시기 바랍니다. 에스트라시트의 경우, 동일성분 대체제가 모두 생산/유통 중단되어 동일성분으로서 대체 약제는 없는 상황입니다. 하지만 전립선암의 항암화학요법에 사용될 수 있는 1군 항암제는 아래와 같이 다양한 regimen이 기준요법으로 사용되고 있습니다. 전문의의 판단에 따라 환자 상태에 따른 regimen 으로 대체 치료가 가능하실 수 있겠습니다. Reference) 암환자에게 처방？투여하는 약제에 대한 요양급여의 적용기준 및 방법에 관한 세부사항, 건강보험심사평가원, 2012-11-29, P65, 전립선암 부분 [1군 항암제 단독 또는 병용요법] 1. estramustine 2. mitoxantrone + prednisolone 3. goserelin + flutamide 4. mitoxantrone + vinorelbine 5. estramustine + vinblastine 6. cyclophosphamide + diethylstilbestrol + prednisolone 7. prednisolone + cyclophosphamide + estramustine 8. epirubicin + cyclophosphamide 9. estramustine + etoposide(PO) 10. mitoxantrone","공급정상화 추친계획: 기존 원료 제조원에서 수입하는 모든 나라가 공급에 어려움을 겪고 있는 상황이며 대안으로 찾은 새로운 원료제조원 (Excella GmbH, Germany)의 허가 또한 진행 중인 상황이라 제품의 공급 까지는 상당한 시일이 걸릴 것으로 예상하고 있습니다. 새로운 원료제조원 추가는 2013년 1월 21일 변경신청 되어 검토 중이며, 7월 경 검토 완료를 목표로 하고 있습니다. 신속한 검토 완료를 위해 최선의 노력을 다하겠습니다. 본 약제의 공급 부족으로 인한 환자들의 불편함을 최소화하고자, 내부 직원 및 도매상에 대하여 공급 부족 상황을 즉시 공고하였으며, 문의가 있는 병원 및 약국에 대해서는 성실히 답변하고 있습니다. 또한 치료의 정상화를 위해서 ㈜한국화이자제약은 최대한 빠른 시간 안에 공급을 정상화 하고자 노력을 하고 있습니다. 향후 계획: 2013년 2~3월경 소량의 제품(약 한 달 분)을 일시적으로나마 공급할 수 있을 것으로 예상하고 있으나, 새로운 원료 생산 처에서 해당 약제의 공급이 수입되어 완전히 제품이 원활이 공급될 수 있는 시점은 2013년 9월경으로 예상하고 있습니다.",2013-09-30,2013-01-22,8,8806489012518
2013-01-30,에락시스주100밀리그램(아니둘라펀진과당혼합물),한국화이자제약(주),2012-11-07,"공급 부족사유: 에스트라시트 캅셀은 현재 허가 상 등록되어 있는 원료 제조원 (Pfizer Cork Ltd, Ireland)의 공급부족으로 인하여 장기 품절이 예상되고 있습니다.","에스트라시트(estramustine)는 치료일선에서 주로 Metastatic Castration Recurrent Prostatic Cancer 에서만 제한적으로 Doxetaxel 과 병용되어 사용되고 있습니다. 첨부하는 NCCN 2013 Prostate Cancer guideline에는 다양한 대체 치료법이 예시되어 있으니 참조하시기 바랍니다. 에스트라시트의 경우, 동일성분 대체제가 모두 생산/유통 중단되어 동일성분으로서 대체 약제는 없는 상황입니다. 하지만 전립선암의 항암화학요법에 사용될 수 있는 1군 항암제는 아래와 같이 다양한 regimen이 기준요법으로 사용되고 있습니다. 전문의의 판단에 따라 환자 상태에 따른 regimen 으로 대체 치료가 가능하실 수 있겠습니다. Reference) 암환자에게 처방？투여하는 약제에 대한 요양급여의 적용기준 및 방법에 관한 세부사항, 건강보험심사평가원, 2012-11-29, P65, 전립선암 부분 [1군 항암제 단독 또는 병용요법] 1. estramustine 2. mitoxantrone + prednisolone 3. goserelin + flutamide 4. mitoxantrone + vinorelbine 5. estramustine + vinblastine 6. cyclophosphamide + diethylstilbestrol + prednisolone 7. prednisolone + cyclophosphamide + estramustine 8. epirubicin + cyclophosphamide 9. estramustine + etoposide(PO) 10. mitoxantrone","공급정상화 추친계획: 기존 원료 제조원에서 수입하는 모든 나라가 공급에 어려움을 겪고 있는 상황이며 대안으로 찾은 새로운 원료제조원 (Excella GmbH, Germany)의 허가 또한 진행 중인 상황이라 제품의 공급 까지는 상당한 시일이 걸릴 것으로 예상하고 있습니다. 새로운 원료제조원 추가는 2013년 1월 21일 변경신청 되어 검토 중이며, 7월 경 검토 완료를 목표로 하고 있습니다. 신속한 검토 완료를 위해 최선의 노력을 다하겠습니다. 본 약제의 공급 부족으로 인한 환자들의 불편함을 최소화하고자, 내부 직원 및 도매상에 대하여 공급 부족 상황을 즉시 공고하였으며, 문의가 있는 병원 및 약국에 대해서는 성실히 답변하고 있습니다. 또한 치료의 정상화를 위해서 ㈜한국화이자제약은 최대한 빠른 시간 안에 공급을 정상화 하고자 노력을 하고 있습니다. 향후 계획: 2013년 2~3월경 소량의 제품(약 한 달 분)을 일시적으로나마 공급할 수 있을 것으로 예상하고 있으나, 새로운 원료 생산 처에서 해당 약제의 공급이 수입되어 완전히 제품이 원활이 공급될 수 있는 시점은 2013년 9월경으로 예상하고 있습니다.",2013-09-30,2013-01-22,8,벼류8806489012518
2013-01-25,"유한카나마이신황산염주 (군납명:주사용카나마이신황산염1g, 수출명:칸시드주1g)",(주)유한양행,2013-01-15,원료 수급문제에 의한 공급 부족 발생,사유서 첨부,공급부족 보고서 첨부,2013-03-11,2013-01-15,0,197500136
2013-01-17,협진폴리엘가정(돼지비장가수분해분말),협진무약(주),2013-01-28,"본사(독일, HorFerVit Pharma)의 의약품 생산 일정 지연으로 국내 수입이 지연되어 1월 하반기부터 공급부족이 예상됩니다. (2월말~3월초 수입 및 공급 예정)",많지는 않지만 본 약제를 선호하는 환자와 처방하는 의사가 있어 일시적으로 공급 부족이 발생하겠습니다. 그러나 이 약의 유사 적응증이 있는 의약품이 있어 대체 가능하겠습니다.,독일 본사에서 공급이 이루어지는 즉시 수입하고 국내 자가품질검사를 신속처리하여 하루빨리 국내 공급이 원활히 되도록 추진하겠습니다.,2013-03-04,2013-01-17,100개,8806595003400
2012-12-07,하나염산페치딘주사,하나제약(주),2012-11-29,생산 준비 차질로 인하여 생산 및 공급 일정에 차질 발생(하나염산페치딘주사 0.5mL),"현재 동일 성분의 1mL 함량 제제가(총 6품목) 판매 중으로 대체가 가능하며, 또한 동일 함량 품목으로서 제일제약 ‘제일페티딘염산염주사액 0.5mL’가 판매 중으로 환자 치료에 미치는 영향은 미미할 것으로 판단됩니다.",2013. 2. 1. 공급 예정임,2013-02-01,2012-11-29,143갑,657802740
,화이자빈크리스틴황산염주1mg/mL,한국화이자제약(주),2017-11-01,제조원의 제품 생산 일정 지연으로 인하여 품절이 예상되고 있습니다. 폐사에서는 생산일정을 최대한 당겨보려 지속적으로 노력하고 있습니다.,"빈크리스틴 주는 급성백혈병 및 종양 치료를 위해 다른 항암제와 병용요법으로 쓰이는 항암 주사제로 2가지 함량(1mg, 2mg)을 가지고 있습니다. 동일성분/동일함량으로 국내에서 허가받은 대체제가 다수 있으므로 환자들에게 대체제를 처방해야 하는 불편함 외에는 환자에게 미치는 영향이 크지 않을 것으로 여겨집니다.","폐사는 공급정상화를 위해 제조원과 긴밀히 연락하여 최대한 노력하고 있습니다. 최대한 빠른 시간 안에 공급을 정상화하고자 노력하고 있으며, 1mg은 1월 초순, 2mg은 3월 초순부터 공급이 다시 가능할 것으로 사료됩니다.",2018-03-12,2017-12-15,0,8806489031120
,할시온정0.25밀리그램(트리아졸람),한국화이자제약(주),2018-01-24,허리케인(MARIA) 피해로 인하여 푸에르코리코 제조원의 제품 생산 일정 지연으로 품절이 예상되고 있습니다. 폐사에서는 생산일정을 최대한 당겨보려 지속적으로 노력하고 있습니다.,동일성분/동일함량으로 국내에서 허가받은 대체제가 명인제약과 환인제약에서 시판되고 있으므로 환자들에게 대체제를 처방해야 하는 불편함 외에는 환자에게 미치는 영향이 크지 않을 것으로 여겨집니다,폐사는 공급정상화를 위해 제조원과 긴밀히 연락하여 최대한 노력하고 있습니다. 현재로서 가능한 가장 빠른 일정은 2017년 12월에 생산된 제품이 2월 말부터 공급이 가능할 것으로 여겨집니다.,2018-02-28,2018-01-10,1057ea,200410868
,티모프틱엑스이0.5%점안액(말레인산티몰롤),한국엠에스디(유),2013-04-08,시장수요 급증에 따른 공급부족과 공급처의 생산지연,국내에 대체의약품 및 Timoptic XE 0.5제형이 시판되고 있으므로 환자들의 치료에 중대한 영향이 미치지 않을 것으로 사료됨,"기존 5월중순에 공급정상화가 예상되었으나, 공급처의 생산지연으로 인해 2013년 8월 15일 경부터 정상공급예정.",2013-05-03,2013-04-09,0,199504275
,온코타이스주(비씨지StrainTice),한국엠에스디(유),2013-09-25,생산처의 생산지연에 따른 공급부족,ㄴㅇㄹ,ㄴㅇㄹㄴ,2013-10-31,2013-09-25,0,8806558012107
,나이트로프레스주(니트로푸루시드나트륨),한국화이자제약(주),2018-03-06,제조원의 제품 생산 일정 지연으로 인하여 품절이 예상되고 있습니다. 폐사에서는 생산일정을 최대한 당겨보려 지속적으로 노력하고 있습니다.,"나이트로프레스주는 응급성 고혈압 (고혈압성 발증), 외과수술시 출혈감소를 위한 마취 중 혈압강하를 목적으로 사용되는 주사제입니다. 동일 성분에 대해서는 완전대체제(일부 경구제만 시판)가 없지만, 일부 타 성분 제제를 해당 약제의 대체제로 사용 가능할 것으로 사료됩니다. 1) Labetalol 성분 주사제 : 임신성고혈압을 포함한 응급성 고혈압, 급성심근경색에 의한 고혈압, 마취 시 혈압강하를 적응증으로 하는 약제로, 나이트로프레스주의 대체제로 사용될 수 있을 것으로 사료됩니다. 2) 완전 대체제는 아니지만, 긴급 상황 시 Esmolol, Nicardipine, Nitroglycerin, Nifedipine을 주성분으로 하는 제제들을 대체제로 고려할 수 있을 것으로 사료됩니다.",폐사는 공급정상화를 위해 제조원과 긴밀히 연락하여 최대한 노력하고 있습니다. 현재로서 가능한 가장 빠른 공급 재개 시점은 5월으로 사료됩니다.,2018-05-31,2018-03-06,0,8806489030413
,나노프릴정(리시노프릴수화물)(수출명: 리시노젬정),진양제약(주),2017-04-24,원료 제조사의 공급중단 (증빙서류: 원료공급 중단 관련 메일 첨부-2017년 3월 28일 수령),현대제스트릴정10밀리그램(리시노프릴)의 지속적인 공급으로 영향이 없음으로 사료됨,원료 제공이 가능한 제조원을 수배하여 2017년 9월까지 공급 재개 목표 여의치 않은 경우 2017년 6월까지 공급중단보고 예정,2017-09-30,2017-03-28,91500T,06503007
